  0
SECTION
  2
HEADER
  9
$ANGBASE
  50
0.0
  9
$ANGDIR
  70
1
  9
$MEASUREMENT
  70
0
  9
$INSUNITS
  70
1
  0
ENDSEC
  0
SECTION
  2
TABLES
  0
TABLE
  2
LTYPE
  70
4
  0
LTYPE
  5
40F
  2
CONTINUOUS
  70
0
  3
Solid line
  72
65
  73
0
  40
0.0
  0
LTYPE
  5
410
  2
DASHDOT
 70
0
  3
Dash Dot ____ _ ____ _
 72
65
 73
4
 40
2.0
 49
1.25
 49
-0.25
 49
0.25
 49
-0.25
  0
LTYPE
  5
411
  2
DASHED
 70
0
  3
Dashed __ __ __ __ __
 72
65
 73
2
 40
0.75
 49
0.5
 49
-0.25
  0
LTYPE
  5
43B
  2
DOTTED
 70
0
  3
Dotted .  .  .  .
 72
65
 73
2
 40
0.2
 49
0.0
 49
-0.2
  0
ENDTAB
  0
TABLE
  2
STYLE
  70
4
  0
STYLE
  2
KICAD
  70
0
  40
0
  41
1
  42
1
  50
0
  71
0
  3
isocp.shx
  0
STYLE
  2
KICADB
  70
0
  40
0
  41
1
  42
1
  50
0
  71
0
  3
isocp.shx
  0
STYLE
  2
KICADI
  70
0
  40
0
  41
1
  42
1
  50
15
  71
0
  3
isocp.shx
  0
STYLE
  2
KICADBI
  70
0
  40
0
  41
1
  42
1
  50
15
  71
0
  3
isocp.shx
  0
ENDTAB
  0
TABLE
  2
LAYER
  70
2
  0
LAYER
  2
F.Silkscreen
  70
0
  62
41
  420
15920545
  6
CONTINUOUS
  0
LAYER
  2
Edge.Cuts
  70
0
  62
254
  420
13685453
  6
CONTINUOUS
  0
ENDTAB
  0
ENDSEC
  0
SECTION
  2
ENTITIES
0
LINE
8
F.Silkscreen
6
CONTINUOUS
10
4.4540604724409452
20
-5.241488346456693
11
4.455418267716535
21
-5.2428461417322829
0
LINE
8
F.Silkscreen
6
CONTINUOUS
10
4.455418267716535
20
-5.2428461417322829
11
4.4561530708661419
21
-5.2446201574803144
0
LINE
8
F.Silkscreen
6
CONTINUOUS
10
4.4561530708661419
20
-5.2446201574803144
11
4.4562476377952756
21
-5.245580236220472
0
LINE
8
F.Silkscreen
6
CONTINUOUS
10
4.4562476377952756
20
-5.245580236220472
11
4.4562476377952756
21
-5.308160472440945
0
LINE
8
F.Silkscreen
6
CONTINUOUS
10
4.4562476377952756
20
-5.308160472440945
11
4.4591204724409446
21
-5.313906141732283
0
LINE
8
F.Silkscreen
6
CONTINUOUS
10
4.4591204724409446
20
-5.313906141732283
11
4.4617406299212599
21
-5.3165263385826771
0
LINE
8
F.Silkscreen
6
CONTINUOUS
10
4.4617406299212599
20
-5.3165263385826771
11
4.4674862204724413
21
-5.3193991338582673
0
LINE
8
F.Silkscreen
6
CONTINUOUS
10
4.4674862204724413
20
-5.3193991338582673
11
4.480160905511811
21
-5.3193991338582673
0
LINE
8
F.Silkscreen
6
CONTINUOUS
10
4.480160905511811
20
-5.3193991338582673
11
4.4859064960629924
21
-5.3165262992125983
0
LINE
8
F.Silkscreen
6
CONTINUOUS
10
4.4859064960629924
20
-5.3165262992125983
11
4.4885266535433068
21
-5.3139061023622043
0
LINE
8
F.Silkscreen
6
CONTINUOUS
10
4.4885266535433068
20
-5.3139061023622043
11
4.4913994881889767
21
-5.3081605118110238
0
LINE
8
F.Silkscreen
6
CONTINUOUS
10
4.4913994881889767
20
-5.3081605118110238
11
4.4913994881889767
21
-5.245580236220472
0
LINE
8
F.Silkscreen
6
CONTINUOUS
10
4.4913994881889767
20
-5.245580236220472
11
4.4914940551181104
21
-5.2446201574803144
0
LINE
8
F.Silkscreen
6
CONTINUOUS
10
4.4914940551181104
20
-5.2446201574803144
11
4.4922288582677163
21
-5.2428461417322829
0
LINE
8
F.Silkscreen
6
CONTINUOUS
10
4.4922288582677163
20
-5.2428461417322829
11
4.4935866535433071
21
-5.241488346456693
0
LINE
8
F.Silkscreen
6
CONTINUOUS
10
4.4935866535433071
20
-5.241488346456693
11
4.4953606692913386
21
-5.2407535433070862
0
LINE
8
F.Silkscreen
6
CONTINUOUS
10
4.4953606692913386
20
-5.2407535433070862
11
4.4972808267716538
21
-5.2407535433070862
0
LINE
8
F.Silkscreen
6
CONTINUOUS
10
4.4972808267716538
20
-5.2407535433070862
11
4.4990548425196852
21
-5.241488346456693
0
LINE
8
F.Silkscreen
6
CONTINUOUS
10
4.4990548425196852
20
-5.241488346456693
11
4.5004126377952751
21
-5.2428461417322829
0
LINE
8
F.Silkscreen
6
CONTINUOUS
10
4.5004126377952751
20
-5.2428461417322829
11
4.501147440944882
21
-5.2446201574803144
0
LINE
8
F.Silkscreen
6
CONTINUOUS
10
4.501147440944882
20
-5.2446201574803144
11
4.5012420078740156
21
-5.245580236220472
0
LINE
8
F.Silkscreen
6
CONTINUOUS
10
4.5012420078740156
20
-5.245580236220472
11
4.5012420078740156
21
-5.3093222440944885
0
LINE
8
F.Silkscreen
6
CONTINUOUS
10
4.5012420078740156
20
-5.3093222440944885
11
4.501147440944882
21
-5.3102823228346452
0
LINE
8
F.Silkscreen
6
CONTINUOUS
10
4.501147440944882
20
-5.3102823228346452
11
4.5010797637795275
21
-5.3104456299212597
0
LINE
8
F.Silkscreen
6
CONTINUOUS
10
4.5010797637795275
20
-5.3104456299212597
11
4.5010672440944877
21
-5.3106220866141731
0
LINE
8
F.Silkscreen
6
CONTINUOUS
10
4.5010672440944877
20
-5.3106220866141731
11
4.5007224803149608
21
-5.3115230708661416
0
LINE
8
F.Silkscreen
6
CONTINUOUS
10
4.5007224803149608
20
-5.3115230708661416
11
4.4969729133858269
21
-5.3190221653543306
0
LINE
8
F.Silkscreen
6
CONTINUOUS
10
4.4969729133858269
20
-5.3190221653543306
11
4.4967128740157483
21
-5.319435236220472
0
LINE
8
F.Silkscreen
6
CONTINUOUS
10
4.4967128740157483
20
-5.319435236220472
11
4.49666311023622
21
-5.3195553937007869
0
LINE
8
F.Silkscreen
6
CONTINUOUS
10
4.49666311023622
20
-5.3195553937007869
11
4.4965520472440943
21
-5.3196906692913384
0
LINE
8
F.Silkscreen
6
CONTINUOUS
10
4.4965520472440943
20
-5.3196906692913384
11
4.4964589763779523
21
-5.319838582677165
0
LINE
8
F.Silkscreen
6
CONTINUOUS
10
4.4964589763779523
20
-5.319838582677165
11
4.4963608661417318
21
-5.3199236220472441
0
LINE
8
F.Silkscreen
6
CONTINUOUS
10
4.4963608661417318
20
-5.3199236220472441
11
4.4960511023622045
21
-5.3203011417322834
0
LINE
8
F.Silkscreen
6
CONTINUOUS
10
4.4960511023622045
20
-5.3203011417322834
11
4.4923015748031494
21
-5.3240507086614173
0
LINE
8
F.Silkscreen
6
CONTINUOUS
10
4.4923015748031494
20
-5.3240507086614173
11
4.4919240551181101
21
-5.3243605118110233
0
LINE
8
F.Silkscreen
6
CONTINUOUS
10
4.4919240551181101
20
-5.3243605118110233
11
4.4918389763779523
21
-5.3244586220472438
0
LINE
8
F.Silkscreen
6
CONTINUOUS
10
4.4918389763779523
20
-5.3244586220472438
11
4.4916910236220469
21
-5.3245517322834646
0
LINE
8
F.Silkscreen
6
CONTINUOUS
10
4.4916910236220469
20
-5.3245517322834646
11
4.4915558267716538
21
-5.3246627165354328
0
LINE
8
F.Silkscreen
6
CONTINUOUS
10
4.4915558267716538
20
-5.3246627165354328
11
4.4914357086614176
21
-5.3247124409448814
0
LINE
8
F.Silkscreen
6
CONTINUOUS
10
4.4914357086614176
20
-5.3247124409448814
11
4.4910225590551178
21
-5.3249725590551176
0
LINE
8
F.Silkscreen
6
CONTINUOUS
10
4.4910225590551178
20
-5.3249725590551176
11
4.4835235039370076
21
-5.3287220866141727
0
LINE
8
F.Silkscreen
6
CONTINUOUS
10
4.4835235039370076
20
-5.3287220866141727
11
4.4826224803149604
21
-5.3290668897637792
0
LINE
8
F.Silkscreen
6
CONTINUOUS
10
4.4826224803149604
20
-5.3290668897637792
11
4.4824460236220469
21
-5.329079409448819
0
LINE
8
F.Silkscreen
6
CONTINUOUS
10
4.4824460236220469
20
-5.329079409448819
11
4.4822827165354333
21
-5.3291470866141735
0
LINE
8
F.Silkscreen
6
CONTINUOUS
10
4.4822827165354333
20
-5.3291470866141735
11
4.4813226377952757
21
-5.3292416535433071
0
LINE
8
F.Silkscreen
6
CONTINUOUS
10
4.4813226377952757
20
-5.3292416535433071
11
4.4663244881889765
21
-5.3292416535433071
0
LINE
8
F.Silkscreen
6
CONTINUOUS
10
4.4663244881889765
20
-5.3292416535433071
11
4.465364409448819
21
-5.3291470866141735
0
LINE
8
F.Silkscreen
6
CONTINUOUS
10
4.465364409448819
20
-5.3291470866141735
11
4.4652010629921257
21
-5.329079409448819
0
LINE
8
F.Silkscreen
6
CONTINUOUS
10
4.4652010629921257
20
-5.329079409448819
11
4.465024645669291
21
-5.3290668897637792
0
LINE
8
F.Silkscreen
6
CONTINUOUS
10
4.465024645669291
20
-5.3290668897637792
11
4.4641236614173225
21
-5.3287221259842514
0
LINE
8
F.Silkscreen
6
CONTINUOUS
10
4.4641236614173225
20
-5.3287221259842514
11
4.4566245669291336
21
-5.3249725590551176
0
LINE
8
F.Silkscreen
6
CONTINUOUS
10
4.4566245669291336
20
-5.3249725590551176
11
4.4562113779527559
21
-5.3247124409448814
0
LINE
8
F.Silkscreen
6
CONTINUOUS
10
4.4562113779527559
20
-5.3247124409448814
11
4.4560912992125985
21
-5.3246627165354328
0
LINE
8
F.Silkscreen
6
CONTINUOUS
10
4.4560912992125985
20
-5.3246627165354328
11
4.4559560629921258
21
-5.3245517322834646
0
LINE
8
F.Silkscreen
6
CONTINUOUS
10
4.4559560629921258
20
-5.3245517322834646
11
4.4558081496062991
21
-5.3244586220472438
0
LINE
8
F.Silkscreen
6
CONTINUOUS
10
4.4558081496062991
20
-5.3244586220472438
11
4.4557230314960625
21
-5.3243605118110233
0
LINE
8
F.Silkscreen
6
CONTINUOUS
10
4.4557230314960625
20
-5.3243605118110233
11
4.455345551181102
21
-5.3240507086614173
0
LINE
8
F.Silkscreen
6
CONTINUOUS
10
4.455345551181102
20
-5.3240507086614173
11
4.4515960236220469
21
-5.3203011417322834
0
LINE
8
F.Silkscreen
6
CONTINUOUS
10
4.4515960236220469
20
-5.3203011417322834
11
4.4512862204724408
21
-5.3199236220472441
0
LINE
8
F.Silkscreen
6
CONTINUOUS
10
4.4512862204724408
20
-5.3199236220472441
11
4.451188149606299
21
-5.319838582677165
0
LINE
8
F.Silkscreen
6
CONTINUOUS
10
4.451188149606299
20
-5.319838582677165
11
4.4510950393700783
21
-5.3196906692913384
0
LINE
8
F.Silkscreen
6
CONTINUOUS
10
4.4510950393700783
20
-5.3196906692913384
11
4.4509840157480314
21
-5.3195553937007869
0
LINE
8
F.Silkscreen
6
CONTINUOUS
10
4.4509840157480314
20
-5.3195553937007869
11
4.450934251968504
21
-5.319435236220472
0
LINE
8
F.Silkscreen
6
CONTINUOUS
10
4.450934251968504
20
-5.319435236220472
11
4.4506742125984253
21
-5.3190221653543306
0
LINE
8
F.Silkscreen
6
CONTINUOUS
10
4.4506742125984253
20
-5.3190221653543306
11
4.4469246850393702
21
-5.3115231102362204
0
LINE
8
F.Silkscreen
6
CONTINUOUS
10
4.4469246850393702
20
-5.3115231102362204
11
4.4465798818897637
21
-5.3106220866141731
0
LINE
8
F.Silkscreen
6
CONTINUOUS
10
4.4465798818897637
20
-5.3106220866141731
11
4.4465673228346452
21
-5.3104456299212597
0
LINE
8
F.Silkscreen
6
CONTINUOUS
10
4.4465673228346452
20
-5.3104456299212597
11
4.4464996850393703
21
-5.3102823228346452
0
LINE
8
F.Silkscreen
6
CONTINUOUS
10
4.4464996850393703
20
-5.3102823228346452
11
4.4464051181102358
21
-5.3093222440944885
0
LINE
8
F.Silkscreen
6
CONTINUOUS
10
4.4464051181102358
20
-5.3093222440944885
11
4.4464051181102358
21
-5.245580236220472
0
LINE
8
F.Silkscreen
6
CONTINUOUS
10
4.4464051181102358
20
-5.245580236220472
11
4.4464996850393703
21
-5.2446201574803144
0
LINE
8
F.Silkscreen
6
CONTINUOUS
10
4.4464996850393703
20
-5.2446201574803144
11
4.4472344881889763
21
-5.2428461417322829
0
LINE
8
F.Silkscreen
6
CONTINUOUS
10
4.4472344881889763
20
-5.2428461417322829
11
4.448592283464567
21
-5.241488346456693
0
LINE
8
F.Silkscreen
6
CONTINUOUS
10
4.448592283464567
20
-5.241488346456693
11
4.4503662992125985
21
-5.2407535433070862
0
LINE
8
F.Silkscreen
6
CONTINUOUS
10
4.4503662992125985
20
-5.2407535433070862
11
4.4522864566929137
21
-5.2407535433070862
0
LINE
8
F.Silkscreen
6
CONTINUOUS
10
4.4522864566929137
20
-5.2407535433070862
11
4.4540604724409452
21
-5.241488346456693
0
LINE
8
F.Silkscreen
6
CONTINUOUS
10
4.5642982677165351
20
-5.2407068110236219
11
4.5644278346456693
21
-5.2406976377952752
0
LINE
8
F.Silkscreen
6
CONTINUOUS
10
4.5644278346456693
20
-5.2406976377952752
11
4.5645982677165353
21
-5.2407363779527554
0
LINE
8
F.Silkscreen
6
CONTINUOUS
10
4.5645982677165353
20
-5.2407363779527554
11
4.5647724015748032
21
-5.2407535433070862
0
LINE
8
F.Silkscreen
6
CONTINUOUS
10
4.5647724015748032
20
-5.2407535433070862
11
4.5648925196850394
21
-5.2408032677165357
0
LINE
8
F.Silkscreen
6
CONTINUOUS
10
4.5648925196850394
20
-5.2408032677165357
11
4.5653685433070867
21
-5.2409115354330709
0
LINE
8
F.Silkscreen
6
CONTINUOUS
10
4.5653685433070867
20
-5.2409115354330709
11
4.5766171259842521
21
-5.244661062992126
0
LINE
8
F.Silkscreen
6
CONTINUOUS
10
4.5766171259842521
20
-5.244661062992126
11
4.5774980314960629
21
-5.2450543700787398
0
LINE
8
F.Silkscreen
6
CONTINUOUS
10
4.5774980314960629
20
-5.2450543700787398
11
4.5789486614173232
21
-5.246312440944882
0
LINE
8
F.Silkscreen
6
CONTINUOUS
10
4.5789486614173232
20
-5.246312440944882
11
4.5798074015748034
21
-5.2480299606299212
0
LINE
8
F.Silkscreen
6
CONTINUOUS
10
4.5798074015748034
20
-5.2480299606299212
11
4.5799435039370078
21
-5.2499452755905507
0
LINE
8
F.Silkscreen
6
CONTINUOUS
10
4.5799435039370078
20
-5.2499452755905507
11
4.5793362992125983
21
-5.251766889763779
0
LINE
8
F.Silkscreen
6
CONTINUOUS
10
4.5793362992125983
20
-5.251766889763779
11
4.5780782283464569
21
-5.2532175196850392
0
LINE
8
F.Silkscreen
6
CONTINUOUS
10
4.5780782283464569
20
-5.2532175196850392
11
4.5763607086614169
21
-5.2540762598425195
0
LINE
8
F.Silkscreen
6
CONTINUOUS
10
4.5763607086614169
20
-5.2540762598425195
11
4.5744453937007874
21
-5.2542123622047239
0
LINE
8
F.Silkscreen
6
CONTINUOUS
10
4.5744453937007874
20
-5.2542123622047239
11
4.5735046850393699
21
-5.2539984645669291
0
LINE
8
F.Silkscreen
6
CONTINUOUS
10
4.5735046850393699
20
-5.2539984645669291
11
4.5630137795275587
21
-5.2505014960629923
0
LINE
8
F.Silkscreen
6
CONTINUOUS
10
4.5630137795275587
20
-5.2505014960629923
11
4.5462263779527561
21
-5.2505014960629923
0
LINE
8
F.Silkscreen
6
CONTINUOUS
10
4.5462263779527561
20
-5.2505014960629923
11
4.5404807086614172
21
-5.2533743307086613
0
LINE
8
F.Silkscreen
6
CONTINUOUS
10
4.5404807086614172
20
-5.2533743307086613
11
4.5378606299212594
21
-5.2559943700787404
0
LINE
8
F.Silkscreen
6
CONTINUOUS
10
4.5378606299212594
20
-5.2559943700787404
11
4.5349877952755904
21
-5.2617400787401571
0
LINE
8
F.Silkscreen
6
CONTINUOUS
10
4.5349877952755904
20
-5.2617400787401571
11
4.5349877952755904
21
-5.2669156299212601
0
LINE
8
F.Silkscreen
6
CONTINUOUS
10
4.5349877952755904
20
-5.2669156299212601
11
4.5378606299212594
21
-5.2726613385826768
0
LINE
8
F.Silkscreen
6
CONTINUOUS
10
4.5378606299212594
20
-5.2726613385826768
11
4.5404807086614172
21
-5.2752814173228346
0
LINE
8
F.Silkscreen
6
CONTINUOUS
10
4.5404807086614172
20
-5.2752814173228346
11
4.5467822440944881
21
-5.2784322047244094
0
LINE
8
F.Silkscreen
6
CONTINUOUS
10
4.5467822440944881
20
-5.2784322047244094
11
4.5612563779527555
21
-5.2820507480314962
0
LINE
8
F.Silkscreen
6
CONTINUOUS
10
4.5612563779527555
20
-5.2820507480314962
11
4.5613272047244093
21
-5.2820760629921262
0
LINE
8
F.Silkscreen
6
CONTINUOUS
10
4.5613272047244093
20
-5.2820760629921262
11
4.5613626377952752
21
-5.2820785826771655
0
LINE
8
F.Silkscreen
6
CONTINUOUS
10
4.5613626377952752
20
-5.2820785826771655
11
4.5617620866141735
21
-5.2822314173228344
0
LINE
8
F.Silkscreen
6
CONTINUOUS
10
4.5617620866141735
20
-5.2822314173228344
11
4.5621648425196852
21
-5.2823753543307088
0
LINE
8
F.Silkscreen
6
CONTINUOUS
10
4.5621648425196852
20
-5.2823753543307088
11
4.5621933464566924
21
-5.2823964566929131
0
LINE
8
F.Silkscreen
6
CONTINUOUS
10
4.5621933464566924
20
-5.2823964566929131
11
4.5622636614173224
21
-5.282423385826772
0
LINE
8
F.Silkscreen
6
CONTINUOUS
10
4.5622636614173224
20
-5.282423385826772
11
4.5697627165354326
21
-5.2861729133858271
0
LINE
8
F.Silkscreen
6
CONTINUOUS
10
4.5697627165354326
20
-5.2861729133858271
11
4.5701759448818899
21
-5.2864330314960633
0
LINE
8
F.Silkscreen
6
CONTINUOUS
10
4.5701759448818899
20
-5.2864330314960633
11
4.5702959448818898
21
-5.2864827559055119
0
LINE
8
F.Silkscreen
6
CONTINUOUS
10
4.5702959448818898
20
-5.2864827559055119
11
4.5704310236220476
21
-5.2865936220472438
0
LINE
8
F.Silkscreen
6
CONTINUOUS
10
4.5704310236220476
20
-5.2865936220472438
11
4.570579133858268
21
-5.2866868503937008
0
LINE
8
F.Silkscreen
6
CONTINUOUS
10
4.570579133858268
20
-5.2866868503937008
11
4.5706642913385824
21
-5.2867850393700788
0
LINE
8
F.Silkscreen
6
CONTINUOUS
10
4.5706642913385824
20
-5.2867850393700788
11
4.5710416929133855
21
-5.2870947637795274
0
LINE
8
F.Silkscreen
6
CONTINUOUS
10
4.5710416929133855
20
-5.2870947637795274
11
4.5747912204724406
21
-5.2908442913385825
0
LINE
8
F.Silkscreen
6
CONTINUOUS
10
4.5747912204724406
20
-5.2908442913385825
11
4.5751009055118113
21
-5.2912216535433068
0
LINE
8
F.Silkscreen
6
CONTINUOUS
10
4.5751009055118113
20
-5.2912216535433068
11
4.575199133858268
21
-5.2913068503937009
0
LINE
8
F.Silkscreen
6
CONTINUOUS
10
4.575199133858268
20
-5.2913068503937009
11
4.5752923228346454
21
-5.2914549212598425
0
LINE
8
F.Silkscreen
6
CONTINUOUS
10
4.5752923228346454
20
-5.2914549212598425
11
4.575403228346457
21
-5.291590039370079
0
LINE
8
F.Silkscreen
6
CONTINUOUS
10
4.575403228346457
20
-5.291590039370079
11
4.5754529133858268
21
-5.2917100000000001
0
LINE
8
F.Silkscreen
6
CONTINUOUS
10
4.5754529133858268
20
-5.2917100000000001
11
4.5757130708661418
21
-5.2921232677165353
0
LINE
8
F.Silkscreen
6
CONTINUOUS
10
4.5757130708661418
20
-5.2921232677165353
11
4.5794626377952756
21
-5.2996223622047243
0
LINE
8
F.Silkscreen
6
CONTINUOUS
10
4.5794626377952756
20
-5.2996223622047243
11
4.5798074015748034
21
-5.3005233464566928
0
LINE
8
F.Silkscreen
6
CONTINUOUS
10
4.5798074015748034
20
-5.3005233464566928
11
4.5798199212598423
21
-5.3006997637795275
0
LINE
8
F.Silkscreen
6
CONTINUOUS
10
4.5798199212598423
20
-5.3006997637795275
11
4.5798875984251968
21
-5.3008631102362207
0
LINE
8
F.Silkscreen
6
CONTINUOUS
10
4.5798875984251968
20
-5.3008631102362207
11
4.5799821653543304
21
-5.3018231889763783
0
LINE
8
F.Silkscreen
6
CONTINUOUS
10
4.5799821653543304
20
-5.3018231889763783
11
4.5799821653543304
21
-5.3093222440944885
0
LINE
8
F.Silkscreen
6
CONTINUOUS
10
4.5799821653543304
20
-5.3093222440944885
11
4.5798875984251968
21
-5.3102823228346452
0
LINE
8
F.Silkscreen
6
CONTINUOUS
10
4.5798875984251968
20
-5.3102823228346452
11
4.5798199212598423
21
-5.3104456299212597
0
LINE
8
F.Silkscreen
6
CONTINUOUS
10
4.5798199212598423
20
-5.3104456299212597
11
4.5798074015748034
21
-5.3106220866141731
0
LINE
8
F.Silkscreen
6
CONTINUOUS
10
4.5798074015748034
20
-5.3106220866141731
11
4.5794626377952756
21
-5.3115230708661416
0
LINE
8
F.Silkscreen
6
CONTINUOUS
10
4.5794626377952756
20
-5.3115230708661416
11
4.5757130708661418
21
-5.3190221653543306
0
LINE
8
F.Silkscreen
6
CONTINUOUS
10
4.5757130708661418
20
-5.3190221653543306
11
4.5754530314960631
21
-5.319435236220472
0
LINE
8
F.Silkscreen
6
CONTINUOUS
10
4.5754530314960631
20
-5.319435236220472
11
4.5754032677165357
21
-5.3195553937007869
0
LINE
8
F.Silkscreen
6
CONTINUOUS
10
4.5754032677165357
20
-5.3195553937007869
11
4.5752922047244091
21
-5.3196906692913384
0
LINE
8
F.Silkscreen
6
CONTINUOUS
10
4.5752922047244091
20
-5.3196906692913384
11
4.575199133858268
21
-5.319838582677165
0
LINE
8
F.Silkscreen
6
CONTINUOUS
10
4.575199133858268
20
-5.319838582677165
11
4.5751010236220475
21
-5.3199236220472441
0
LINE
8
F.Silkscreen
6
CONTINUOUS
10
4.5751010236220475
20
-5.3199236220472441
11
4.5747912598425193
21
-5.3203011417322834
0
LINE
8
F.Silkscreen
6
CONTINUOUS
10
4.5747912598425193
20
-5.3203011417322834
11
4.5710417322834642
21
-5.3240507086614173
0
LINE
8
F.Silkscreen
6
CONTINUOUS
10
4.5710417322834642
20
-5.3240507086614173
11
4.5706642125984249
21
-5.3243605118110233
0
LINE
8
F.Silkscreen
6
CONTINUOUS
10
4.5706642125984249
20
-5.3243605118110233
11
4.570579133858268
21
-5.3244586220472438
0
LINE
8
F.Silkscreen
6
CONTINUOUS
10
4.570579133858268
20
-5.3244586220472438
11
4.5704311811023617
21
-5.3245517322834646
0
LINE
8
F.Silkscreen
6
CONTINUOUS
10
4.5704311811023617
20
-5.3245517322834646
11
4.5702959842519686
21
-5.3246627165354328
0
LINE
8
F.Silkscreen
6
CONTINUOUS
10
4.5702959842519686
20
-5.3246627165354328
11
4.5701758661417324
21
-5.3247124409448814
0
LINE
8
F.Silkscreen
6
CONTINUOUS
10
4.5701758661417324
20
-5.3247124409448814
11
4.5697627165354326
21
-5.3249725590551176
0
LINE
8
F.Silkscreen
6
CONTINUOUS
10
4.5697627165354326
20
-5.3249725590551176
11
4.5622636614173224
21
-5.3287220866141727
0
LINE
8
F.Silkscreen
6
CONTINUOUS
10
4.5622636614173224
20
-5.3287220866141727
11
4.5613626377952752
21
-5.3290668897637792
0
LINE
8
F.Silkscreen
6
CONTINUOUS
10
4.5613626377952752
20
-5.3290668897637792
11
4.5611861811023617
21
-5.329079409448819
0
LINE
8
F.Silkscreen
6
CONTINUOUS
10
4.5611861811023617
20
-5.329079409448819
11
4.5610228740157481
21
-5.3291470866141735
0
LINE
8
F.Silkscreen
6
CONTINUOUS
10
4.5610228740157481
20
-5.3291470866141735
11
4.5600627952755906
21
-5.3292416535433071
0
LINE
8
F.Silkscreen
6
CONTINUOUS
10
4.5600627952755906
20
-5.3292416535433071
11
4.5413151181102362
21
-5.3292416535433071
0
LINE
8
F.Silkscreen
6
CONTINUOUS
10
4.5413151181102362
20
-5.3292416535433071
11
4.540829133858268
21
-5.329193779527559
0
LINE
8
F.Silkscreen
6
CONTINUOUS
10
4.540829133858268
20
-5.329193779527559
11
4.5406996062992127
21
-5.3292029921259845
0
LINE
8
F.Silkscreen
6
CONTINUOUS
10
4.5406996062992127
20
-5.3292029921259845
11
4.5405291338582678
21
-5.3291642125984247
0
LINE
8
F.Silkscreen
6
CONTINUOUS
10
4.5405291338582678
20
-5.3291642125984247
11
4.5403550393700787
21
-5.3291470866141735
0
LINE
8
F.Silkscreen
6
CONTINUOUS
10
4.5403550393700787
20
-5.3291470866141735
11
4.5402348818897638
21
-5.3290973228346452
0
LINE
8
F.Silkscreen
6
CONTINUOUS
10
4.5402348818897638
20
-5.3290973228346452
11
4.5397588976377952
21
-5.3289890944881888
0
LINE
8
F.Silkscreen
6
CONTINUOUS
10
4.5397588976377952
20
-5.3289890944881888
11
4.5285103149606298
21
-5.3252395669291337
0
LINE
8
F.Silkscreen
6
CONTINUOUS
10
4.5285103149606298
20
-5.3252395669291337
11
4.527629409448819
21
-5.3248462598425199
0
LINE
8
F.Silkscreen
6
CONTINUOUS
10
4.527629409448819
20
-5.3248462598425199
11
4.5261787795275588
21
-5.3235881889763776
0
LINE
8
F.Silkscreen
6
CONTINUOUS
10
4.5261787795275588
20
-5.3235881889763776
11
4.5253200393700785
21
-5.3218706692913385
0
LINE
8
F.Silkscreen
6
CONTINUOUS
10
4.5253200393700785
20
-5.3218706692913385
11
4.5251839370078741
21
-5.3199553543307081
0
LINE
8
F.Silkscreen
6
CONTINUOUS
10
4.5251839370078741
20
-5.3199553543307081
11
4.5257911417322836
21
-5.3181337401574806
0
LINE
8
F.Silkscreen
6
CONTINUOUS
10
4.5257911417322836
20
-5.3181337401574806
11
4.527049212598425
21
-5.3166831102362204
0
LINE
8
F.Silkscreen
6
CONTINUOUS
10
4.527049212598425
20
-5.3166831102362204
11
4.5287667322834642
21
-5.3158243700787402
0
LINE
8
F.Silkscreen
6
CONTINUOUS
10
4.5287667322834642
20
-5.3158243700787402
11
4.5306820472440945
21
-5.3156882677165349
0
LINE
8
F.Silkscreen
6
CONTINUOUS
10
4.5306820472440945
20
-5.3156882677165349
11
4.531622755905512
21
-5.3159021653543306
0
LINE
8
F.Silkscreen
6
CONTINUOUS
10
4.531622755905512
20
-5.3159021653543306
11
4.5421136614173223
21
-5.3193991338582673
0
LINE
8
F.Silkscreen
6
CONTINUOUS
10
4.5421136614173223
20
-5.3193991338582673
11
4.5589010629921258
21
-5.3193991338582673
0
LINE
8
F.Silkscreen
6
CONTINUOUS
10
4.5589010629921258
20
-5.3193991338582673
11
4.5646466535433072
21
-5.3165262992125983
0
LINE
8
F.Silkscreen
6
CONTINUOUS
10
4.5646466535433072
20
-5.3165262992125983
11
4.5672668110236216
21
-5.3139061023622043
0
LINE
8
F.Silkscreen
6
CONTINUOUS
10
4.5672668110236216
20
-5.3139061023622043
11
4.5701396456692915
21
-5.3081605118110238
0
LINE
8
F.Silkscreen
6
CONTINUOUS
10
4.5701396456692915
20
-5.3081605118110238
11
4.5701396456692915
21
-5.3029849212598421
0
LINE
8
F.Silkscreen
6
CONTINUOUS
10
4.5701396456692915
20
-5.3029849212598421
11
4.5672668110236216
21
-5.2972392519685041
0
LINE
8
F.Silkscreen
6
CONTINUOUS
10
4.5672668110236216
20
-5.2972392519685041
11
4.5646467322834647
21
-5.2946191732283463
0
LINE
8
F.Silkscreen
6
CONTINUOUS
10
4.5646467322834647
20
-5.2946191732283463
11
4.5583451574803151
21
-5.2914683858267715
0
LINE
8
F.Silkscreen
6
CONTINUOUS
10
4.5583451574803151
20
-5.2914683858267715
11
4.5438710629921255
21
-5.2878498818897635
0
LINE
8
F.Silkscreen
6
CONTINUOUS
10
4.5438710629921255
20
-5.2878498818897635
11
4.5438001968503938
21
-5.2878245669291335
0
LINE
8
F.Silkscreen
6
CONTINUOUS
10
4.5438001968503938
20
-5.2878245669291335
11
4.5437647637795271
21
-5.2878220472440942
0
LINE
8
F.Silkscreen
6
CONTINUOUS
10
4.5437647637795271
20
-5.2878220472440942
11
4.5433649606299209
21
-5.2876690551181103
0
LINE
8
F.Silkscreen
6
CONTINUOUS
10
4.5433649606299209
20
-5.2876690551181103
11
4.5429625984251967
21
-5.2875252755905509
0
LINE
8
F.Silkscreen
6
CONTINUOUS
10
4.5429625984251967
20
-5.2875252755905509
11
4.5429340551181099
21
-5.2875041338582678
0
LINE
8
F.Silkscreen
6
CONTINUOUS
10
4.5429340551181099
20
-5.2875041338582678
11
4.5428637795275586
21
-5.2874772440944877
0
LINE
8
F.Silkscreen
6
CONTINUOUS
10
4.5428637795275586
20
-5.2874772440944877
11
4.5353647244094484
21
-5.2837276771653539
0
LINE
8
F.Silkscreen
6
CONTINUOUS
10
4.5353647244094484
20
-5.2837276771653539
11
4.5349514566929132
21
-5.2834675196850389
0
LINE
8
F.Silkscreen
6
CONTINUOUS
10
4.5349514566929132
20
-5.2834675196850389
11
4.5348314960629921
21
-5.2834178346456691
0
LINE
8
F.Silkscreen
6
CONTINUOUS
10
4.5348314960629921
20
-5.2834178346456691
11
4.5346963779527556
21
-5.2833069291338584
0
LINE
8
F.Silkscreen
6
CONTINUOUS
10
4.5346963779527556
20
-5.2833069291338584
11
4.5345483070866139
21
-5.2832137401574801
0
LINE
8
F.Silkscreen
6
CONTINUOUS
10
4.5345483070866139
20
-5.2832137401574801
11
4.5344631102362207
21
-5.2831155118110233
0
LINE
8
F.Silkscreen
6
CONTINUOUS
10
4.5344631102362207
20
-5.2831155118110233
11
4.5340857480314956
21
-5.2828058267716536
0
LINE
8
F.Silkscreen
6
CONTINUOUS
10
4.5340857480314956
20
-5.2828058267716536
11
4.5303362204724404
21
-5.2790562992125984
0
LINE
8
F.Silkscreen
6
CONTINUOUS
10
4.5303362204724404
20
-5.2790562992125984
11
4.5300264960629919
21
-5.2786788976377954
0
LINE
8
F.Silkscreen
6
CONTINUOUS
10
4.5300264960629919
20
-5.2786788976377954
11
4.5299283070866139
21
-5.2785937401574801
0
LINE
8
F.Silkscreen
6
CONTINUOUS
10
4.5299283070866139
20
-5.2785937401574801
11
4.5298350787401578
21
-5.2784456299212597
0
LINE
8
F.Silkscreen
6
CONTINUOUS
10
4.5298350787401578
20
-5.2784456299212597
11
4.5297242125984249
21
-5.2783105511811019
0
LINE
8
F.Silkscreen
6
CONTINUOUS
10
4.5297242125984249
20
-5.2783105511811019
11
4.5296744881889763
21
-5.278190551181102
0
LINE
8
F.Silkscreen
6
CONTINUOUS
10
4.5296744881889763
20
-5.278190551181102
11
4.5294143700787401
21
-5.2777773228346456
0
LINE
8
F.Silkscreen
6
CONTINUOUS
10
4.5294143700787401
20
-5.2777773228346456
11
4.525664842519685
21
-5.2702782677165354
0
LINE
8
F.Silkscreen
6
CONTINUOUS
10
4.525664842519685
20
-5.2702782677165354
11
4.5253200393700785
21
-5.2693772440944882
0
LINE
8
F.Silkscreen
6
CONTINUOUS
10
4.5253200393700785
20
-5.2693772440944882
11
4.5253074803149609
21
-5.2692007874015747
0
LINE
8
F.Silkscreen
6
CONTINUOUS
10
4.5253074803149609
20
-5.2692007874015747
11
4.5252398425196851
21
-5.2690374803149602
0
LINE
8
F.Silkscreen
6
CONTINUOUS
10
4.5252398425196851
20
-5.2690374803149602
11
4.5251452755905515
21
-5.2680774015748026
0
LINE
8
F.Silkscreen
6
CONTINUOUS
10
4.5251452755905515
20
-5.2680774015748026
11
4.5251452755905515
21
-5.2605783464566924
0
LINE
8
F.Silkscreen
6
CONTINUOUS
10
4.5251452755905515
20
-5.2605783464566924
11
4.5252398425196851
21
-5.2596182677165357
0
LINE
8
F.Silkscreen
6
CONTINUOUS
10
4.5252398425196851
20
-5.2596182677165357
11
4.5253074803149609
21
-5.2594549212598425
0
LINE
8
F.Silkscreen
6
CONTINUOUS
10
4.5253074803149609
20
-5.2594549212598425
11
4.5253200393700785
21
-5.2592785039370078
0
LINE
8
F.Silkscreen
6
CONTINUOUS
10
4.5253200393700785
20
-5.2592785039370078
11
4.525664842519685
21
-5.2583774803149606
0
LINE
8
F.Silkscreen
6
CONTINUOUS
10
4.525664842519685
20
-5.2583774803149606
11
4.5294143700787401
21
-5.2508784251968503
0
LINE
8
F.Silkscreen
6
CONTINUOUS
10
4.5294143700787401
20
-5.2508784251968503
11
4.5296744881889763
21
-5.2504651574803152
0
LINE
8
F.Silkscreen
6
CONTINUOUS
10
4.5296744881889763
20
-5.2504651574803152
11
4.5297242125984249
21
-5.250345196850394
0
LINE
8
F.Silkscreen
6
CONTINUOUS
10
4.5297242125984249
20
-5.250345196850394
11
4.5298350787401578
21
-5.2502100787401575
0
LINE
8
F.Silkscreen
6
CONTINUOUS
10
4.5298350787401578
20
-5.2502100787401575
11
4.5299283070866139
21
-5.2500620078740159
0
LINE
8
F.Silkscreen
6
CONTINUOUS
10
4.5299283070866139
20
-5.2500620078740159
11
4.5300264960629919
21
-5.2499768110236218
0
LINE
8
F.Silkscreen
6
CONTINUOUS
10
4.5300264960629919
20
-5.2499768110236218
11
4.5303362204724404
21
-5.2495994488188975
0
LINE
8
F.Silkscreen
6
CONTINUOUS
10
4.5303362204724404
20
-5.2495994488188975
11
4.5340857480314956
21
-5.2458499212598424
0
LINE
8
F.Silkscreen
6
CONTINUOUS
10
4.5340857480314956
20
-5.2458499212598424
11
4.5344631102362207
21
-5.2455401968503939
0
LINE
8
F.Silkscreen
6
CONTINUOUS
10
4.5344631102362207
20
-5.2455401968503939
11
4.5345483070866139
21
-5.2454420078740158
0
LINE
8
F.Silkscreen
6
CONTINUOUS
10
4.5345483070866139
20
-5.2454420078740158
11
4.5346963779527556
21
-5.2453487795275588
0
LINE
8
F.Silkscreen
6
CONTINUOUS
10
4.5346963779527556
20
-5.2453487795275588
11
4.5348314960629921
21
-5.2452379133858269
0
LINE
8
F.Silkscreen
6
CONTINUOUS
10
4.5348314960629921
20
-5.2452379133858269
11
4.5349514566929132
21
-5.2451881889763774
0
LINE
8
F.Silkscreen
6
CONTINUOUS
10
4.5349514566929132
20
-5.2451881889763774
11
4.5353647244094484
21
-5.2449280708661412
0
LINE
8
F.Silkscreen
6
CONTINUOUS
10
4.5353647244094484
20
-5.2449280708661412
11
4.5428638188976374
21
-5.2411785039370073
0
LINE
8
F.Silkscreen
6
CONTINUOUS
10
4.5428638188976374
20
-5.2411785039370073
11
4.5437648031496058
21
-5.2408337401574805
0
LINE
8
F.Silkscreen
6
CONTINUOUS
10
4.5437648031496058
20
-5.2408337401574805
11
4.5439412204724405
21
-5.2408211811023619
0
LINE
8
F.Silkscreen
6
CONTINUOUS
10
4.5439412204724405
20
-5.2408211811023619
11
4.5441045669291338
21
-5.2407535433070862
0
LINE
8
F.Silkscreen
6
CONTINUOUS
10
4.5441045669291338
20
-5.2407535433070862
11
4.5450646456692914
21
-5.2406589763779525
0
LINE
8
F.Silkscreen
6
CONTINUOUS
10
4.5450646456692914
20
-5.2406589763779525
11
4.5638123228346457
21
-5.2406589763779525
0
LINE
8
F.Silkscreen
6
CONTINUOUS
10
4.5638123228346457
20
-5.2406589763779525
11
4.5642982677165351
21
-5.2407068110236219
0
LINE
8
F.Silkscreen
6
CONTINUOUS
10
4.6360135039370078
20
-5.2407535433070862
11
4.6361768110236223
21
-5.2408211811023619
0
LINE
8
F.Silkscreen
6
CONTINUOUS
10
4.6361768110236223
20
-5.2408211811023619
11
4.6363532677165349
21
-5.2408337401574805
0
LINE
8
F.Silkscreen
6
CONTINUOUS
10
4.6363532677165349
20
-5.2408337401574805
11
4.6372542913385821
21
-5.2411785433070861
0
LINE
8
F.Silkscreen
6
CONTINUOUS
10
4.6372542913385821
20
-5.2411785433070861
11
4.6447533464566932
21
-5.2449280708661412
0
LINE
8
F.Silkscreen
6
CONTINUOUS
10
4.6447533464566932
20
-5.2449280708661412
11
4.6451665748031497
21
-5.2451881889763774
0
LINE
8
F.Silkscreen
6
CONTINUOUS
10
4.6451665748031497
20
-5.2451881889763774
11
4.6452865748031495
21
-5.2452379133858269
0
LINE
8
F.Silkscreen
6
CONTINUOUS
10
4.6452865748031495
20
-5.2452379133858269
11
4.6454216535433073
21
-5.2453487795275588
0
LINE
8
F.Silkscreen
6
CONTINUOUS
10
4.6454216535433073
20
-5.2453487795275588
11
4.6455697637795277
21
-5.2454420078740158
0
LINE
8
F.Silkscreen
6
CONTINUOUS
10
4.6455697637795277
20
-5.2454420078740158
11
4.6456549212598421
21
-5.2455401968503939
0
LINE
8
F.Silkscreen
6
CONTINUOUS
10
4.6456549212598421
20
-5.2455401968503939
11
4.6460323228346452
21
-5.2458499212598424
0
LINE
8
F.Silkscreen
6
CONTINUOUS
10
4.6460323228346452
20
-5.2458499212598424
11
4.6497818503937003
21
-5.2495994488188975
0
LINE
8
F.Silkscreen
6
CONTINUOUS
10
4.6497818503937003
20
-5.2495994488188975
11
4.650091535433071
21
-5.2499768110236218
0
LINE
8
F.Silkscreen
6
CONTINUOUS
10
4.650091535433071
20
-5.2499768110236218
11
4.6501897637795278
21
-5.2500620078740159
0
LINE
8
F.Silkscreen
6
CONTINUOUS
10
4.6501897637795278
20
-5.2500620078740159
11
4.6502829527559051
21
-5.2502100787401575
0
LINE
8
F.Silkscreen
6
CONTINUOUS
10
4.6502829527559051
20
-5.2502100787401575
11
4.6503938582677167
21
-5.250345196850394
0
LINE
8
F.Silkscreen
6
CONTINUOUS
10
4.6503938582677167
20
-5.250345196850394
11
4.6504435433070865
21
-5.2504651574803152
0
LINE
8
F.Silkscreen
6
CONTINUOUS
10
4.6504435433070865
20
-5.2504651574803152
11
4.6507037007874015
21
-5.2508784251968503
0
LINE
8
F.Silkscreen
6
CONTINUOUS
10
4.6507037007874015
20
-5.2508784251968503
11
4.6544532677165353
21
-5.2583775196850393
0
LINE
8
F.Silkscreen
6
CONTINUOUS
10
4.6544532677165353
20
-5.2583775196850393
11
4.6547980314960631
21
-5.2592785039370078
0
LINE
8
F.Silkscreen
6
CONTINUOUS
10
4.6547980314960631
20
-5.2592785039370078
11
4.654810551181102
21
-5.2594549212598425
0
LINE
8
F.Silkscreen
6
CONTINUOUS
10
4.654810551181102
20
-5.2594549212598425
11
4.6548782283464565
21
-5.2596182677165357
0
LINE
8
F.Silkscreen
6
CONTINUOUS
10
4.6548782283464565
20
-5.2596182677165357
11
4.6549727952755902
21
-5.2605783464566924
0
LINE
8
F.Silkscreen
6
CONTINUOUS
10
4.6549727952755902
20
-5.2605783464566924
11
4.6549727952755902
21
-5.2680774015748026
0
LINE
8
F.Silkscreen
6
CONTINUOUS
10
4.6549727952755902
20
-5.2680774015748026
11
4.6548782283464565
21
-5.2690374803149602
0
LINE
8
F.Silkscreen
6
CONTINUOUS
10
4.6548782283464565
20
-5.2690374803149602
11
4.654810551181102
21
-5.2692007874015747
0
LINE
8
F.Silkscreen
6
CONTINUOUS
10
4.654810551181102
20
-5.2692007874015747
11
4.6547980314960631
21
-5.2693772440944882
0
LINE
8
F.Silkscreen
6
CONTINUOUS
10
4.6547980314960631
20
-5.2693772440944882
11
4.6544532677165353
21
-5.2702782283464567
0
LINE
8
F.Silkscreen
6
CONTINUOUS
10
4.6544532677165353
20
-5.2702782283464567
11
4.6507037007874015
21
-5.2777773228346456
0
LINE
8
F.Silkscreen
6
CONTINUOUS
10
4.6507037007874015
20
-5.2777773228346456
11
4.6504435433070865
21
-5.278190551181102
0
LINE
8
F.Silkscreen
6
CONTINUOUS
10
4.6504435433070865
20
-5.278190551181102
11
4.6503938582677167
21
-5.2783105511811019
0
LINE
8
F.Silkscreen
6
CONTINUOUS
10
4.6503938582677167
20
-5.2783105511811019
11
4.6502829527559051
21
-5.2784456299212597
0
LINE
8
F.Silkscreen
6
CONTINUOUS
10
4.6502829527559051
20
-5.2784456299212597
11
4.6501897637795278
21
-5.2785937401574801
0
LINE
8
F.Silkscreen
6
CONTINUOUS
10
4.6501897637795278
20
-5.2785937401574801
11
4.650091535433071
21
-5.2786788976377954
0
LINE
8
F.Silkscreen
6
CONTINUOUS
10
4.650091535433071
20
-5.2786788976377954
11
4.6497818503937003
21
-5.2790562992125984
0
LINE
8
F.Silkscreen
6
CONTINUOUS
10
4.6497818503937003
20
-5.2790562992125984
11
4.646975866141732
21
-5.281862244094488
0
LINE
8
F.Silkscreen
6
CONTINUOUS
10
4.646975866141732
20
-5.281862244094488
11
4.6478582283464567
21
-5.2821563779527558
0
LINE
8
F.Silkscreen
6
CONTINUOUS
10
4.6478582283464567
20
-5.2821563779527558
11
4.6487391338582675
21
-5.2825496850393696
0
LINE
8
F.Silkscreen
6
CONTINUOUS
10
4.6487391338582675
20
-5.2825496850393696
11
4.6488727165354327
21
-5.2826655511811023
0
LINE
8
F.Silkscreen
6
CONTINUOUS
10
4.6488727165354327
20
-5.2826655511811023
11
4.6490361023622047
21
-5.2827332283464568
0
LINE
8
F.Silkscreen
6
CONTINUOUS
10
4.6490361023622047
20
-5.2827332283464568
11
4.6497818503937003
21
-5.2833452362204723
0
LINE
8
F.Silkscreen
6
CONTINUOUS
10
4.6497818503937003
20
-5.2833452362204723
11
4.6535313779527554
21
-5.2870947637795274
0
LINE
8
F.Silkscreen
6
CONTINUOUS
10
4.6535313779527554
20
-5.2870947637795274
11
4.6538410629921261
21
-5.2874721259842516
0
LINE
8
F.Silkscreen
6
CONTINUOUS
10
4.6538410629921261
20
-5.2874721259842516
11
4.6539392913385829
21
-5.2875573228346457
0
LINE
8
F.Silkscreen
6
CONTINUOUS
10
4.6539392913385829
20
-5.2875573228346457
11
4.6540324803149602
21
-5.2877053937007874
0
LINE
8
F.Silkscreen
6
CONTINUOUS
10
4.6540324803149602
20
-5.2877053937007874
11
4.6541433858267718
21
-5.2878405118110239
0
LINE
8
F.Silkscreen
6
CONTINUOUS
10
4.6541433858267718
20
-5.2878405118110239
11
4.6541930708661416
21
-5.287960472440945
0
LINE
8
F.Silkscreen
6
CONTINUOUS
10
4.6541930708661416
20
-5.287960472440945
11
4.6544532283464566
21
-5.2883737401574802
0
LINE
8
F.Silkscreen
6
CONTINUOUS
10
4.6544532283464566
20
-5.2883737401574802
11
4.6582027952755904
21
-5.2958728346456692
0
LINE
8
F.Silkscreen
6
CONTINUOUS
10
4.6582027952755904
20
-5.2958728346456692
11
4.6585475590551182
21
-5.2967738188976377
0
LINE
8
F.Silkscreen
6
CONTINUOUS
10
4.6585475590551182
20
-5.2967738188976377
11
4.6585600787401571
21
-5.2969502362204723
0
LINE
8
F.Silkscreen
6
CONTINUOUS
10
4.6585600787401571
20
-5.2969502362204723
11
4.6586277559055116
21
-5.2971135826771656
0
LINE
8
F.Silkscreen
6
CONTINUOUS
10
4.6586277559055116
20
-5.2971135826771656
11
4.6587223228346453
21
-5.2980736614173223
0
LINE
8
F.Silkscreen
6
CONTINUOUS
10
4.6587223228346453
20
-5.2980736614173223
11
4.6587223228346453
21
-5.3093222440944885
0
LINE
8
F.Silkscreen
6
CONTINUOUS
10
4.6587223228346453
20
-5.3093222440944885
11
4.6586277559055116
21
-5.3102823228346452
0
LINE
8
F.Silkscreen
6
CONTINUOUS
10
4.6586277559055116
20
-5.3102823228346452
11
4.6585600787401571
21
-5.3104456299212597
0
LINE
8
F.Silkscreen
6
CONTINUOUS
10
4.6585600787401571
20
-5.3104456299212597
11
4.6585475590551182
21
-5.3106220866141731
0
LINE
8
F.Silkscreen
6
CONTINUOUS
10
4.6585475590551182
20
-5.3106220866141731
11
4.6582027952755904
21
-5.3115230708661416
0
LINE
8
F.Silkscreen
6
CONTINUOUS
10
4.6582027952755904
20
-5.3115230708661416
11
4.6544532283464566
21
-5.3190221653543306
0
LINE
8
F.Silkscreen
6
CONTINUOUS
10
4.6544532283464566
20
-5.3190221653543306
11
4.6541931889763779
21
-5.319435236220472
0
LINE
8
F.Silkscreen
6
CONTINUOUS
10
4.6541931889763779
20
-5.319435236220472
11
4.6541434251968505
21
-5.3195553937007869
0
LINE
8
F.Silkscreen
6
CONTINUOUS
10
4.6541434251968505
20
-5.3195553937007869
11
4.6540323622047239
21
-5.3196906692913384
0
LINE
8
F.Silkscreen
6
CONTINUOUS
10
4.6540323622047239
20
-5.3196906692913384
11
4.6539392913385829
21
-5.319838582677165
0
LINE
8
F.Silkscreen
6
CONTINUOUS
10
4.6539392913385829
20
-5.319838582677165
11
4.6538411811023623
21
-5.3199236220472441
0
LINE
8
F.Silkscreen
6
CONTINUOUS
10
4.6538411811023623
20
-5.3199236220472441
11
4.6535314173228342
21
-5.3203011417322834
0
LINE
8
F.Silkscreen
6
CONTINUOUS
10
4.6535314173228342
20
-5.3203011417322834
11
4.649781889763779
21
-5.3240507086614173
0
LINE
8
F.Silkscreen
6
CONTINUOUS
10
4.649781889763779
20
-5.3240507086614173
11
4.6494043700787397
21
-5.3243605118110233
0
LINE
8
F.Silkscreen
6
CONTINUOUS
10
4.6494043700787397
20
-5.3243605118110233
11
4.6493192913385828
21
-5.3244586220472438
0
LINE
8
F.Silkscreen
6
CONTINUOUS
10
4.6493192913385828
20
-5.3244586220472438
11
4.6491713385826774
21
-5.3245517322834646
0
LINE
8
F.Silkscreen
6
CONTINUOUS
10
4.6491713385826774
20
-5.3245517322834646
11
4.6490361417322834
21
-5.3246627165354328
0
LINE
8
F.Silkscreen
6
CONTINUOUS
10
4.6490361417322834
20
-5.3246627165354328
11
4.6489160236220473
21
-5.3247124409448814
0
LINE
8
F.Silkscreen
6
CONTINUOUS
10
4.6489160236220473
20
-5.3247124409448814
11
4.6485028740157484
21
-5.3249725590551176
0
LINE
8
F.Silkscreen
6
CONTINUOUS
10
4.6485028740157484
20
-5.3249725590551176
11
4.6410038188976381
21
-5.3287220866141727
0
LINE
8
F.Silkscreen
6
CONTINUOUS
10
4.6410038188976381
20
-5.3287220866141727
11
4.6401027952755909
21
-5.3290668897637792
0
LINE
8
F.Silkscreen
6
CONTINUOUS
10
4.6401027952755909
20
-5.3290668897637792
11
4.6399263385826774
21
-5.329079409448819
0
LINE
8
F.Silkscreen
6
CONTINUOUS
10
4.6399263385826774
20
-5.329079409448819
11
4.639763031496063
21
-5.3291470866141735
0
LINE
8
F.Silkscreen
6
CONTINUOUS
10
4.639763031496063
20
-5.3291470866141735
11
4.6388029527559054
21
-5.3292416535433071
0
LINE
8
F.Silkscreen
6
CONTINUOUS
10
4.6388029527559054
20
-5.3292416535433071
11
4.6088066929133857
21
-5.3292416535433071
0
LINE
8
F.Silkscreen
6
CONTINUOUS
10
4.6088066929133857
20
-5.3292416535433071
11
4.6078466141732282
21
-5.3291470866141735
0
LINE
8
F.Silkscreen
6
CONTINUOUS
10
4.6078466141732282
20
-5.3291470866141735
11
4.6060725984251967
21
-5.3284122834645666
0
LINE
8
F.Silkscreen
6
CONTINUOUS
10
4.6060725984251967
20
-5.3284122834645666
11
4.6047148031496059
21
-5.3270544881889759
0
LINE
8
F.Silkscreen
6
CONTINUOUS
10
4.6047148031496059
20
-5.3270544881889759
11
4.60398
21
-5.3252804724409444
0
LINE
8
F.Silkscreen
6
CONTINUOUS
10
4.60398
20
-5.3252804724409444
11
4.6038854330708663
21
-5.3243203937007877
0
LINE
8
F.Silkscreen
6
CONTINUOUS
10
4.6038854330708663
20
-5.3243203937007877
11
4.6038854330708663
21
-5.245580236220472
0
LINE
8
F.Silkscreen
6
CONTINUOUS
10
4.6038854330708663
20
-5.245580236220472
11
4.60398
21
-5.2446201574803144
0
LINE
8
F.Silkscreen
6
CONTINUOUS
10
4.60398
20
-5.2446201574803144
11
4.6047148031496059
21
-5.2428461417322829
0
LINE
8
F.Silkscreen
6
CONTINUOUS
10
4.6047148031496059
20
-5.2428461417322829
11
4.6060725984251967
21
-5.241488346456693
0
LINE
8
F.Silkscreen
6
CONTINUOUS
10
4.6060725984251967
20
-5.241488346456693
11
4.6078466141732282
21
-5.2407535433070862
0
LINE
8
F.Silkscreen
6
CONTINUOUS
10
4.6078466141732282
20
-5.2407535433070862
11
4.6088066929133857
21
-5.2406589763779525
0
LINE
8
F.Silkscreen
6
CONTINUOUS
10
4.6088066929133857
20
-5.2406589763779525
11
4.6350534251968503
21
-5.2406589763779525
0
LINE
8
F.Silkscreen
6
CONTINUOUS
10
4.6350534251968503
20
-5.2406589763779525
11
4.6360135039370078
21
-5.2407535433070862
0
LINE
8
F.Silkscreen
6
CONTINUOUS
10
4.6137279527559052
20
-5.3193991338582673
11
4.6376412204724407
21
-5.3193991338582673
0
LINE
8
F.Silkscreen
6
CONTINUOUS
10
4.6376412204724407
20
-5.3193991338582673
11
4.6433868110236221
21
-5.3165262992125983
0
LINE
8
F.Silkscreen
6
CONTINUOUS
10
4.6433868110236221
20
-5.3165262992125983
11
4.6460069685039365
21
-5.3139061023622043
0
LINE
8
F.Silkscreen
6
CONTINUOUS
10
4.6460069685039365
20
-5.3139061023622043
11
4.6488798031496064
21
-5.3081605118110238
0
LINE
8
F.Silkscreen
6
CONTINUOUS
10
4.6488798031496064
20
-5.3081605118110238
11
4.6488798031496064
21
-5.299235393700787
0
LINE
8
F.Silkscreen
6
CONTINUOUS
10
4.6488798031496064
20
-5.299235393700787
11
4.6460069685039365
21
-5.293489724409449
0
LINE
8
F.Silkscreen
6
CONTINUOUS
10
4.6460069685039365
20
-5.293489724409449
11
4.6436436220472439
21
-5.2911263779527555
0
LINE
8
F.Silkscreen
6
CONTINUOUS
10
4.6436436220472439
20
-5.2911263779527555
11
4.6342548818897633
21
-5.2879968110236222
0
LINE
8
F.Silkscreen
6
CONTINUOUS
10
4.6342548818897633
20
-5.2879968110236222
11
4.6137279527559052
21
-5.2879968110236222
0
LINE
8
F.Silkscreen
6
CONTINUOUS
10
4.6137279527559052
20
-5.2879968110236222
11
4.6137279527559052
21
-5.3193991338582673
0
LINE
8
F.Silkscreen
6
CONTINUOUS
10
4.6137279527559052
20
-5.2781542913385824
11
4.6338916929133855
21
-5.2781542913385824
0
LINE
8
F.Silkscreen
6
CONTINUOUS
10
4.6338916929133855
20
-5.2781542913385824
11
4.6396373228346457
21
-5.2752814173228346
0
LINE
8
F.Silkscreen
6
CONTINUOUS
10
4.6396373228346457
20
-5.2752814173228346
11
4.6422574409448814
21
-5.2726613385826768
0
LINE
8
F.Silkscreen
6
CONTINUOUS
10
4.6422574409448814
20
-5.2726613385826768
11
4.6451302755905512
21
-5.2669156692913388
0
LINE
8
F.Silkscreen
6
CONTINUOUS
10
4.6451302755905512
20
-5.2669156692913388
11
4.6451302755905512
21
-5.2617400787401571
0
LINE
8
F.Silkscreen
6
CONTINUOUS
10
4.6451302755905512
20
-5.2617400787401571
11
4.6422574409448814
21
-5.2559944094488191
0
LINE
8
F.Silkscreen
6
CONTINUOUS
10
4.6422574409448814
20
-5.2559944094488191
11
4.6396373622047244
21
-5.2533743307086613
0
LINE
8
F.Silkscreen
6
CONTINUOUS
10
4.6396373622047244
20
-5.2533743307086613
11
4.6338916929133855
21
-5.2505014960629923
0
LINE
8
F.Silkscreen
6
CONTINUOUS
10
4.6338916929133855
20
-5.2505014960629923
11
4.6137279527559052
21
-5.2505014960629923
0
LINE
8
F.Silkscreen
6
CONTINUOUS
10
4.6137279527559052
20
-5.2505014960629923
11
4.6137279527559052
21
-5.2781542913385824
0
LINE
8
F.Silkscreen
6
CONTINUOUS
10
3.7184478346456693
20
-4.9862677559055113
11
3.7186351574803149
21
-4.9872094094488189
0
LINE
8
F.Silkscreen
6
CONTINUOUS
10
3.7186351574803149
20
-4.9872094094488189
11
3.7186351574803149
21
-5.0241188582677161
0
LINE
8
F.Silkscreen
6
CONTINUOUS
10
3.7186351574803149
20
-5.0241188582677161
11
3.7349221653543307
21
-5.0241188582677161
0
LINE
8
F.Silkscreen
6
CONTINUOUS
10
3.7349221653543307
20
-5.0241188582677161
11
3.7358638188976379
21
-5.0243061811023617
0
LINE
8
F.Silkscreen
6
CONTINUOUS
10
3.7358638188976379
20
-5.0243061811023617
11
3.7371954724409449
21
-5.0256378346456696
0
LINE
8
F.Silkscreen
6
CONTINUOUS
10
3.7371954724409449
20
-5.0256378346456696
11
3.7371954724409449
21
-5.0275211417322829
0
LINE
8
F.Silkscreen
6
CONTINUOUS
10
3.7371954724409449
20
-5.0275211417322829
11
3.7358638188976379
21
-5.0288527952755908
0
LINE
8
F.Silkscreen
6
CONTINUOUS
10
3.7358638188976379
20
-5.0288527952755908
11
3.7349221653543307
21
-5.0290401181102364
0
LINE
8
F.Silkscreen
6
CONTINUOUS
10
3.7349221653543307
20
-5.0290401181102364
11
3.7161745275590552
21
-5.0290401181102364
0
LINE
8
F.Silkscreen
6
CONTINUOUS
10
3.7161745275590552
20
-5.0290401181102364
11
3.7152328740157481
21
-5.0288527952755908
0
LINE
8
F.Silkscreen
6
CONTINUOUS
10
3.7152328740157481
20
-5.0288527952755908
11
3.7139012204724406
21
-5.0275211417322829
0
LINE
8
F.Silkscreen
6
CONTINUOUS
10
3.7139012204724406
20
-5.0275211417322829
11
3.713713897637795
21
-5.0265794881889763
0
LINE
8
F.Silkscreen
6
CONTINUOUS
10
3.713713897637795
20
-5.0265794881889763
11
3.713713897637795
21
-4.9872094094488189
0
LINE
8
F.Silkscreen
6
CONTINUOUS
10
3.713713897637795
20
-4.9872094094488189
11
3.7139012204724406
21
-4.9862677559055113
0
LINE
8
F.Silkscreen
6
CONTINUOUS
10
3.7139012204724406
20
-4.9862677559055113
11
3.7152328740157481
21
-4.9849361023622043
0
LINE
8
F.Silkscreen
6
CONTINUOUS
10
3.7152328740157481
20
-4.9849361023622043
11
3.7171161811023623
21
-4.9849361023622043
0
LINE
8
F.Silkscreen
6
CONTINUOUS
10
3.7171161811023623
20
-4.9849361023622043
11
3.7184478346456693
21
-4.9862677559055113
0
LINE
8
F.Silkscreen
6
CONTINUOUS
10
3.7971762598425194
20
-4.9848257086614174
11
3.7975675590551181
21
-4.9848750393700785
0
LINE
8
F.Silkscreen
6
CONTINUOUS
10
3.7975675590551181
20
-4.9848750393700785
11
3.8031918503937008
21
-4.986749803149606
0
LINE
8
F.Silkscreen
6
CONTINUOUS
10
3.8031918503937008
20
-4.986749803149606
11
3.8040259448818898
21
-4.9872253149606296
0
LINE
8
F.Silkscreen
6
CONTINUOUS
10
3.8040259448818898
20
-4.9872253149606296
11
3.8048681496062993
21
-4.9889097244094485
0
LINE
8
F.Silkscreen
6
CONTINUOUS
10
3.8048681496062993
20
-4.9889097244094485
11
3.8042725984251966
21
-4.990696377952756
0
LINE
8
F.Silkscreen
6
CONTINUOUS
10
3.8042725984251966
20
-4.990696377952756
11
3.8025881889763777
21
-4.9915385826771654
0
LINE
8
F.Silkscreen
6
CONTINUOUS
10
3.8025881889763777
20
-4.9915385826771654
11
3.8016355905511809
21
-4.9914185433070868
0
LINE
8
F.Silkscreen
6
CONTINUOUS
10
3.8016355905511809
20
-4.9914185433070868
11
3.796390118110236
21
-4.989670039370079
0
LINE
8
F.Silkscreen
6
CONTINUOUS
10
3.796390118110236
20
-4.989670039370079
11
3.7879965354330709
21
-4.989670039370079
0
LINE
8
F.Silkscreen
6
CONTINUOUS
10
3.7879965354330709
20
-4.989670039370079
11
3.785123622047244
21
-4.9911064960629918
0
LINE
8
F.Silkscreen
6
CONTINUOUS
10
3.785123622047244
20
-4.9911064960629918
11
3.7838136614173226
21
-4.9924164566929132
0
LINE
8
F.Silkscreen
6
CONTINUOUS
10
3.7838136614173226
20
-4.9924164566929132
11
3.7823772047244093
21
-4.9952893700787397
0
LINE
8
F.Silkscreen
6
CONTINUOUS
10
3.7823772047244093
20
-4.9952893700787397
11
3.7823772047244093
21
-4.9978770866141735
0
LINE
8
F.Silkscreen
6
CONTINUOUS
10
3.7823772047244093
20
-4.9978770866141735
11
3.7838136614173226
21
-5.00075
0
LINE
8
F.Silkscreen
6
CONTINUOUS
10
3.7838136614173226
20
-5.00075
11
3.785123622047244
21
-5.0020599606299214
0
LINE
8
F.Silkscreen
6
CONTINUOUS
10
3.785123622047244
20
-5.0020599606299214
11
3.788274527559055
21
-5.0036353937007876
0
LINE
8
F.Silkscreen
6
CONTINUOUS
10
3.788274527559055
20
-5.0036353937007876
11
3.7955114566929131
21
-5.0054446456692911
0
LINE
8
F.Silkscreen
6
CONTINUOUS
10
3.7955114566929131
20
-5.0054446456692911
11
3.7957550787401573
21
-5.0055597244094487
0
LINE
8
F.Silkscreen
6
CONTINUOUS
10
3.7957550787401573
20
-5.0055597244094487
11
3.796015118110236
21
-5.0056309448818901
0
LINE
8
F.Silkscreen
6
CONTINUOUS
10
3.796015118110236
20
-5.0056309448818901
11
3.7997646456692911
21
-5.0075057086614176
0
LINE
8
F.Silkscreen
6
CONTINUOUS
10
3.7997646456692911
20
-5.0075057086614176
11
3.8000764960629922
21
-5.0077477165354329
0
LINE
8
F.Silkscreen
6
CONTINUOUS
10
3.8000764960629922
20
-5.0077477165354329
11
3.8004041338582675
21
-5.0079666535433072
0
LINE
8
F.Silkscreen
6
CONTINUOUS
10
3.8004041338582675
20
-5.0079666535433072
11
3.802278897637795
21
-5.0098414173228347
0
LINE
8
F.Silkscreen
6
CONTINUOUS
10
3.802278897637795
20
-5.0098414173228347
11
3.8024977952755905
21
-5.0101690157480316
0
LINE
8
F.Silkscreen
6
CONTINUOUS
10
3.8024977952755905
20
-5.0101690157480316
11
3.802739842519685
21
-5.0104809055118107
0
LINE
8
F.Silkscreen
6
CONTINUOUS
10
3.802739842519685
20
-5.0104809055118107
11
3.8046146062992126
21
-5.0142304330708658
0
LINE
8
F.Silkscreen
6
CONTINUOUS
10
3.8046146062992126
20
-5.0142304330708658
11
3.804647125984252
21
-5.0143492913385828
0
LINE
8
F.Silkscreen
6
CONTINUOUS
10
3.804647125984252
20
-5.0143492913385828
11
3.8046870472440943
21
-5.0143892125984255
0
LINE
8
F.Silkscreen
6
CONTINUOUS
10
3.8046870472440943
20
-5.0143892125984255
11
3.8047639763779526
21
-5.0147761023622044
0
LINE
8
F.Silkscreen
6
CONTINUOUS
10
3.8047639763779526
20
-5.0147761023622044
11
3.8048681496062993
21
-5.015156456692913
0
LINE
8
F.Silkscreen
6
CONTINUOUS
10
3.8048681496062993
20
-5.015156456692913
11
3.8048503149606296
21
-5.0152099212598422
0
LINE
8
F.Silkscreen
6
CONTINUOUS
10
3.8048503149606296
20
-5.0152099212598422
11
3.80487437007874
21
-5.0153308661417322
0
LINE
8
F.Silkscreen
6
CONTINUOUS
10
3.80487437007874
20
-5.0153308661417322
11
3.80487437007874
21
-5.0190803937007873
0
LINE
8
F.Silkscreen
6
CONTINUOUS
10
3.80487437007874
20
-5.0190803937007873
11
3.8048503149606296
21
-5.0192012992125985
0
LINE
8
F.Silkscreen
6
CONTINUOUS
10
3.8048503149606296
20
-5.0192012992125985
11
3.8048681496062993
21
-5.0192548031496065
0
LINE
8
F.Silkscreen
6
CONTINUOUS
10
3.8048681496062993
20
-5.0192548031496065
11
3.8047639763779526
21
-5.0196351181102363
0
LINE
8
F.Silkscreen
6
CONTINUOUS
10
3.8047639763779526
20
-5.0196351181102363
11
3.8046870472440943
21
-5.020022047244094
0
LINE
8
F.Silkscreen
6
CONTINUOUS
10
3.8046870472440943
20
-5.020022047244094
11
3.804647125984252
21
-5.020061929133858
0
LINE
8
F.Silkscreen
6
CONTINUOUS
10
3.804647125984252
20
-5.020061929133858
11
3.8046146062992126
21
-5.0201808267716537
0
LINE
8
F.Silkscreen
6
CONTINUOUS
10
3.8046146062992126
20
-5.0201808267716537
11
3.802739842519685
21
-5.0239303543307088
0
LINE
8
F.Silkscreen
6
CONTINUOUS
10
3.802739842519685
20
-5.0239303543307088
11
3.8024979527559055
21
-5.0242419685039366
0
LINE
8
F.Silkscreen
6
CONTINUOUS
10
3.8024979527559055
20
-5.0242419685039366
11
3.8022789370078738
21
-5.0245698425196847
0
LINE
8
F.Silkscreen
6
CONTINUOUS
10
3.8022789370078738
20
-5.0245698425196847
11
3.8004041732283462
21
-5.0264446456692911
0
LINE
8
F.Silkscreen
6
CONTINUOUS
10
3.8004041732283462
20
-5.0264446456692911
11
3.8000762598425197
21
-5.0266637007874015
0
LINE
8
F.Silkscreen
6
CONTINUOUS
10
3.8000762598425197
20
-5.0266637007874015
11
3.7997646456692911
21
-5.0269055905511806
0
LINE
8
F.Silkscreen
6
CONTINUOUS
10
3.7997646456692911
20
-5.0269055905511806
11
3.796015118110236
21
-5.0287803543307081
0
LINE
8
F.Silkscreen
6
CONTINUOUS
10
3.796015118110236
20
-5.0287803543307081
11
3.7958962204724407
21
-5.0288128740157481
0
LINE
8
F.Silkscreen
6
CONTINUOUS
10
3.7958962204724407
20
-5.0288128740157481
11
3.7958563385826771
21
-5.0288527952755908
0
LINE
8
F.Silkscreen
6
CONTINUOUS
10
3.7958563385826771
20
-5.0288527952755908
11
3.7954694094488186
21
-5.0289297244094486
0
LINE
8
F.Silkscreen
6
CONTINUOUS
10
3.7954694094488186
20
-5.0289297244094486
11
3.7950890944881888
21
-5.0290338976377953
0
LINE
8
F.Silkscreen
6
CONTINUOUS
10
3.7950890944881888
20
-5.0290338976377953
11
3.7950355905511812
21
-5.0290160629921257
0
LINE
8
F.Silkscreen
6
CONTINUOUS
10
3.7950355905511812
20
-5.0290160629921257
11
3.79491468503937
21
-5.0290401181102364
0
LINE
8
F.Silkscreen
6
CONTINUOUS
10
3.79491468503937
20
-5.0290401181102364
11
3.7855408661417322
21
-5.0290401181102364
0
LINE
8
F.Silkscreen
6
CONTINUOUS
10
3.7855408661417322
20
-5.0290401181102364
11
3.78515405511811
21
-5.028963149606299
0
LINE
8
F.Silkscreen
6
CONTINUOUS
10
3.78515405511811
20
-5.028963149606299
11
3.7847627165354329
21
-5.0289138582677166
0
LINE
8
F.Silkscreen
6
CONTINUOUS
10
3.7847627165354329
20
-5.0289138582677166
11
3.779138464566929
21
-5.0270390944881891
0
LINE
8
F.Silkscreen
6
CONTINUOUS
10
3.779138464566929
20
-5.0270390944881891
11
3.77830437007874
21
-5.0265635826771655
0
LINE
8
F.Silkscreen
6
CONTINUOUS
10
3.77830437007874
20
-5.0265635826771655
11
3.7774621653543305
21
-5.0248791732283467
0
LINE
8
F.Silkscreen
6
CONTINUOUS
10
3.7774621653543305
20
-5.0248791732283467
11
3.7780577165354328
21
-5.0230925196850391
0
LINE
8
F.Silkscreen
6
CONTINUOUS
10
3.7780577165354328
20
-5.0230925196850391
11
3.7797421259842521
21
-5.0222503149606297
0
LINE
8
F.Silkscreen
6
CONTINUOUS
10
3.7797421259842521
20
-5.0222503149606297
11
3.7806946850393701
21
-5.0223703543307083
0
LINE
8
F.Silkscreen
6
CONTINUOUS
10
3.7806946850393701
20
-5.0223703543307083
11
3.7859401968503934
21
-5.0241188582677161
0
LINE
8
F.Silkscreen
6
CONTINUOUS
10
3.7859401968503934
20
-5.0241188582677161
11
3.7943337795275589
21
-5.0241188582677161
0
LINE
8
F.Silkscreen
6
CONTINUOUS
10
3.7943337795275589
20
-5.0241188582677161
11
3.7972065748031496
21
-5.022682440944882
0
LINE
8
F.Silkscreen
6
CONTINUOUS
10
3.7972065748031496
20
-5.022682440944882
11
3.7985166535433068
21
-5.0213723228346456
0
LINE
8
F.Silkscreen
6
CONTINUOUS
10
3.7985166535433068
20
-5.0213723228346456
11
3.7999531102362205
21
-5.0184994881889766
0
LINE
8
F.Silkscreen
6
CONTINUOUS
10
3.7999531102362205
20
-5.0184994881889766
11
3.7999531102362205
21
-5.0159117716535428
0
LINE
8
F.Silkscreen
6
CONTINUOUS
10
3.7999531102362205
20
-5.0159117716535428
11
3.7985166535433068
21
-5.0130388582677163
0
LINE
8
F.Silkscreen
6
CONTINUOUS
10
3.7985166535433068
20
-5.0130388582677163
11
3.7972066929133859
21
-5.0117288976377949
0
LINE
8
F.Silkscreen
6
CONTINUOUS
10
3.7972066929133859
20
-5.0117288976377949
11
3.7940557874015748
21
-5.01015342519685
0
LINE
8
F.Silkscreen
6
CONTINUOUS
10
3.7940557874015748
20
-5.01015342519685
11
3.7868188582677162
21
-5.0083442125984252
0
LINE
8
F.Silkscreen
6
CONTINUOUS
10
3.7868188582677162
20
-5.0083442125984252
11
3.7865751968503938
21
-5.0082290944881889
0
LINE
8
F.Silkscreen
6
CONTINUOUS
10
3.7865751968503938
20
-5.0082290944881889
11
3.7863151968503934
21
-5.0081579133858263
0
LINE
8
F.Silkscreen
6
CONTINUOUS
10
3.7863151968503934
20
-5.0081579133858263
11
3.7825656692913383
21
-5.0062831496062987
0
LINE
8
F.Silkscreen
6
CONTINUOUS
10
3.7825656692913383
20
-5.0062831496062987
11
3.7822537795275588
21
-5.0060411023622047
0
LINE
8
F.Silkscreen
6
CONTINUOUS
10
3.7822537795275588
20
-5.0060411023622047
11
3.7819261811023623
21
-5.0058222047244092
0
LINE
8
F.Silkscreen
6
CONTINUOUS
10
3.7819261811023623
20
-5.0058222047244092
11
3.7800514173228343
21
-5.0039474409448816
0
LINE
8
F.Silkscreen
6
CONTINUOUS
10
3.7800514173228343
20
-5.0039474409448816
11
3.7798324803149606
21
-5.003619803149606
0
LINE
8
F.Silkscreen
6
CONTINUOUS
10
3.7798324803149606
20
-5.003619803149606
11
3.7795904724409448
21
-5.0033079527559057
0
LINE
8
F.Silkscreen
6
CONTINUOUS
10
3.7795904724409448
20
-5.0033079527559057
11
3.7777157086614173
21
-4.9995584251968506
0
LINE
8
F.Silkscreen
6
CONTINUOUS
10
3.7777157086614173
20
-4.9995584251968506
11
3.777683149606299
21
-4.9994395275590549
0
LINE
8
F.Silkscreen
6
CONTINUOUS
10
3.777683149606299
20
-4.9994395275590549
11
3.7776432677165355
21
-4.9993996456692908
0
LINE
8
F.Silkscreen
6
CONTINUOUS
10
3.7776432677165355
20
-4.9993996456692908
11
3.7775662992125985
21
-4.9990127165354332
0
LINE
8
F.Silkscreen
6
CONTINUOUS
10
3.7775662992125985
20
-4.9990127165354332
11
3.7774621653543305
21
-4.9986324015748034
0
LINE
8
F.Silkscreen
6
CONTINUOUS
10
3.7774621653543305
20
-4.9986324015748034
11
3.777479960629921
21
-4.9985788976377954
0
LINE
8
F.Silkscreen
6
CONTINUOUS
10
3.777479960629921
20
-4.9985788976377954
11
3.7774559448818898
21
-4.9984579921259842
0
LINE
8
F.Silkscreen
6
CONTINUOUS
10
3.7774559448818898
20
-4.9984579921259842
11
3.7774559448818898
21
-4.9947084645669291
0
LINE
8
F.Silkscreen
6
CONTINUOUS
10
3.7774559448818898
20
-4.9947084645669291
11
3.777479960629921
21
-4.9945875196850391
0
LINE
8
F.Silkscreen
6
CONTINUOUS
10
3.777479960629921
20
-4.9945875196850391
11
3.7774621653543305
21
-4.9945340551181099
0
LINE
8
F.Silkscreen
6
CONTINUOUS
10
3.7774621653543305
20
-4.9945340551181099
11
3.7775662992125985
21
-4.9941537007874013
0
LINE
8
F.Silkscreen
6
CONTINUOUS
10
3.7775662992125985
20
-4.9941537007874013
11
3.7776432677165355
21
-4.9937668110236215
0
LINE
8
F.Silkscreen
6
CONTINUOUS
10
3.7776432677165355
20
-4.9937668110236215
11
3.777683149606299
21
-4.9937268897637797
0
LINE
8
F.Silkscreen
6
CONTINUOUS
10
3.777683149606299
20
-4.9937268897637797
11
3.7777157086614173
21
-4.9936080314960627
0
LINE
8
F.Silkscreen
6
CONTINUOUS
10
3.7777157086614173
20
-4.9936080314960627
11
3.7795904724409448
21
-4.9898585039370076
0
LINE
8
F.Silkscreen
6
CONTINUOUS
10
3.7795904724409448
20
-4.9898585039370076
11
3.7798324803149606
21
-4.9895466141732285
0
LINE
8
F.Silkscreen
6
CONTINUOUS
10
3.7798324803149606
20
-4.9895466141732285
11
3.7800514173228343
21
-4.9892190157480316
0
LINE
8
F.Silkscreen
6
CONTINUOUS
10
3.7800514173228343
20
-4.9892190157480316
11
3.7819261811023623
21
-4.9873442519685041
0
LINE
8
F.Silkscreen
6
CONTINUOUS
10
3.7819261811023623
20
-4.9873442519685041
11
3.7822537795275588
21
-4.9871253149606298
0
LINE
8
F.Silkscreen
6
CONTINUOUS
10
3.7822537795275588
20
-4.9871253149606298
11
3.7825656692913383
21
-4.9868833070866136
0
LINE
8
F.Silkscreen
6
CONTINUOUS
10
3.7825656692913383
20
-4.9868833070866136
11
3.7863151968503934
21
-4.9850085433070861
0
LINE
8
F.Silkscreen
6
CONTINUOUS
10
3.7863151968503934
20
-4.9850085433070861
11
3.7864340551181099
21
-4.9849759842519683
0
LINE
8
F.Silkscreen
6
CONTINUOUS
10
3.7864340551181099
20
-4.9849759842519683
11
3.7864739763779527
21
-4.9849361023622043
0
LINE
8
F.Silkscreen
6
CONTINUOUS
10
3.7864739763779527
20
-4.9849361023622043
11
3.786860866141732
21
-4.9848591338582677
0
LINE
8
F.Silkscreen
6
CONTINUOUS
10
3.786860866141732
20
-4.9848591338582677
11
3.7872412204724411
21
-4.9847549999999998
0
LINE
8
F.Silkscreen
6
CONTINUOUS
10
3.7872412204724411
20
-4.9847549999999998
11
3.7872946850393698
21
-4.9847727952755907
0
LINE
8
F.Silkscreen
6
CONTINUOUS
10
3.7872946850393698
20
-4.9847727952755907
11
3.7874156299212598
21
-4.9847487795275587
0
LINE
8
F.Silkscreen
6
CONTINUOUS
10
3.7874156299212598
20
-4.9847487795275587
11
3.7967894488188976
21
-4.9847487795275587
0
LINE
8
F.Silkscreen
6
CONTINUOUS
10
3.7967894488188976
20
-4.9847487795275587
11
3.7971762598425194
21
-4.9848257086614174
0
LINE
8
F.Silkscreen
6
CONTINUOUS
10
3.7564168503937005
20
-4.9851038976377948
11
3.7571568110236218
21
-4.985350551181102
0
LINE
8
F.Silkscreen
6
CONTINUOUS
10
3.7571568110236218
20
-4.985350551181102
11
3.7572390157480315
21
-4.9855149606299207
0
LINE
8
F.Silkscreen
6
CONTINUOUS
10
3.7572390157480315
20
-4.9855149606299207
11
3.757403464566929
21
-4.9855972047244093
0
LINE
8
F.Silkscreen
6
CONTINUOUS
10
3.757403464566929
20
-4.9855972047244093
11
3.7578789763779525
21
-4.9864312992125983
0
LINE
8
F.Silkscreen
6
CONTINUOUS
10
3.7578789763779525
20
-4.9864312992125983
11
3.7710023228346454
21
-5.025801338582677
0
LINE
8
F.Silkscreen
6
CONTINUOUS
10
3.7710023228346454
20
-5.025801338582677
11
3.7711223622047245
21
-5.0267539370078742
0
LINE
8
F.Silkscreen
6
CONTINUOUS
10
3.7711223622047245
20
-5.0267539370078742
11
3.7702801574803151
21
-5.0284383464566931
0
LINE
8
F.Silkscreen
6
CONTINUOUS
10
3.7702801574803151
20
-5.0284383464566931
11
3.768493503937008
21
-5.0290338976377953
0
LINE
8
F.Silkscreen
6
CONTINUOUS
10
3.768493503937008
20
-5.0290338976377953
11
3.7668090944881887
21
-5.0281916929133859
0
LINE
8
F.Silkscreen
6
CONTINUOUS
10
3.7668090944881887
20
-5.0281916929133859
11
3.7663335826771651
21
-5.0273575984251968
0
LINE
8
F.Silkscreen
6
CONTINUOUS
10
3.7663335826771651
20
-5.0273575984251968
11
3.7631448818897635
21
-5.0177914960629924
0
LINE
8
F.Silkscreen
6
CONTINUOUS
10
3.7631448818897635
20
-5.0177914960629924
11
3.7479443307086613
21
-5.0177914960629924
0
LINE
8
F.Silkscreen
6
CONTINUOUS
10
3.7479443307086613
20
-5.0177914960629924
11
3.7447556299212597
21
-5.0273575984251968
0
LINE
8
F.Silkscreen
6
CONTINUOUS
10
3.7447556299212597
20
-5.0273575984251968
11
3.7442801181102361
21
-5.0281916929133859
0
LINE
8
F.Silkscreen
6
CONTINUOUS
10
3.7442801181102361
20
-5.0281916929133859
11
3.7425957086614172
21
-5.0290338976377953
0
LINE
8
F.Silkscreen
6
CONTINUOUS
10
3.7425957086614172
20
-5.0290338976377953
11
3.7408090551181101
21
-5.0284383464566931
0
LINE
8
F.Silkscreen
6
CONTINUOUS
10
3.7408090551181101
20
-5.0284383464566931
11
3.7399668503937007
21
-5.0267539370078742
0
LINE
8
F.Silkscreen
6
CONTINUOUS
10
3.7399668503937007
20
-5.0267539370078742
11
3.7400868897637793
21
-5.0258013779527557
0
LINE
8
F.Silkscreen
6
CONTINUOUS
10
3.7400868897637793
20
-5.0258013779527557
11
3.7532102362204722
21
-4.9864312992125983
0
LINE
8
F.Silkscreen
6
CONTINUOUS
10
3.7532102362204722
20
-4.9864312992125983
11
3.7536857480314958
21
-4.9855972047244093
0
LINE
8
F.Silkscreen
6
CONTINUOUS
10
3.7536857480314958
20
-4.9855972047244093
11
3.7538501574803149
21
-4.9855149606299207
0
LINE
8
F.Silkscreen
6
CONTINUOUS
10
3.7538501574803149
20
-4.9855149606299207
11
3.753932401574803
21
-4.985350551181102
0
LINE
8
F.Silkscreen
6
CONTINUOUS
10
3.753932401574803
20
-4.985350551181102
11
3.7546723622047242
21
-4.9851038976377948
0
LINE
8
F.Silkscreen
6
CONTINUOUS
10
3.7546723622047242
20
-4.9851038976377948
11
3.7553701574803147
21
-4.9847549999999998
0
LINE
8
F.Silkscreen
6
CONTINUOUS
10
3.7553701574803147
20
-4.9847549999999998
11
3.7555446062992126
21
-4.9848131496062988
0
LINE
8
F.Silkscreen
6
CONTINUOUS
10
3.7555446062992126
20
-4.9848131496062988
11
3.7557190551181101
21
-4.9847549999999998
0
LINE
8
F.Silkscreen
6
CONTINUOUS
10
3.7557190551181101
20
-4.9847549999999998
11
3.7564168503937005
21
-4.9851038976377948
0
LINE
8
F.Silkscreen
6
CONTINUOUS
10
3.7495847637795277
20
-5.012870236220472
11
3.7615044488188976
21
-5.012870236220472
0
LINE
8
F.Silkscreen
6
CONTINUOUS
10
3.7615044488188976
20
-5.012870236220472
11
3.7555446062992126
21
-4.9949906299212596
0
LINE
8
F.Silkscreen
6
CONTINUOUS
10
3.7555446062992126
20
-4.9949906299212596
11
3.7495847637795277
21
-5.012870236220472
0
LINE
8
F.Silkscreen
6
CONTINUOUS
10
3.7021180314960631
20
-4.9849361023622043
11
3.7034496850393701
21
-4.9862677559055113
0
LINE
8
F.Silkscreen
6
CONTINUOUS
10
3.7034496850393701
20
-4.9862677559055113
11
3.7034496850393701
21
-4.9881510629921255
0
LINE
8
F.Silkscreen
6
CONTINUOUS
10
3.7034496850393701
20
-4.9881510629921255
11
3.7021180314960631
21
-4.9894827165354325
0
LINE
8
F.Silkscreen
6
CONTINUOUS
10
3.7021180314960631
20
-4.9894827165354325
11
3.701176377952756
21
-4.989670039370079
0
LINE
8
F.Silkscreen
6
CONTINUOUS
10
3.701176377952756
20
-4.989670039370079
11
3.6848893700787402
21
-4.989670039370079
0
LINE
8
F.Silkscreen
6
CONTINUOUS
10
3.6848893700787402
20
-4.989670039370079
11
3.6848893700787402
21
-5.0034964173228342
0
LINE
8
F.Silkscreen
6
CONTINUOUS
10
3.6848893700787402
20
-5.0034964173228342
11
3.6955520866141733
21
-5.0034964173228342
0
LINE
8
F.Silkscreen
6
CONTINUOUS
10
3.6955520866141733
20
-5.0034964173228342
11
3.6964937401574804
21
-5.0036837401574799
0
LINE
8
F.Silkscreen
6
CONTINUOUS
10
3.6964937401574804
20
-5.0036837401574799
11
3.6978253937007874
21
-5.0050153937007869
0
LINE
8
F.Silkscreen
6
CONTINUOUS
10
3.6978253937007874
20
-5.0050153937007869
11
3.6978253937007874
21
-5.0068987007874011
0
LINE
8
F.Silkscreen
6
CONTINUOUS
10
3.6978253937007874
20
-5.0068987007874011
11
3.6964937401574804
21
-5.008230354330709
0
LINE
8
F.Silkscreen
6
CONTINUOUS
10
3.6964937401574804
20
-5.008230354330709
11
3.6955520866141733
21
-5.0084176771653546
0
LINE
8
F.Silkscreen
6
CONTINUOUS
10
3.6955520866141733
20
-5.0084176771653546
11
3.6848893700787402
21
-5.0084176771653546
0
LINE
8
F.Silkscreen
6
CONTINUOUS
10
3.6848893700787402
20
-5.0084176771653546
11
3.6848893700787402
21
-5.0265794881889763
0
LINE
8
F.Silkscreen
6
CONTINUOUS
10
3.6848893700787402
20
-5.0265794881889763
11
3.6847020472440946
21
-5.0275211417322829
0
LINE
8
F.Silkscreen
6
CONTINUOUS
10
3.6847020472440946
20
-5.0275211417322829
11
3.6833703937007871
21
-5.0288527952755908
0
LINE
8
F.Silkscreen
6
CONTINUOUS
10
3.6833703937007871
20
-5.0288527952755908
11
3.6814870866141733
21
-5.0288527952755908
0
LINE
8
F.Silkscreen
6
CONTINUOUS
10
3.6814870866141733
20
-5.0288527952755908
11
3.6801554330708659
21
-5.0275211417322829
0
LINE
8
F.Silkscreen
6
CONTINUOUS
10
3.6801554330708659
20
-5.0275211417322829
11
3.6799681102362203
21
-5.0265794881889763
0
LINE
8
F.Silkscreen
6
CONTINUOUS
10
3.6799681102362203
20
-5.0265794881889763
11
3.6799681102362203
21
-4.9872094094488189
0
LINE
8
F.Silkscreen
6
CONTINUOUS
10
3.6799681102362203
20
-4.9872094094488189
11
3.6801554330708659
21
-4.9862677559055113
0
LINE
8
F.Silkscreen
6
CONTINUOUS
10
3.6801554330708659
20
-4.9862677559055113
11
3.6814870866141733
21
-4.9849361023622043
0
LINE
8
F.Silkscreen
6
CONTINUOUS
10
3.6814870866141733
20
-4.9849361023622043
11
3.6824287401574805
21
-4.9847487795275587
0
LINE
8
F.Silkscreen
6
CONTINUOUS
10
3.6824287401574805
20
-4.9847487795275587
11
3.701176377952756
21
-4.9847487795275587
0
LINE
8
F.Silkscreen
6
CONTINUOUS
10
3.701176377952756
20
-4.9847487795275587
11
3.7021180314960631
21
-4.9849361023622043
0
LINE
8
F.Silkscreen
6
CONTINUOUS
10
3.8215599606299211
20
-4.9862677559055113
11
3.8217472834645667
21
-4.9872094094488189
0
LINE
8
F.Silkscreen
6
CONTINUOUS
10
3.8217472834645667
20
-4.9872094094488189
11
3.8217472834645667
21
-5.0034964173228342
0
LINE
8
F.Silkscreen
6
CONTINUOUS
10
3.8217472834645667
20
-5.0034964173228342
11
3.8393231889763779
21
-5.0034964173228342
0
LINE
8
F.Silkscreen
6
CONTINUOUS
10
3.8393231889763779
20
-5.0034964173228342
11
3.8393231889763779
21
-4.9872094094488189
0
LINE
8
F.Silkscreen
6
CONTINUOUS
10
3.8393231889763779
20
-4.9872094094488189
11
3.8395105118110235
21
-4.9862677559055113
0
LINE
8
F.Silkscreen
6
CONTINUOUS
10
3.8395105118110235
20
-4.9862677559055113
11
3.8408421653543305
21
-4.9849361023622043
0
LINE
8
F.Silkscreen
6
CONTINUOUS
10
3.8408421653543305
20
-4.9849361023622043
11
3.8427254724409448
21
-4.9849361023622043
0
LINE
8
F.Silkscreen
6
CONTINUOUS
10
3.8427254724409448
20
-4.9849361023622043
11
3.8440571259842518
21
-4.9862677559055113
0
LINE
8
F.Silkscreen
6
CONTINUOUS
10
3.8440571259842518
20
-4.9862677559055113
11
3.8442444488188974
21
-4.9872094094488189
0
LINE
8
F.Silkscreen
6
CONTINUOUS
10
3.8442444488188974
20
-4.9872094094488189
11
3.8442444488188974
21
-5.0265794881889763
0
LINE
8
F.Silkscreen
6
CONTINUOUS
10
3.8442444488188974
20
-5.0265794881889763
11
3.8440571259842518
21
-5.0275211417322829
0
LINE
8
F.Silkscreen
6
CONTINUOUS
10
3.8440571259842518
20
-5.0275211417322829
11
3.8427254724409448
21
-5.0288527952755908
0
LINE
8
F.Silkscreen
6
CONTINUOUS
10
3.8427254724409448
20
-5.0288527952755908
11
3.8408421653543305
21
-5.0288527952755908
0
LINE
8
F.Silkscreen
6
CONTINUOUS
10
3.8408421653543305
20
-5.0288527952755908
11
3.8395105118110235
21
-5.0275211417322829
0
LINE
8
F.Silkscreen
6
CONTINUOUS
10
3.8395105118110235
20
-5.0275211417322829
11
3.8393231889763779
21
-5.0265794881889763
0
LINE
8
F.Silkscreen
6
CONTINUOUS
10
3.8393231889763779
20
-5.0265794881889763
11
3.8393231889763779
21
-5.0084176771653546
0
LINE
8
F.Silkscreen
6
CONTINUOUS
10
3.8393231889763779
20
-5.0084176771653546
11
3.8217472834645667
21
-5.0084176771653546
0
LINE
8
F.Silkscreen
6
CONTINUOUS
10
3.8217472834645667
20
-5.0084176771653546
11
3.8217472834645667
21
-5.0265794881889763
0
LINE
8
F.Silkscreen
6
CONTINUOUS
10
3.8217472834645667
20
-5.0265794881889763
11
3.8215599606299211
21
-5.0275211417322829
0
LINE
8
F.Silkscreen
6
CONTINUOUS
10
3.8215599606299211
20
-5.0275211417322829
11
3.8202283070866141
21
-5.0288527952755908
0
LINE
8
F.Silkscreen
6
CONTINUOUS
10
3.8202283070866141
20
-5.0288527952755908
11
3.8183449999999999
21
-5.0288527952755908
0
LINE
8
F.Silkscreen
6
CONTINUOUS
10
3.8183449999999999
20
-5.0288527952755908
11
3.8170133464566929
21
-5.0275211417322829
0
LINE
8
F.Silkscreen
6
CONTINUOUS
10
3.8170133464566929
20
-5.0275211417322829
11
3.8168260236220473
21
-5.0265794881889763
0
LINE
8
F.Silkscreen
6
CONTINUOUS
10
3.8168260236220473
20
-5.0265794881889763
11
3.8168260236220473
21
-4.9872094094488189
0
LINE
8
F.Silkscreen
6
CONTINUOUS
10
3.8168260236220473
20
-4.9872094094488189
11
3.8170133464566929
21
-4.9862677559055113
0
LINE
8
F.Silkscreen
6
CONTINUOUS
10
3.8170133464566929
20
-4.9862677559055113
11
3.8183449999999999
21
-4.9849361023622043
0
LINE
8
F.Silkscreen
6
CONTINUOUS
10
3.8183449999999999
20
-4.9849361023622043
11
3.8202283070866141
21
-4.9849361023622043
0
LINE
8
F.Silkscreen
6
CONTINUOUS
10
3.8202283070866141
20
-4.9849361023622043
11
3.8215599606299211
21
-4.9862677559055113
0
LINE
8
F.Silkscreen
6
CONTINUOUS
10
3.6851512598425198
20
-4.8385285826771653
11
3.6862156692913386
21
-4.838969488188976
0
LINE
8
F.Silkscreen
6
CONTINUOUS
10
3.6862156692913386
20
-4.838969488188976
11
3.6870303149606301
21
-4.8397841338582674
0
LINE
8
F.Silkscreen
6
CONTINUOUS
10
3.6870303149606301
20
-4.8397841338582674
11
3.6874712204724407
21
-4.8408485433070867
0
LINE
8
F.Silkscreen
6
CONTINUOUS
10
3.6874712204724407
20
-4.8408485433070867
11
3.6874712204724407
21
-4.8420006692913384
0
LINE
8
F.Silkscreen
6
CONTINUOUS
10
3.6874712204724407
20
-4.8420006692913384
11
3.6870303149606301
21
-4.8430650787401577
0
LINE
8
F.Silkscreen
6
CONTINUOUS
10
3.6870303149606301
20
-4.8430650787401577
11
3.6862156692913386
21
-4.8438797244094491
0
LINE
8
F.Silkscreen
6
CONTINUOUS
10
3.6862156692913386
20
-4.8438797244094491
11
3.6851512598425198
21
-4.8443206299212598
0
LINE
8
F.Silkscreen
6
CONTINUOUS
10
3.6851512598425198
20
-4.8443206299212598
11
3.6845751968503935
21
-4.8443773622047246
0
LINE
8
F.Silkscreen
6
CONTINUOUS
10
3.6845751968503935
20
-4.8443773622047246
11
3.6545789763779526
21
-4.8443773622047246
0
LINE
8
F.Silkscreen
6
CONTINUOUS
10
3.6545789763779526
20
-4.8443773622047246
11
3.6540029133858267
21
-4.8443206299212598
0
LINE
8
F.Silkscreen
6
CONTINUOUS
10
3.6540029133858267
20
-4.8443206299212598
11
3.6529385039370079
21
-4.8438797244094491
0
LINE
8
F.Silkscreen
6
CONTINUOUS
10
3.6529385039370079
20
-4.8438797244094491
11
3.6521238582677165
21
-4.8430650787401577
0
LINE
8
F.Silkscreen
6
CONTINUOUS
10
3.6521238582677165
20
-4.8430650787401577
11
3.6516829527559054
21
-4.8420006692913384
0
LINE
8
F.Silkscreen
6
CONTINUOUS
10
3.6516829527559054
20
-4.8420006692913384
11
3.6516829527559054
21
-4.8408485433070867
0
LINE
8
F.Silkscreen
6
CONTINUOUS
10
3.6516829527559054
20
-4.8408485433070867
11
3.6521238582677165
21
-4.8397841338582674
0
LINE
8
F.Silkscreen
6
CONTINUOUS
10
3.6521238582677165
20
-4.8397841338582674
11
3.6529385039370079
21
-4.838969488188976
0
LINE
8
F.Silkscreen
6
CONTINUOUS
10
3.6529385039370079
20
-4.838969488188976
11
3.6540029133858267
21
-4.8385285826771653
0
LINE
8
F.Silkscreen
6
CONTINUOUS
10
3.6540029133858267
20
-4.8385285826771653
11
3.6545789763779526
21
-4.8384718503937005
0
LINE
8
F.Silkscreen
6
CONTINUOUS
10
3.6545789763779526
20
-4.8384718503937005
11
3.6845751968503935
21
-4.8384718503937005
0
LINE
8
F.Silkscreen
6
CONTINUOUS
10
3.6845751968503935
20
-4.8384718503937005
11
3.6851512598425198
21
-4.8385285826771653
0
LINE
8
F.Silkscreen
6
CONTINUOUS
10
3.6023770472440946
20
-4.7953809448818898
11
3.6024548031496062
21
-4.7953754330708662
0
LINE
8
F.Silkscreen
6
CONTINUOUS
10
3.6024548031496062
20
-4.7953754330708662
11
3.6025570472440944
21
-4.7953986614173223
0
LINE
8
F.Silkscreen
6
CONTINUOUS
10
3.6025570472440944
20
-4.7953986614173223
11
3.6026615748031494
21
-4.7954089763779528
0
LINE
8
F.Silkscreen
6
CONTINUOUS
10
3.6026615748031494
20
-4.7954089763779528
11
3.6027336614173229
21
-4.7954388188976376
0
LINE
8
F.Silkscreen
6
CONTINUOUS
10
3.6027336614173229
20
-4.7954388188976376
11
3.603019251968504
21
-4.795503779527559
0
LINE
8
F.Silkscreen
6
CONTINUOUS
10
3.603019251968504
20
-4.795503779527559
11
3.6086435433070867
21
-4.7973785433070866
0
LINE
8
F.Silkscreen
6
CONTINUOUS
10
3.6086435433070867
20
-4.7973785433070866
11
3.6091720866141732
21
-4.7976145275590554
0
LINE
8
F.Silkscreen
6
CONTINUOUS
10
3.6091720866141732
20
-4.7976145275590554
11
3.6100424409448819
21
-4.798369409448819
0
LINE
8
F.Silkscreen
6
CONTINUOUS
10
3.6100424409448819
20
-4.798369409448819
11
3.610557677165354
21
-4.7993998425196853
0
LINE
8
F.Silkscreen
6
CONTINUOUS
10
3.610557677165354
20
-4.7993998425196853
11
3.61063937007874
21
-4.8005490551181103
0
LINE
8
F.Silkscreen
6
CONTINUOUS
10
3.61063937007874
20
-4.8005490551181103
11
3.6102750393700789
21
-4.8016420472440942
0
LINE
8
F.Silkscreen
6
CONTINUOUS
10
3.6102750393700789
20
-4.8016420472440942
11
3.6095201574803149
21
-4.8025124409448816
0
LINE
8
F.Silkscreen
6
CONTINUOUS
10
3.6095201574803149
20
-4.8025124409448816
11
3.6084896850393702
21
-4.8030276377952754
0
LINE
8
F.Silkscreen
6
CONTINUOUS
10
3.6084896850393702
20
-4.8030276377952754
11
3.6073404724409448
21
-4.8031093307086614
0
LINE
8
F.Silkscreen
6
CONTINUOUS
10
3.6073404724409448
20
-4.8031093307086614
11
3.606776023622047
21
-4.8029809842519686
0
LINE
8
F.Silkscreen
6
CONTINUOUS
10
3.606776023622047
20
-4.8029809842519686
11
3.6016063779527556
21
-4.8012577559055121
0
LINE
8
F.Silkscreen
6
CONTINUOUS
10
3.6016063779527556
20
-4.8012577559055121
11
3.5934087401574804
21
-4.8012577559055121
0
LINE
8
F.Silkscreen
6
CONTINUOUS
10
3.5934087401574804
20
-4.8012577559055121
11
3.5907112598425197
21
-4.8026064960629924
0
LINE
8
F.Silkscreen
6
CONTINUOUS
10
3.5907112598425197
20
-4.8026064960629924
11
3.5895141338582675
21
-4.8038036220472442
0
LINE
8
F.Silkscreen
6
CONTINUOUS
10
3.5895141338582675
20
-4.8038036220472442
11
3.5881653937007871
21
-4.8065011023622048
0
LINE
8
F.Silkscreen
6
CONTINUOUS
10
3.5881653937007871
20
-4.8065011023622048
11
3.5881653937007871
21
-4.8088565354330708
0
LINE
8
F.Silkscreen
6
CONTINUOUS
10
3.5881653937007871
20
-4.8088565354330708
11
3.5895141338582675
21
-4.8115540157480314
0
LINE
8
F.Silkscreen
6
CONTINUOUS
10
3.5895141338582675
20
-4.8115540157480314
11
3.5907112598425197
21
-4.8127511417322832
0
LINE
8
F.Silkscreen
6
CONTINUOUS
10
3.5907112598425197
20
-4.8127511417322832
11
3.5937422440944879
21
-4.8142666141732287
0
LINE
8
F.Silkscreen
6
CONTINUOUS
10
3.5937422440944879
20
-4.8142666141732287
11
3.6009268897637794
21
-4.8160627952755908
0
LINE
8
F.Silkscreen
6
CONTINUOUS
10
3.6009268897637794
20
-4.8160627952755908
11
3.6009693700787402
21
-4.8160779527559052
0
LINE
8
F.Silkscreen
6
CONTINUOUS
10
3.6009693700787402
20
-4.8160779527559052
11
3.60099062992126
21
-4.8160794881889766
0
LINE
8
F.Silkscreen
6
CONTINUOUS
10
3.60099062992126
20
-4.8160794881889766
11
3.6012300393700785
21
-4.8161711023622047
0
LINE
8
F.Silkscreen
6
CONTINUOUS
10
3.6012300393700785
20
-4.8161711023622047
11
3.6014720078740154
21
-4.816257559055118
0
LINE
8
F.Silkscreen
6
CONTINUOUS
10
3.6014720078740154
20
-4.816257559055118
11
3.6014891338582675
21
-4.8162702362204719
0
LINE
8
F.Silkscreen
6
CONTINUOUS
10
3.6014891338582675
20
-4.8162702362204719
11
3.6015312598425195
21
-4.816286377952756
0
LINE
8
F.Silkscreen
6
CONTINUOUS
10
3.6015312598425195
20
-4.816286377952756
11
3.6052807874015746
21
-4.8181611417322836
0
LINE
8
F.Silkscreen
6
CONTINUOUS
10
3.6052807874015746
20
-4.8181611417322836
11
3.605528779527559
21
-4.8183172047244094
0
LINE
8
F.Silkscreen
6
CONTINUOUS
10
3.605528779527559
20
-4.8183172047244094
11
3.6056007480314958
21
-4.8183470472440941
0
LINE
8
F.Silkscreen
6
CONTINUOUS
10
3.6056007480314958
20
-4.8183470472440941
11
3.6056816929133859
21
-4.8184135039370082
0
LINE
8
F.Silkscreen
6
CONTINUOUS
10
3.6056816929133859
20
-4.8184135039370082
11
3.6057706692913385
21
-4.8184694881889767
0
LINE
8
F.Silkscreen
6
CONTINUOUS
10
3.6057706692913385
20
-4.8184694881889767
11
3.6058218110236218
21
-4.8185284645669286
0
LINE
8
F.Silkscreen
6
CONTINUOUS
10
3.6058218110236218
20
-4.8185284645669286
11
3.606048188976378
21
-4.8187142519685038
0
LINE
8
F.Silkscreen
6
CONTINUOUS
10
3.606048188976378
20
-4.8187142519685038
11
3.6079229527559056
21
-4.8205890157480313
0
LINE
8
F.Silkscreen
6
CONTINUOUS
10
3.6079229527559056
20
-4.8205890157480313
11
3.6081087007874015
21
-4.8208153543307084
0
LINE
8
F.Silkscreen
6
CONTINUOUS
10
3.6081087007874015
20
-4.8208153543307084
11
3.6081677165354331
21
-4.8208665354330709
0
LINE
8
F.Silkscreen
6
CONTINUOUS
10
3.6081677165354331
20
-4.8208665354330709
11
3.6082236614173229
21
-4.8209554724409447
0
LINE
8
F.Silkscreen
6
CONTINUOUS
10
3.6082236614173229
20
-4.8209554724409447
11
3.6082901574803148
21
-4.8210364566929131
0
LINE
8
F.Silkscreen
6
CONTINUOUS
10
3.6082901574803148
20
-4.8210364566929131
11
3.6083199606299212
21
-4.8211083858267711
0
LINE
8
F.Silkscreen
6
CONTINUOUS
10
3.6083199606299212
20
-4.8211083858267711
11
3.6084760629921258
21
-4.8213564173228347
0
LINE
8
F.Silkscreen
6
CONTINUOUS
10
3.6084760629921258
20
-4.8213564173228347
11
3.6103508267716533
21
-4.8251059448818898
0
LINE
8
F.Silkscreen
6
CONTINUOUS
10
3.6103508267716533
20
-4.8251059448818898
11
3.6105577165354328
21
-4.8256465354330711
0
LINE
8
F.Silkscreen
6
CONTINUOUS
10
3.6105577165354328
20
-4.8256465354330711
11
3.6105652362204723
21
-4.8257524015748032
0
LINE
8
F.Silkscreen
6
CONTINUOUS
10
3.6105652362204723
20
-4.8257524015748032
11
3.6106058267716534
21
-4.8258503937007875
0
LINE
8
F.Silkscreen
6
CONTINUOUS
10
3.6106058267716534
20
-4.8258503937007875
11
3.6106625590551182
21
-4.8264264566929134
0
LINE
8
F.Silkscreen
6
CONTINUOUS
10
3.6106625590551182
20
-4.8264264566929134
11
3.6106625590551182
21
-4.8301759842519685
0
LINE
8
F.Silkscreen
6
CONTINUOUS
10
3.6106625590551182
20
-4.8301759842519685
11
3.6106058267716534
21
-4.8307520472440943
0
LINE
8
F.Silkscreen
6
CONTINUOUS
10
3.6106058267716534
20
-4.8307520472440943
11
3.6105652362204723
21
-4.8308499999999999
0
LINE
8
F.Silkscreen
6
CONTINUOUS
10
3.6105652362204723
20
-4.8308499999999999
11
3.6105577165354328
21
-4.8309559055118108
0
LINE
8
F.Silkscreen
6
CONTINUOUS
10
3.6105577165354328
20
-4.8309559055118108
11
3.6103508267716533
21
-4.831496496062992
0
LINE
8
F.Silkscreen
6
CONTINUOUS
10
3.6103508267716533
20
-4.831496496062992
11
3.6084760629921258
21
-4.8352460236220471
0
LINE
8
F.Silkscreen
6
CONTINUOUS
10
3.6084760629921258
20
-4.8352460236220471
11
3.60832
21
-4.8354938976377948
0
LINE
8
F.Silkscreen
6
CONTINUOUS
10
3.60832
20
-4.8354938976377948
11
3.6082901968503935
21
-4.83556594488189
0
LINE
8
F.Silkscreen
6
CONTINUOUS
10
3.6082901968503935
20
-4.83556594488189
11
3.6082236614173229
21
-4.8356469685039372
0
LINE
8
F.Silkscreen
6
CONTINUOUS
10
3.6082236614173229
20
-4.8356469685039372
11
3.6081677165354331
21
-4.835735905511811
0
LINE
8
F.Silkscreen
6
CONTINUOUS
10
3.6081677165354331
20
-4.835735905511811
11
3.6081087007874015
21
-4.8357870472440947
0
LINE
8
F.Silkscreen
6
CONTINUOUS
10
3.6081087007874015
20
-4.8357870472440947
11
3.6079229527559056
21
-4.8360134251968505
0
LINE
8
F.Silkscreen
6
CONTINUOUS
10
3.6079229527559056
20
-4.8360134251968505
11
3.6060482283464568
21
-4.8378881889763781
0
LINE
8
F.Silkscreen
6
CONTINUOUS
10
3.6060482283464568
20
-4.8378881889763781
11
3.6058218503937005
21
-4.8380739370078736
0
LINE
8
F.Silkscreen
6
CONTINUOUS
10
3.6058218503937005
20
-4.8380739370078736
11
3.6057706692913385
21
-4.8381329921259839
0
LINE
8
F.Silkscreen
6
CONTINUOUS
10
3.6057706692913385
20
-4.8381329921259839
11
3.6056816929133859
21
-4.8381889763779524
0
LINE
8
F.Silkscreen
6
CONTINUOUS
10
3.6056816929133859
20
-4.8381889763779524
11
3.6056007480314958
21
-4.8382554330708665
0
LINE
8
F.Silkscreen
6
CONTINUOUS
10
3.6056007480314958
20
-4.8382554330708665
11
3.605528779527559
21
-4.8382852362204725
0
LINE
8
F.Silkscreen
6
CONTINUOUS
10
3.605528779527559
20
-4.8382852362204725
11
3.6052807874015746
21
-4.838441338582677
0
LINE
8
F.Silkscreen
6
CONTINUOUS
10
3.6052807874015746
20
-4.838441338582677
11
3.6015312598425195
21
-4.8403161023622046
0
LINE
8
F.Silkscreen
6
CONTINUOUS
10
3.6015312598425195
20
-4.8403161023622046
11
3.60099062992126
21
-4.840522992125984
0
LINE
8
F.Silkscreen
6
CONTINUOUS
10
3.60099062992126
20
-4.840522992125984
11
3.6008848031496061
21
-4.8405304724409444
0
LINE
8
F.Silkscreen
6
CONTINUOUS
10
3.6008848031496061
20
-4.8405304724409444
11
3.6007868110236219
21
-4.8405711023622047
0
LINE
8
F.Silkscreen
6
CONTINUOUS
10
3.6007868110236219
20
-4.8405711023622047
11
3.600210748031496
21
-4.8406278346456695
0
LINE
8
F.Silkscreen
6
CONTINUOUS
10
3.600210748031496
20
-4.8406278346456695
11
3.5908369291338582
21
-4.8406278346456695
0
LINE
8
F.Silkscreen
6
CONTINUOUS
10
3.5908369291338582
20
-4.8406278346456695
11
3.5905453149606297
21
-4.8405990944881889
0
LINE
8
F.Silkscreen
6
CONTINUOUS
10
3.5905453149606297
20
-4.8405990944881889
11
3.5904675984251968
21
-4.8406046456692913
0
LINE
8
F.Silkscreen
6
CONTINUOUS
10
3.5904675984251968
20
-4.8406046456692913
11
3.5903653149606298
21
-4.8405813779527556
0
LINE
8
F.Silkscreen
6
CONTINUOUS
10
3.5903653149606298
20
-4.8405813779527556
11
3.5902608661417323
21
-4.8405711023622047
0
LINE
8
F.Silkscreen
6
CONTINUOUS
10
3.5902608661417323
20
-4.8405711023622047
11
3.5901887795275589
21
-4.8405412204724412
0
LINE
8
F.Silkscreen
6
CONTINUOUS
10
3.5901887795275589
20
-4.8405412204724412
11
3.589903149606299
21
-4.8404762992125985
0
LINE
8
F.Silkscreen
6
CONTINUOUS
10
3.589903149606299
20
-4.8404762992125985
11
3.5842788976377951
21
-4.8386015354330709
0
LINE
8
F.Silkscreen
6
CONTINUOUS
10
3.5842788976377951
20
-4.8386015354330709
11
3.5837503149606298
21
-4.8383655511811021
0
LINE
8
F.Silkscreen
6
CONTINUOUS
10
3.5837503149606298
20
-4.8383655511811021
11
3.5828799606299211
21
-4.8376106692913385
0
LINE
8
F.Silkscreen
6
CONTINUOUS
10
3.5828799606299211
20
-4.8376106692913385
11
3.5823647637795273
21
-4.8365802362204722
0
LINE
8
F.Silkscreen
6
CONTINUOUS
10
3.5823647637795273
20
-4.8365802362204722
11
3.5822830708661417
21
-4.8354310236220472
0
LINE
8
F.Silkscreen
6
CONTINUOUS
10
3.5822830708661417
20
-4.8354310236220472
11
3.5826474015748029
21
-4.8343379921259846
0
LINE
8
F.Silkscreen
6
CONTINUOUS
10
3.5826474015748029
20
-4.8343379921259846
11
3.5834022834645669
21
-4.8334676377952759
0
LINE
8
F.Silkscreen
6
CONTINUOUS
10
3.5834022834645669
20
-4.8334676377952759
11
3.5844327165354328
21
-4.8329524409448821
0
LINE
8
F.Silkscreen
6
CONTINUOUS
10
3.5844327165354328
20
-4.8329524409448821
11
3.5855819291338582
21
-4.8328707480314961
0
LINE
8
F.Silkscreen
6
CONTINUOUS
10
3.5855819291338582
20
-4.8328707480314961
11
3.586146377952756
21
-4.8329990944881889
0
LINE
8
F.Silkscreen
6
CONTINUOUS
10
3.586146377952756
20
-4.8329990944881889
11
3.5913160629921257
21
-4.8347223228346454
0
LINE
8
F.Silkscreen
6
CONTINUOUS
10
3.5913160629921257
20
-4.8347223228346454
11
3.5995137007874014
21
-4.8347223228346454
0
LINE
8
F.Silkscreen
6
CONTINUOUS
10
3.5995137007874014
20
-4.8347223228346454
11
3.6022111417322833
21
-4.8333735826771651
0
LINE
8
F.Silkscreen
6
CONTINUOUS
10
3.6022111417322833
20
-4.8333735826771651
11
3.6034082677165356
21
-4.8321764173228345
0
LINE
8
F.Silkscreen
6
CONTINUOUS
10
3.6034082677165356
20
-4.8321764173228345
11
3.6047570472440946
21
-4.8294789370078739
0
LINE
8
F.Silkscreen
6
CONTINUOUS
10
3.6047570472440946
20
-4.8294789370078739
11
3.6047570472440946
21
-4.827123503937008
0
LINE
8
F.Silkscreen
6
CONTINUOUS
10
3.6047570472440946
20
-4.827123503937008
11
3.6034083070866143
21
-4.8244260236220473
0
LINE
8
F.Silkscreen
6
CONTINUOUS
10
3.6034083070866143
20
-4.8244260236220473
11
3.602211181102362
21
-4.8232288976377955
0
LINE
8
F.Silkscreen
6
CONTINUOUS
10
3.602211181102362
20
-4.8232288976377955
11
3.5991801968503938
21
-4.8217133858267713
0
LINE
8
F.Silkscreen
6
CONTINUOUS
10
3.5991801968503938
20
-4.8217133858267713
11
3.5919955511811024
21
-4.819917244094488
0
LINE
8
F.Silkscreen
6
CONTINUOUS
10
3.5919955511811024
20
-4.819917244094488
11
3.5919530314960628
21
-4.8199020472440948
0
LINE
8
F.Silkscreen
6
CONTINUOUS
10
3.5919530314960628
20
-4.8199020472440948
11
3.591931771653543
21
-4.8199005511811022
0
LINE
8
F.Silkscreen
6
CONTINUOUS
10
3.591931771653543
20
-4.8199005511811022
11
3.5916920078740158
21
-4.819808779527559
0
LINE
8
F.Silkscreen
6
CONTINUOUS
10
3.5916920078740158
20
-4.819808779527559
11
3.5914504330708659
21
-4.8197224803149608
0
LINE
8
F.Silkscreen
6
CONTINUOUS
10
3.5914504330708659
20
-4.8197224803149608
11
3.5914332677165355
21
-4.8197097637795272
0
LINE
8
F.Silkscreen
6
CONTINUOUS
10
3.5914332677165355
20
-4.8197097637795272
11
3.5913911811023622
21
-4.8196936614173227
0
LINE
8
F.Silkscreen
6
CONTINUOUS
10
3.5913911811023622
20
-4.8196936614173227
11
3.5876416535433071
21
-4.8178188976377951
0
LINE
8
F.Silkscreen
6
CONTINUOUS
10
3.5876416535433071
20
-4.8178188976377951
11
3.587393622047244
21
-4.8176627952755906
0
LINE
8
F.Silkscreen
6
CONTINUOUS
10
3.587393622047244
20
-4.8176627952755906
11
3.5873216929133855
21
-4.8176329921259837
0
LINE
8
F.Silkscreen
6
CONTINUOUS
10
3.5873216929133855
20
-4.8176329921259837
11
3.5872407086614171
21
-4.8175664960629918
0
LINE
8
F.Silkscreen
6
CONTINUOUS
10
3.5872407086614171
20
-4.8175664960629918
11
3.5871517716535433
21
-4.8175105511811021
0
LINE
8
F.Silkscreen
6
CONTINUOUS
10
3.5871517716535433
20
-4.8175105511811021
11
3.5871005905511808
21
-4.8174515354330705
0
LINE
8
F.Silkscreen
6
CONTINUOUS
10
3.5871005905511808
20
-4.8174515354330705
11
3.5868742519685037
21
-4.817265787401575
0
LINE
8
F.Silkscreen
6
CONTINUOUS
10
3.5868742519685037
20
-4.817265787401575
11
3.5849994881889762
21
-4.8153910236220474
0
LINE
8
F.Silkscreen
6
CONTINUOUS
10
3.5849994881889762
20
-4.8153910236220474
11
3.5848137007874015
21
-4.8151646456692916
0
LINE
8
F.Silkscreen
6
CONTINUOUS
10
3.5848137007874015
20
-4.8151646456692916
11
3.5847547244094486
21
-4.8151135039370079
0
LINE
8
F.Silkscreen
6
CONTINUOUS
10
3.5847547244094486
20
-4.8151135039370079
11
3.5846987401574801
21
-4.8150245275590553
0
LINE
8
F.Silkscreen
6
CONTINUOUS
10
3.5846987401574801
20
-4.8150245275590553
11
3.584632283464567
21
-4.8149435826771656
0
LINE
8
F.Silkscreen
6
CONTINUOUS
10
3.584632283464567
20
-4.8149435826771656
11
3.5846024409448818
21
-4.814871614173228
0
LINE
8
F.Silkscreen
6
CONTINUOUS
10
3.5846024409448818
20
-4.814871614173228
11
3.584446377952756
21
-4.814623622047244
0
LINE
8
F.Silkscreen
6
CONTINUOUS
10
3.584446377952756
20
-4.814623622047244
11
3.5825716141732284
21
-4.8108740944881889
0
LINE
8
F.Silkscreen
6
CONTINUOUS
10
3.5825716141732284
20
-4.8108740944881889
11
3.5823647244094485
21
-4.8103334645669289
0
LINE
8
F.Silkscreen
6
CONTINUOUS
10
3.5823647244094485
20
-4.8103334645669289
11
3.5823572047244094
21
-4.8102276377952755
0
LINE
8
F.Silkscreen
6
CONTINUOUS
10
3.5823572047244094
20
-4.8102276377952755
11
3.5823166141732283
21
-4.8101296456692912
0
LINE
8
F.Silkscreen
6
CONTINUOUS
10
3.5823166141732283
20
-4.8101296456692912
11
3.5822598818897635
21
-4.8095535826771654
0
LINE
8
F.Silkscreen
6
CONTINUOUS
10
3.5822598818897635
20
-4.8095535826771654
11
3.5822598818897635
21
-4.8058040551181103
0
LINE
8
F.Silkscreen
6
CONTINUOUS
10
3.5822598818897635
20
-4.8058040551181103
11
3.5823166141732283
21
-4.8052279921259844
0
LINE
8
F.Silkscreen
6
CONTINUOUS
10
3.5823166141732283
20
-4.8052279921259844
11
3.5823572047244094
21
-4.8051299606299214
0
LINE
8
F.Silkscreen
6
CONTINUOUS
10
3.5823572047244094
20
-4.8051299606299214
11
3.5823647244094485
21
-4.8050241732283467
0
LINE
8
F.Silkscreen
6
CONTINUOUS
10
3.5823647244094485
20
-4.8050241732283467
11
3.5825716141732284
21
-4.8044835433070867
0
LINE
8
F.Silkscreen
6
CONTINUOUS
10
3.5825716141732284
20
-4.8044835433070867
11
3.584446377952756
21
-4.8007340157480316
0
LINE
8
F.Silkscreen
6
CONTINUOUS
10
3.584446377952756
20
-4.8007340157480316
11
3.5846024409448818
21
-4.800485984251968
0
LINE
8
F.Silkscreen
6
CONTINUOUS
10
3.5846024409448818
20
-4.800485984251968
11
3.584632283464567
21
-4.80041405511811
0
LINE
8
F.Silkscreen
6
CONTINUOUS
10
3.584632283464567
20
-4.80041405511811
11
3.5846987401574801
21
-4.8003330708661416
0
LINE
8
F.Silkscreen
6
CONTINUOUS
10
3.5846987401574801
20
-4.8003330708661416
11
3.5847547244094486
21
-4.8002441338582678
0
LINE
8
F.Silkscreen
6
CONTINUOUS
10
3.5847547244094486
20
-4.8002441338582678
11
3.5848137007874015
21
-4.8001929527559053
0
LINE
8
F.Silkscreen
6
CONTINUOUS
10
3.5848137007874015
20
-4.8001929527559053
11
3.5849994881889762
21
-4.7999666141732282
0
LINE
8
F.Silkscreen
6
CONTINUOUS
10
3.5849994881889762
20
-4.7999666141732282
11
3.5868742519685037
21
-4.7980918503937007
0
LINE
8
F.Silkscreen
6
CONTINUOUS
10
3.5868742519685037
20
-4.7980918503937007
11
3.5871005905511808
21
-4.7979060629921255
0
LINE
8
F.Silkscreen
6
CONTINUOUS
10
3.5871005905511808
20
-4.7979060629921255
11
3.5871517716535433
21
-4.7978470866141727
0
LINE
8
F.Silkscreen
6
CONTINUOUS
10
3.5871517716535433
20
-4.7978470866141727
11
3.5872407086614171
21
-4.7977911023622042
0
LINE
8
F.Silkscreen
6
CONTINUOUS
10
3.5872407086614171
20
-4.7977911023622042
11
3.5873216929133855
21
-4.797724645669291
0
LINE
8
F.Silkscreen
6
CONTINUOUS
10
3.5873216929133855
20
-4.797724645669291
11
3.587393622047244
21
-4.7976948031496063
0
LINE
8
F.Silkscreen
6
CONTINUOUS
10
3.587393622047244
20
-4.7976948031496063
11
3.5876416535433071
21
-4.7975387401574805
0
LINE
8
F.Silkscreen
6
CONTINUOUS
10
3.5876416535433071
20
-4.7975387401574805
11
3.5913911811023622
21
-4.7956639763779529
0
LINE
8
F.Silkscreen
6
CONTINUOUS
10
3.5913911811023622
20
-4.7956639763779529
11
3.591931771653543
21
-4.7954570866141735
0
LINE
8
F.Silkscreen
6
CONTINUOUS
10
3.591931771653543
20
-4.7954570866141735
11
3.5920376377952756
21
-4.7954495275590547
0
LINE
8
F.Silkscreen
6
CONTINUOUS
10
3.5920376377952756
20
-4.7954495275590547
11
3.5921356299212599
21
-4.7954089763779528
0
LINE
8
F.Silkscreen
6
CONTINUOUS
10
3.5921356299212599
20
-4.7954089763779528
11
3.5927116929133858
21
-4.795352244094488
0
LINE
8
F.Silkscreen
6
CONTINUOUS
10
3.5927116929133858
20
-4.795352244094488
11
3.6020855118110235
21
-4.795352244094488
0
LINE
8
F.Silkscreen
6
CONTINUOUS
10
3.6020855118110235
20
-4.795352244094488
11
3.6023770472440946
21
-4.7953809448818898
0
LINE
8
F.Silkscreen
6
CONTINUOUS
10
3.6342480708661418
20
-4.7953809448818898
11
3.6343258267716534
21
-4.7953754330708662
0
LINE
8
F.Silkscreen
6
CONTINUOUS
10
3.6343258267716534
20
-4.7953754330708662
11
3.6344280708661416
21
-4.7953986614173223
0
LINE
8
F.Silkscreen
6
CONTINUOUS
10
3.6344280708661416
20
-4.7953986614173223
11
3.6345325984251966
21
-4.7954089763779528
0
LINE
8
F.Silkscreen
6
CONTINUOUS
10
3.6345325984251966
20
-4.7954089763779528
11
3.6346046850393701
21
-4.7954388188976376
0
LINE
8
F.Silkscreen
6
CONTINUOUS
10
3.6346046850393701
20
-4.7954388188976376
11
3.6348902755905512
21
-4.795503779527559
0
LINE
8
F.Silkscreen
6
CONTINUOUS
10
3.6348902755905512
20
-4.795503779527559
11
3.6405145669291339
21
-4.7973785433070866
0
LINE
8
F.Silkscreen
6
CONTINUOUS
10
3.6405145669291339
20
-4.7973785433070866
11
3.6410431102362204
21
-4.7976145275590554
0
LINE
8
F.Silkscreen
6
CONTINUOUS
10
3.6410431102362204
20
-4.7976145275590554
11
3.6411232283464567
21
-4.7976840157480316
0
LINE
8
F.Silkscreen
6
CONTINUOUS
10
3.6411232283464567
20
-4.7976840157480316
11
3.6412212992125985
21
-4.797724645669291
0
LINE
8
F.Silkscreen
6
CONTINUOUS
10
3.6412212992125985
20
-4.797724645669291
11
3.6416687401574803
21
-4.7980918503937007
0
LINE
8
F.Silkscreen
6
CONTINUOUS
10
3.6416687401574803
20
-4.7980918503937007
11
3.6454182677165354
21
-4.8018413779527558
0
LINE
8
F.Silkscreen
6
CONTINUOUS
10
3.6454182677165354
20
-4.8018413779527558
11
3.6456040944881889
21
-4.8020677559055116
0
LINE
8
F.Silkscreen
6
CONTINUOUS
10
3.6456040944881889
20
-4.8020677559055116
11
3.645663031496063
21
-4.8021188976377953
0
LINE
8
F.Silkscreen
6
CONTINUOUS
10
3.645663031496063
20
-4.8021188976377953
11
3.6457188976377952
21
-4.8022076377952754
0
LINE
8
F.Silkscreen
6
CONTINUOUS
10
3.6457188976377952
20
-4.8022076377952754
11
3.6457855118110234
21
-4.8022888188976376
0
LINE
8
F.Silkscreen
6
CONTINUOUS
10
3.6457855118110234
20
-4.8022888188976376
11
3.6458153543307086
21
-4.8023609448818894
0
LINE
8
F.Silkscreen
6
CONTINUOUS
10
3.6458153543307086
20
-4.8023609448818894
11
3.6459713779527556
21
-4.8026087795275592
0
LINE
8
F.Silkscreen
6
CONTINUOUS
10
3.6459713779527556
20
-4.8026087795275592
11
3.6478461417322832
21
-4.8063583070866143
0
LINE
8
F.Silkscreen
6
CONTINUOUS
10
3.6478461417322832
20
-4.8063583070866143
11
3.6478622440944881
21
-4.8064003937007875
0
LINE
8
F.Silkscreen
6
CONTINUOUS
10
3.6478622440944881
20
-4.8064003937007875
11
3.6478749606299212
21
-4.8064175590551184
0
LINE
8
F.Silkscreen
6
CONTINUOUS
10
3.6478749606299212
20
-4.8064175590551184
11
3.6479612598425195
21
-4.8066591338582674
0
LINE
8
F.Silkscreen
6
CONTINUOUS
10
3.6479612598425195
20
-4.8066591338582674
11
3.6480530314960631
21
-4.8068988976377955
0
LINE
8
F.Silkscreen
6
CONTINUOUS
10
3.6480530314960631
20
-4.8068988976377955
11
3.6480545275590552
21
-4.8069201574803149
0
LINE
8
F.Silkscreen
6
CONTINUOUS
10
3.6480545275590552
20
-4.8069201574803149
11
3.6480697244094489
21
-4.8069626771653544
0
LINE
8
F.Silkscreen
6
CONTINUOUS
10
3.6480697244094489
20
-4.8069626771653544
11
3.6499444881889764
21
-4.8144617322834646
0
LINE
8
F.Silkscreen
6
CONTINUOUS
10
3.6499444881889764
20
-4.8144617322834646
11
3.6499592519685038
21
-4.8145615748031494
0
LINE
8
F.Silkscreen
6
CONTINUOUS
10
3.6499592519685038
20
-4.8145615748031494
11
3.6499759055118108
21
-4.8146018110236222
0
LINE
8
F.Silkscreen
6
CONTINUOUS
10
3.6499759055118108
20
-4.8146018110236222
11
3.6499972440944881
21
-4.8148188188976375
0
LINE
8
F.Silkscreen
6
CONTINUOUS
10
3.6499972440944881
20
-4.8148188188976375
11
3.6500291338582675
21
-4.8150343307086612
0
LINE
8
F.Silkscreen
6
CONTINUOUS
10
3.6500291338582675
20
-4.8150343307086612
11
3.6500227165354331
21
-4.8150773228346457
0
LINE
8
F.Silkscreen
6
CONTINUOUS
10
3.6500227165354331
20
-4.8150773228346457
11
3.6500326377952756
21
-4.815177874015748
0
LINE
8
F.Silkscreen
6
CONTINUOUS
10
3.6500326377952756
20
-4.815177874015748
11
3.6500326377952756
21
-4.8208021653543307
0
LINE
8
F.Silkscreen
6
CONTINUOUS
10
3.6500326377952756
20
-4.8208021653543307
11
3.6500227165354331
21
-4.8209026771653543
0
LINE
8
F.Silkscreen
6
CONTINUOUS
10
3.6500227165354331
20
-4.8209026771653543
11
3.6500291338582675
21
-4.8209457086614176
0
LINE
8
F.Silkscreen
6
CONTINUOUS
10
3.6500291338582675
20
-4.8209457086614176
11
3.6499972440944881
21
-4.8211611811023625
0
LINE
8
F.Silkscreen
6
CONTINUOUS
10
3.6499972440944881
20
-4.8211611811023625
11
3.6499759055118108
21
-4.8213782283464566
0
LINE
8
F.Silkscreen
6
CONTINUOUS
10
3.6499759055118108
20
-4.8213782283464566
11
3.6499592519685038
21
-4.8214184251968506
0
LINE
8
F.Silkscreen
6
CONTINUOUS
10
3.6499592519685038
20
-4.8214184251968506
11
3.6499444881889764
21
-4.8215183070866141
0
LINE
8
F.Silkscreen
6
CONTINUOUS
10
3.6499444881889764
20
-4.8215183070866141
11
3.6480697244094489
21
-4.8290173622047243
0
LINE
8
F.Silkscreen
6
CONTINUOUS
10
3.6480697244094489
20
-4.8290173622047243
11
3.6480545275590552
21
-4.8290598425196851
0
LINE
8
F.Silkscreen
6
CONTINUOUS
10
3.6480545275590552
20
-4.8290598425196851
11
3.6480530314960631
21
-4.8290811417322832
0
LINE
8
F.Silkscreen
6
CONTINUOUS
10
3.6480530314960631
20
-4.8290811417322832
11
3.6479612598425195
21
-4.8293208661417326
0
LINE
8
F.Silkscreen
6
CONTINUOUS
10
3.6479612598425195
20
-4.8293208661417326
11
3.6478749606299212
21
-4.8295624803149604
0
LINE
8
F.Silkscreen
6
CONTINUOUS
10
3.6478749606299212
20
-4.8295624803149604
11
3.6478622440944881
21
-4.8295796062992125
0
LINE
8
F.Silkscreen
6
CONTINUOUS
10
3.6478622440944881
20
-4.8295796062992125
11
3.6478461417322832
21
-4.8296217322834645
0
LINE
8
F.Silkscreen
6
CONTINUOUS
10
3.6478461417322832
20
-4.8296217322834645
11
3.6459713779527556
21
-4.8333712598425196
0
LINE
8
F.Silkscreen
6
CONTINUOUS
10
3.6459713779527556
20
-4.8333712598425196
11
3.6458153149606298
21
-4.8336191338582672
0
LINE
8
F.Silkscreen
6
CONTINUOUS
10
3.6458153149606298
20
-4.8336191338582672
11
3.6457855118110234
21
-4.8336911811023624
0
LINE
8
F.Silkscreen
6
CONTINUOUS
10
3.6457855118110234
20
-4.8336911811023624
11
3.6457189763779527
21
-4.8337722047244096
0
LINE
8
F.Silkscreen
6
CONTINUOUS
10
3.6457189763779527
20
-4.8337722047244096
11
3.645663031496063
21
-4.8338611417322834
0
LINE
8
F.Silkscreen
6
CONTINUOUS
10
3.645663031496063
20
-4.8338611417322834
11
3.6456040157480314
21
-4.8339122834645671
0
LINE
8
F.Silkscreen
6
CONTINUOUS
10
3.6456040157480314
20
-4.8339122834645671
11
3.6454183070866142
21
-4.8341386220472442
0
LINE
8
F.Silkscreen
6
CONTINUOUS
10
3.6454183070866142
20
-4.8341386220472442
11
3.6416687401574803
21
-4.8378882283464568
0
LINE
8
F.Silkscreen
6
CONTINUOUS
10
3.6416687401574803
20
-4.8378882283464568
11
3.6412212992125985
21
-4.8382554330708665
0
LINE
8
F.Silkscreen
6
CONTINUOUS
10
3.6412212992125985
20
-4.8382554330708665
11
3.6411232283464567
21
-4.8382960236220471
0
LINE
8
F.Silkscreen
6
CONTINUOUS
10
3.6411232283464567
20
-4.8382960236220471
11
3.6410431102362204
21
-4.8383655511811021
0
LINE
8
F.Silkscreen
6
CONTINUOUS
10
3.6410431102362204
20
-4.8383655511811021
11
3.6405145669291339
21
-4.8386015354330709
0
LINE
8
F.Silkscreen
6
CONTINUOUS
10
3.6405145669291339
20
-4.8386015354330709
11
3.6348902755905512
21
-4.8404762992125985
0
LINE
8
F.Silkscreen
6
CONTINUOUS
10
3.6348902755905512
20
-4.8404762992125985
11
3.6346046850393701
21
-4.8405412204724412
0
LINE
8
F.Silkscreen
6
CONTINUOUS
10
3.6346046850393701
20
-4.8405412204724412
11
3.6345325984251966
21
-4.8405711023622047
0
LINE
8
F.Silkscreen
6
CONTINUOUS
10
3.6345325984251966
20
-4.8405711023622047
11
3.6344280708661416
21
-4.8405813779527556
0
LINE
8
F.Silkscreen
6
CONTINUOUS
10
3.6344280708661416
20
-4.8405813779527556
11
3.6343258267716534
21
-4.8406046456692913
0
LINE
8
F.Silkscreen
6
CONTINUOUS
10
3.6343258267716534
20
-4.8406046456692913
11
3.6342480708661418
21
-4.8405990944881889
0
LINE
8
F.Silkscreen
6
CONTINUOUS
10
3.6342480708661418
20
-4.8405990944881889
11
3.6339565354330707
21
-4.8406278346456695
0
LINE
8
F.Silkscreen
6
CONTINUOUS
10
3.6339565354330707
20
-4.8406278346456695
11
3.624582716535433
21
-4.8406278346456695
0
LINE
8
F.Silkscreen
6
CONTINUOUS
10
3.624582716535433
20
-4.8406278346456695
11
3.6240066535433071
21
-4.8405711023622047
0
LINE
8
F.Silkscreen
6
CONTINUOUS
10
3.6240066535433071
20
-4.8405711023622047
11
3.6229422440944883
21
-4.840130196850394
0
LINE
8
F.Silkscreen
6
CONTINUOUS
10
3.6229422440944883
20
-4.840130196850394
11
3.6221275984251968
21
-4.8393155511811026
0
LINE
8
F.Silkscreen
6
CONTINUOUS
10
3.6221275984251968
20
-4.8393155511811026
11
3.6216866929133857
21
-4.8382511417322833
0
LINE
8
F.Silkscreen
6
CONTINUOUS
10
3.6216866929133857
20
-4.8382511417322833
11
3.6216299606299214
21
-4.8376750787401575
0
LINE
8
F.Silkscreen
6
CONTINUOUS
10
3.6216299606299214
20
-4.8376750787401575
11
3.6216299606299214
21
-4.798305
0
LINE
8
F.Silkscreen
6
CONTINUOUS
10
3.6216299606299214
20
-4.798305
11
3.6216866929133857
21
-4.7977289370078742
0
LINE
8
F.Silkscreen
6
CONTINUOUS
10
3.6216866929133857
20
-4.7977289370078742
11
3.6221275984251968
21
-4.7966645275590549
0
LINE
8
F.Silkscreen
6
CONTINUOUS
10
3.6221275984251968
20
-4.7966645275590549
11
3.6229422440944883
21
-4.7958498818897635
0
LINE
8
F.Silkscreen
6
CONTINUOUS
10
3.6229422440944883
20
-4.7958498818897635
11
3.6240066535433071
21
-4.7954089763779528
0
LINE
8
F.Silkscreen
6
CONTINUOUS
10
3.6240066535433071
20
-4.7954089763779528
11
3.624582716535433
21
-4.795352244094488
0
LINE
8
F.Silkscreen
6
CONTINUOUS
10
3.624582716535433
20
-4.795352244094488
11
3.6339565354330707
21
-4.795352244094488
0
LINE
8
F.Silkscreen
6
CONTINUOUS
10
3.6339565354330707
20
-4.795352244094488
11
3.6342480708661418
21
-4.7953809448818898
0
LINE
8
F.Silkscreen
6
CONTINUOUS
10
3.627535472440945
20
-4.8347223228346454
11
3.6334774015748033
21
-4.8347223228346454
0
LINE
8
F.Silkscreen
6
CONTINUOUS
10
3.6334774015748033
20
-4.8347223228346454
11
3.6379857874015746
21
-4.8332194881889761
0
LINE
8
F.Silkscreen
6
CONTINUOUS
10
3.6379857874015746
20
-4.8332194881889761
11
3.6409035826771654
21
-4.830301653543307
0
LINE
8
F.Silkscreen
6
CONTINUOUS
10
3.6409035826771654
20
-4.830301653543307
11
3.6424190944881887
21
-4.8272706692913383
0
LINE
8
F.Silkscreen
6
CONTINUOUS
10
3.6424190944881887
20
-4.8272706692913383
11
3.644127125984252
21
-4.8204386220472442
0
LINE
8
F.Silkscreen
6
CONTINUOUS
10
3.644127125984252
20
-4.8204386220472442
11
3.644127125984252
21
-4.8155414173228346
0
LINE
8
F.Silkscreen
6
CONTINUOUS
10
3.644127125984252
20
-4.8155414173228346
11
3.6424190944881887
21
-4.8087093700787404
0
LINE
8
F.Silkscreen
6
CONTINUOUS
10
3.6424190944881887
20
-4.8087093700787404
11
3.6409036220472442
21
-4.8056783858267718
0
LINE
8
F.Silkscreen
6
CONTINUOUS
10
3.6409036220472442
20
-4.8056783858267718
11
3.6379857874015746
21
-4.8027605511811027
0
LINE
8
F.Silkscreen
6
CONTINUOUS
10
3.6379857874015746
20
-4.8027605511811027
11
3.6334774015748033
21
-4.8012577559055121
0
LINE
8
F.Silkscreen
6
CONTINUOUS
10
3.6334774015748033
20
-4.8012577559055121
11
3.627535472440945
21
-4.8012577559055121
0
LINE
8
F.Silkscreen
6
CONTINUOUS
10
3.627535472440945
20
-4.8012577559055121
11
3.627535472440945
21
-4.8347223228346454
0
LINE
8
F.Silkscreen
6
CONTINUOUS
10
3.7092387007874015
20
-4.7953809448818898
11
3.7093164566929131
21
-4.7953754330708662
0
LINE
8
F.Silkscreen
6
CONTINUOUS
10
3.7093164566929131
20
-4.7953754330708662
11
3.7094187007874013
21
-4.7953986614173223
0
LINE
8
F.Silkscreen
6
CONTINUOUS
10
3.7094187007874013
20
-4.7953986614173223
11
3.7095232283464568
21
-4.7954089763779528
0
LINE
8
F.Silkscreen
6
CONTINUOUS
10
3.7095232283464568
20
-4.7954089763779528
11
3.7095953149606298
21
-4.7954388188976376
0
LINE
8
F.Silkscreen
6
CONTINUOUS
10
3.7095953149606298
20
-4.7954388188976376
11
3.7098809055118109
21
-4.795503779527559
0
LINE
8
F.Silkscreen
6
CONTINUOUS
10
3.7098809055118109
20
-4.795503779527559
11
3.7155051968503936
21
-4.7973785433070866
0
LINE
8
F.Silkscreen
6
CONTINUOUS
10
3.7155051968503936
20
-4.7973785433070866
11
3.7160337401574801
21
-4.7976145275590554
0
LINE
8
F.Silkscreen
6
CONTINUOUS
10
3.7160337401574801
20
-4.7976145275590554
11
3.7161138582677165
21
-4.7976840157480316
0
LINE
8
F.Silkscreen
6
CONTINUOUS
10
3.7161138582677165
20
-4.7976840157480316
11
3.7162119291338582
21
-4.797724645669291
0
LINE
8
F.Silkscreen
6
CONTINUOUS
10
3.7162119291338582
20
-4.797724645669291
11
3.71665937007874
21
-4.7980918503937007
0
LINE
8
F.Silkscreen
6
CONTINUOUS
10
3.71665937007874
20
-4.7980918503937007
11
3.7185341338582676
21
-4.7999666141732282
0
LINE
8
F.Silkscreen
6
CONTINUOUS
10
3.7185341338582676
20
-4.7999666141732282
11
3.7189013385826772
21
-4.80041405511811
0
LINE
8
F.Silkscreen
6
CONTINUOUS
10
3.7189013385826772
20
-4.80041405511811
11
3.7193422440944883
21
-4.8014784645669293
0
LINE
8
F.Silkscreen
6
CONTINUOUS
10
3.7193422440944883
20
-4.8014784645669293
11
3.7193422440944883
21
-4.8026305511811023
0
LINE
8
F.Silkscreen
6
CONTINUOUS
10
3.7193422440944883
20
-4.8026305511811023
11
3.7189013385826772
21
-4.8036949606299215
0
LINE
8
F.Silkscreen
6
CONTINUOUS
10
3.7189013385826772
20
-4.8036949606299215
11
3.718086653543307
21
-4.8045096456692908
0
LINE
8
F.Silkscreen
6
CONTINUOUS
10
3.718086653543307
20
-4.8045096456692908
11
3.7170222440944882
21
-4.8049505511811024
0
LINE
8
F.Silkscreen
6
CONTINUOUS
10
3.7170222440944882
20
-4.8049505511811024
11
3.7158701574803148
21
-4.8049505511811024
0
LINE
8
F.Silkscreen
6
CONTINUOUS
10
3.7158701574803148
20
-4.8049505511811024
11
3.714805748031496
21
-4.8045096456692908
0
LINE
8
F.Silkscreen
6
CONTINUOUS
10
3.714805748031496
20
-4.8045096456692908
11
3.7143583070866142
21
-4.8041424409448821
0
LINE
8
F.Silkscreen
6
CONTINUOUS
10
3.7143583070866142
20
-4.8041424409448821
11
3.7129764173228343
21
-4.8027605511811027
0
LINE
8
F.Silkscreen
6
CONTINUOUS
10
3.7129764173228343
20
-4.8027605511811027
11
3.708468031496063
21
-4.8012577559055121
0
LINE
8
F.Silkscreen
6
CONTINUOUS
10
3.708468031496063
20
-4.8012577559055121
11
3.7056767716535433
21
-4.8012577559055121
0
LINE
8
F.Silkscreen
6
CONTINUOUS
10
3.7056767716535433
20
-4.8012577559055121
11
3.7011683858267714
21
-4.8027605511811027
0
LINE
8
F.Silkscreen
6
CONTINUOUS
10
3.7011683858267714
20
-4.8027605511811027
11
3.6982505511811024
21
-4.8056783858267718
0
LINE
8
F.Silkscreen
6
CONTINUOUS
10
3.6982505511811024
20
-4.8056783858267718
11
3.6967350393700786
21
-4.8087093700787404
0
LINE
8
F.Silkscreen
6
CONTINUOUS
10
3.6967350393700786
20
-4.8087093700787404
11
3.6950270472440945
21
-4.8155414173228346
0
LINE
8
F.Silkscreen
6
CONTINUOUS
10
3.6950270472440945
20
-4.8155414173228346
11
3.6950270472440945
21
-4.8204386220472442
0
LINE
8
F.Silkscreen
6
CONTINUOUS
10
3.6950270472440945
20
-4.8204386220472442
11
3.6967350393700786
21
-4.8272706692913383
0
LINE
8
F.Silkscreen
6
CONTINUOUS
10
3.6967350393700786
20
-4.8272706692913383
11
3.6982505511811024
21
-4.830301653543307
0
LINE
8
F.Silkscreen
6
CONTINUOUS
10
3.6982505511811024
20
-4.830301653543307
11
3.7011683858267714
21
-4.8332195275590548
0
LINE
8
F.Silkscreen
6
CONTINUOUS
10
3.7011683858267714
20
-4.8332195275590548
11
3.7056767716535433
21
-4.8347223228346454
0
LINE
8
F.Silkscreen
6
CONTINUOUS
10
3.7056767716535433
20
-4.8347223228346454
11
3.708468031496063
21
-4.8347223228346454
0
LINE
8
F.Silkscreen
6
CONTINUOUS
10
3.708468031496063
20
-4.8347223228346454
11
3.7129764173228343
21
-4.8332194881889761
0
LINE
8
F.Silkscreen
6
CONTINUOUS
10
3.7129764173228343
20
-4.8332194881889761
11
3.7143582677165354
21
-4.8318376377952754
0
LINE
8
F.Silkscreen
6
CONTINUOUS
10
3.7143582677165354
20
-4.8318376377952754
11
3.714805748031496
21
-4.831470393700787
0
LINE
8
F.Silkscreen
6
CONTINUOUS
10
3.714805748031496
20
-4.831470393700787
11
3.7158701574803148
21
-4.8310294881889764
0
LINE
8
F.Silkscreen
6
CONTINUOUS
10
3.7158701574803148
20
-4.8310294881889764
11
3.7170222440944882
21
-4.8310294881889764
0
LINE
8
F.Silkscreen
6
CONTINUOUS
10
3.7170222440944882
20
-4.8310294881889764
11
3.718086653543307
21
-4.8314703543307083
0
LINE
8
F.Silkscreen
6
CONTINUOUS
10
3.718086653543307
20
-4.8314703543307083
11
3.7189013385826772
21
-4.8322850393700785
0
LINE
8
F.Silkscreen
6
CONTINUOUS
10
3.7189013385826772
20
-4.8322850393700785
11
3.7193422440944883
21
-4.8333494488188977
0
LINE
8
F.Silkscreen
6
CONTINUOUS
10
3.7193422440944883
20
-4.8333494488188977
11
3.7193422440944883
21
-4.8345015354330707
0
LINE
8
F.Silkscreen
6
CONTINUOUS
10
3.7193422440944883
20
-4.8345015354330707
11
3.718901377952756
21
-4.83556594488189
0
LINE
8
F.Silkscreen
6
CONTINUOUS
10
3.718901377952756
20
-4.83556594488189
11
3.7185341338582676
21
-4.8360134251968505
0
LINE
8
F.Silkscreen
6
CONTINUOUS
10
3.7185341338582676
20
-4.8360134251968505
11
3.7166594094488188
21
-4.8378881889763781
0
LINE
8
F.Silkscreen
6
CONTINUOUS
10
3.7166594094488188
20
-4.8378881889763781
11
3.7162119291338582
21
-4.8382554330708665
0
LINE
8
F.Silkscreen
6
CONTINUOUS
10
3.7162119291338582
20
-4.8382554330708665
11
3.7161138582677165
21
-4.8382960236220471
0
LINE
8
F.Silkscreen
6
CONTINUOUS
10
3.7161138582677165
20
-4.8382960236220471
11
3.7160337401574801
21
-4.8383655511811021
0
LINE
8
F.Silkscreen
6
CONTINUOUS
10
3.7160337401574801
20
-4.8383655511811021
11
3.7155051968503936
21
-4.8386015354330709
0
LINE
8
F.Silkscreen
6
CONTINUOUS
10
3.7155051968503936
20
-4.8386015354330709
11
3.7098809055118109
21
-4.8404762992125985
0
LINE
8
F.Silkscreen
6
CONTINUOUS
10
3.7098809055118109
20
-4.8404762992125985
11
3.7095953149606298
21
-4.8405412204724412
0
LINE
8
F.Silkscreen
6
CONTINUOUS
10
3.7095953149606298
20
-4.8405412204724412
11
3.7095232283464568
21
-4.8405711023622047
0
LINE
8
F.Silkscreen
6
CONTINUOUS
10
3.7095232283464568
20
-4.8405711023622047
11
3.7094187007874013
21
-4.8405813779527556
0
LINE
8
F.Silkscreen
6
CONTINUOUS
10
3.7094187007874013
20
-4.8405813779527556
11
3.7093164566929131
21
-4.8406046456692913
0
LINE
8
F.Silkscreen
6
CONTINUOUS
10
3.7093164566929131
20
-4.8406046456692913
11
3.7092387007874015
21
-4.8405990944881889
0
LINE
8
F.Silkscreen
6
CONTINUOUS
10
3.7092387007874015
20
-4.8405990944881889
11
3.7089471653543304
21
-4.8406278346456695
0
LINE
8
F.Silkscreen
6
CONTINUOUS
10
3.7089471653543304
20
-4.8406278346456695
11
3.7051976377952753
21
-4.8406278346456695
0
LINE
8
F.Silkscreen
6
CONTINUOUS
10
3.7051976377952753
20
-4.8406278346456695
11
3.7049060236220472
21
-4.8405990944881889
0
LINE
8
F.Silkscreen
6
CONTINUOUS
10
3.7049060236220472
20
-4.8405990944881889
11
3.7048283070866139
21
-4.8406046456692913
0
LINE
8
F.Silkscreen
6
CONTINUOUS
10
3.7048283070866139
20
-4.8406046456692913
11
3.7047260236220469
21
-4.8405813779527556
0
LINE
8
F.Silkscreen
6
CONTINUOUS
10
3.7047260236220469
20
-4.8405813779527556
11
3.7046215748031495
21
-4.8405711023622047
0
LINE
8
F.Silkscreen
6
CONTINUOUS
10
3.7046215748031495
20
-4.8405711023622047
11
3.7045494881889764
21
-4.8405412204724412
0
LINE
8
F.Silkscreen
6
CONTINUOUS
10
3.7045494881889764
20
-4.8405412204724412
11
3.7042638582677165
21
-4.8404762992125985
0
LINE
8
F.Silkscreen
6
CONTINUOUS
10
3.7042638582677165
20
-4.8404762992125985
11
3.6986396062992126
21
-4.8386015354330709
0
LINE
8
F.Silkscreen
6
CONTINUOUS
10
3.6986396062992126
20
-4.8386015354330709
11
3.6981110236220474
21
-4.8383655511811021
0
LINE
8
F.Silkscreen
6
CONTINUOUS
10
3.6981110236220474
20
-4.8383655511811021
11
3.698030905511811
21
-4.8382960629921259
0
LINE
8
F.Silkscreen
6
CONTINUOUS
10
3.698030905511811
20
-4.8382960629921259
11
3.697932874015748
21
-4.8382554724409443
0
LINE
8
F.Silkscreen
6
CONTINUOUS
10
3.697932874015748
20
-4.8382554724409443
11
3.6974854330708662
21
-4.8378882283464568
0
LINE
8
F.Silkscreen
6
CONTINUOUS
10
3.6974854330708662
20
-4.8378882283464568
11
3.6937359055118111
21
-4.834138661417323
0
LINE
8
F.Silkscreen
6
CONTINUOUS
10
3.6937359055118111
20
-4.834138661417323
11
3.6935501181102359
21
-4.8339122834645671
0
LINE
8
F.Silkscreen
6
CONTINUOUS
10
3.6935501181102359
20
-4.8339122834645671
11
3.6934911417322835
21
-4.8338611417322834
0
LINE
8
F.Silkscreen
6
CONTINUOUS
10
3.6934911417322835
20
-4.8338611417322834
11
3.693435157480315
21
-4.8337722047244096
0
LINE
8
F.Silkscreen
6
CONTINUOUS
10
3.693435157480315
20
-4.8337722047244096
11
3.6933686614173227
21
-4.8336911811023624
0
LINE
8
F.Silkscreen
6
CONTINUOUS
10
3.6933686614173227
20
-4.8336911811023624
11
3.6933388188976379
21
-4.8336191338582672
0
LINE
8
F.Silkscreen
6
CONTINUOUS
10
3.6933388188976379
20
-4.8336191338582672
11
3.6931827952755905
21
-4.8333712598425196
0
LINE
8
F.Silkscreen
6
CONTINUOUS
10
3.6931827952755905
20
-4.8333712598425196
11
3.6913080314960629
21
-4.8296217322834645
0
LINE
8
F.Silkscreen
6
CONTINUOUS
10
3.6913080314960629
20
-4.8296217322834645
11
3.6912918897637796
21
-4.8295796062992125
0
LINE
8
F.Silkscreen
6
CONTINUOUS
10
3.6912918897637796
20
-4.8295796062992125
11
3.6912792125984253
21
-4.8295624803149604
0
LINE
8
F.Silkscreen
6
CONTINUOUS
10
3.6912792125984253
20
-4.8295624803149604
11
3.6911927559055115
21
-4.8293205118110238
0
LINE
8
F.Silkscreen
6
CONTINUOUS
10
3.6911927559055115
20
-4.8293205118110238
11
3.6911011417322834
21
-4.8290811023622044
0
LINE
8
F.Silkscreen
6
CONTINUOUS
10
3.6911011417322834
20
-4.8290811023622044
11
3.6910996062992125
21
-4.8290598425196851
0
LINE
8
F.Silkscreen
6
CONTINUOUS
10
3.6910996062992125
20
-4.8290598425196851
11
3.6910844488188976
21
-4.8290173622047243
0
LINE
8
F.Silkscreen
6
CONTINUOUS
10
3.6910844488188976
20
-4.8290173622047243
11
3.6892096850393701
21
-4.8215183070866141
0
LINE
8
F.Silkscreen
6
CONTINUOUS
10
3.6892096850393701
20
-4.8215183070866141
11
3.6891948818897635
21
-4.8214184251968506
0
LINE
8
F.Silkscreen
6
CONTINUOUS
10
3.6891948818897635
20
-4.8214184251968506
11
3.6891782677165352
21
-4.8213782283464566
0
LINE
8
F.Silkscreen
6
CONTINUOUS
10
3.6891782677165352
20
-4.8213782283464566
11
3.6891568897637796
21
-4.8211611811023625
0
LINE
8
F.Silkscreen
6
CONTINUOUS
10
3.6891568897637796
20
-4.8211611811023625
11
3.6891250393700785
21
-4.8209457086614176
0
LINE
8
F.Silkscreen
6
CONTINUOUS
10
3.6891250393700785
20
-4.8209457086614176
11
3.6891314173228347
21
-4.8209026771653543
0
LINE
8
F.Silkscreen
6
CONTINUOUS
10
3.6891314173228347
20
-4.8209026771653543
11
3.6891215354330709
21
-4.8208021653543307
0
LINE
8
F.Silkscreen
6
CONTINUOUS
10
3.6891215354330709
20
-4.8208021653543307
11
3.6891215354330709
21
-4.815177874015748
0
LINE
8
F.Silkscreen
6
CONTINUOUS
10
3.6891215354330709
20
-4.815177874015748
11
3.6891314173228347
21
-4.8150773228346457
0
LINE
8
F.Silkscreen
6
CONTINUOUS
10
3.6891314173228347
20
-4.8150773228346457
11
3.6891250393700785
21
-4.8150343307086612
0
LINE
8
F.Silkscreen
6
CONTINUOUS
10
3.6891250393700785
20
-4.8150343307086612
11
3.6891568897637796
21
-4.8148188188976375
0
LINE
8
F.Silkscreen
6
CONTINUOUS
10
3.6891568897637796
20
-4.8148188188976375
11
3.6891782677165352
21
-4.8146018110236222
0
LINE
8
F.Silkscreen
6
CONTINUOUS
10
3.6891782677165352
20
-4.8146018110236222
11
3.6891948818897635
21
-4.8145615748031494
0
LINE
8
F.Silkscreen
6
CONTINUOUS
10
3.6891948818897635
20
-4.8145615748031494
11
3.6892096850393701
21
-4.8144617322834646
0
LINE
8
F.Silkscreen
6
CONTINUOUS
10
3.6892096850393701
20
-4.8144617322834646
11
3.6910844488188976
21
-4.8069626771653544
0
LINE
8
F.Silkscreen
6
CONTINUOUS
10
3.6910844488188976
20
-4.8069626771653544
11
3.6910996062992125
21
-4.8069201574803149
0
LINE
8
F.Silkscreen
6
CONTINUOUS
10
3.6910996062992125
20
-4.8069201574803149
11
3.6911011417322834
21
-4.8068989370078743
0
LINE
8
F.Silkscreen
6
CONTINUOUS
10
3.6911011417322834
20
-4.8068989370078743
11
3.6911927559055115
21
-4.8066594881889761
0
LINE
8
F.Silkscreen
6
CONTINUOUS
10
3.6911927559055115
20
-4.8066594881889761
11
3.6912792125984253
21
-4.8064175590551184
0
LINE
8
F.Silkscreen
6
CONTINUOUS
10
3.6912792125984253
20
-4.8064175590551184
11
3.6912918897637796
21
-4.8064003937007875
0
LINE
8
F.Silkscreen
6
CONTINUOUS
10
3.6912918897637796
20
-4.8064003937007875
11
3.6913080314960629
21
-4.8063583070866143
0
LINE
8
F.Silkscreen
6
CONTINUOUS
10
3.6913080314960629
20
-4.8063583070866143
11
3.6931827952755905
21
-4.8026087795275592
0
LINE
8
F.Silkscreen
6
CONTINUOUS
10
3.6931827952755905
20
-4.8026087795275592
11
3.6933388582677162
21
-4.8023607480314956
0
LINE
8
F.Silkscreen
6
CONTINUOUS
10
3.6933388582677162
20
-4.8023607480314956
11
3.6933687007874014
21
-4.8022888188976376
0
LINE
8
F.Silkscreen
6
CONTINUOUS
10
3.6933687007874014
20
-4.8022888188976376
11
3.693435157480315
21
-4.8022078346456691
0
LINE
8
F.Silkscreen
6
CONTINUOUS
10
3.693435157480315
20
-4.8022078346456691
11
3.6934911417322835
21
-4.8021188976377953
0
LINE
8
F.Silkscreen
6
CONTINUOUS
10
3.6934911417322835
20
-4.8021188976377953
11
3.6935501181102359
21
-4.8020677165354329
0
LINE
8
F.Silkscreen
6
CONTINUOUS
10
3.6935501181102359
20
-4.8020677165354329
11
3.6937359055118111
21
-4.8018413779527558
0
LINE
8
F.Silkscreen
6
CONTINUOUS
10
3.6937359055118111
20
-4.8018413779527558
11
3.6974854330708662
21
-4.7980918503937007
0
LINE
8
F.Silkscreen
6
CONTINUOUS
10
3.6974854330708662
20
-4.7980918503937007
11
3.697932874015748
21
-4.7977246062992123
0
LINE
8
F.Silkscreen
6
CONTINUOUS
10
3.697932874015748
20
-4.7977246062992123
11
3.698030905511811
21
-4.7976839763779529
0
LINE
8
F.Silkscreen
6
CONTINUOUS
10
3.698030905511811
20
-4.7976839763779529
11
3.6981110236220474
21
-4.7976145275590554
0
LINE
8
F.Silkscreen
6
CONTINUOUS
10
3.6981110236220474
20
-4.7976145275590554
11
3.6986396062992126
21
-4.7973785433070866
0
LINE
8
F.Silkscreen
6
CONTINUOUS
10
3.6986396062992126
20
-4.7973785433070866
11
3.7042638582677165
21
-4.795503779527559
0
LINE
8
F.Silkscreen
6
CONTINUOUS
10
3.7042638582677165
20
-4.795503779527559
11
3.7045494881889764
21
-4.7954388188976376
0
LINE
8
F.Silkscreen
6
CONTINUOUS
10
3.7045494881889764
20
-4.7954388188976376
11
3.7046215748031495
21
-4.7954089763779528
0
LINE
8
F.Silkscreen
6
CONTINUOUS
10
3.7046215748031495
20
-4.7954089763779528
11
3.7047260236220469
21
-4.7953986614173223
0
LINE
8
F.Silkscreen
6
CONTINUOUS
10
3.7047260236220469
20
-4.7953986614173223
11
3.7048283070866139
21
-4.7953754330708662
0
LINE
8
F.Silkscreen
6
CONTINUOUS
10
3.7048283070866139
20
-4.7953754330708662
11
3.7049060236220472
21
-4.7953809448818898
0
LINE
8
F.Silkscreen
6
CONTINUOUS
10
3.7049060236220472
20
-4.7953809448818898
11
3.7051976377952753
21
-4.795352244094488
0
LINE
8
F.Silkscreen
6
CONTINUOUS
10
3.7051976377952753
20
-4.795352244094488
11
3.7089471653543304
21
-4.795352244094488
0
LINE
8
F.Silkscreen
6
CONTINUOUS
10
3.7089471653543304
20
-4.795352244094488
11
3.7092387007874015
21
-4.7953809448818898
0
LINE
8
F.Silkscreen
6
CONTINUOUS
10
3.7488933070866142
20
-4.7954089763779528
11
3.7489912992125984
21
-4.7954495669291335
0
LINE
8
F.Silkscreen
6
CONTINUOUS
10
3.7489912992125984
20
-4.7954495669291335
11
3.7490971259842518
21
-4.7954570866141735
0
LINE
8
F.Silkscreen
6
CONTINUOUS
10
3.7490971259842518
20
-4.7954570866141735
11
3.7496377559055118
21
-4.7956639763779529
0
LINE
8
F.Silkscreen
6
CONTINUOUS
10
3.7496377559055118
20
-4.7956639763779529
11
3.753387283464567
21
-4.7975387401574805
0
LINE
8
F.Silkscreen
6
CONTINUOUS
10
3.753387283464567
20
-4.7975387401574805
11
3.7536352755905509
21
-4.7976948031496063
0
LINE
8
F.Silkscreen
6
CONTINUOUS
10
3.7536352755905509
20
-4.7976948031496063
11
3.7537072440944881
21
-4.797724645669291
0
LINE
8
F.Silkscreen
6
CONTINUOUS
10
3.7537072440944881
20
-4.797724645669291
11
3.7537881889763778
21
-4.7977911023622042
0
LINE
8
F.Silkscreen
6
CONTINUOUS
10
3.7537881889763778
20
-4.7977911023622042
11
3.7538771653543308
21
-4.7978470866141727
0
LINE
8
F.Silkscreen
6
CONTINUOUS
10
3.7538771653543308
20
-4.7978470866141727
11
3.7539283070866141
21
-4.7979060629921255
0
LINE
8
F.Silkscreen
6
CONTINUOUS
10
3.7539283070866141
20
-4.7979060629921255
11
3.7541546850393699
21
-4.7980918503937007
0
LINE
8
F.Silkscreen
6
CONTINUOUS
10
3.7541546850393699
20
-4.7980918503937007
11
3.757904212598425
21
-4.8018413779527558
0
LINE
8
F.Silkscreen
6
CONTINUOUS
10
3.757904212598425
20
-4.8018413779527558
11
3.7582714566929134
21
-4.8022888188976376
0
LINE
8
F.Silkscreen
6
CONTINUOUS
10
3.7582714566929134
20
-4.8022888188976376
11
3.7583554724409449
21
-4.8024916929133861
0
LINE
8
F.Silkscreen
6
CONTINUOUS
10
3.7583554724409449
20
-4.8024916929133861
11
3.7584861417322832
21
-4.8026680314960633
0
LINE
8
F.Silkscreen
6
CONTINUOUS
10
3.7584861417322832
20
-4.8026680314960633
11
3.7586809055118109
21
-4.8032131496062993
0
LINE
8
F.Silkscreen
6
CONTINUOUS
10
3.7586809055118109
20
-4.8032131496062993
11
3.7605556692913384
21
-4.8107122047244095
0
LINE
8
F.Silkscreen
6
CONTINUOUS
10
3.7605556692913384
20
-4.8107122047244095
11
3.7605704330708662
21
-4.8108120472440943
0
LINE
8
F.Silkscreen
6
CONTINUOUS
10
3.7605704330708662
20
-4.8108120472440943
11
3.7605870866141733
21
-4.8108522834645671
0
LINE
8
F.Silkscreen
6
CONTINUOUS
10
3.7605870866141733
20
-4.8108522834645671
11
3.7606084251968501
21
-4.8110692913385824
0
LINE
8
F.Silkscreen
6
CONTINUOUS
10
3.7606084251968501
20
-4.8110692913385824
11
3.76064031496063
21
-4.811284803149606
0
LINE
8
F.Silkscreen
6
CONTINUOUS
10
3.76064031496063
20
-4.811284803149606
11
3.7606338976377951
21
-4.8113277952755906
0
LINE
8
F.Silkscreen
6
CONTINUOUS
10
3.7606338976377951
20
-4.8113277952755906
11
3.7606438188976377
21
-4.8114283464566929
0
LINE
8
F.Silkscreen
6
CONTINUOUS
10
3.7606438188976377
20
-4.8114283464566929
11
3.7606438188976377
21
-4.8245516929133858
0
LINE
8
F.Silkscreen
6
CONTINUOUS
10
3.7606438188976377
20
-4.8245516929133858
11
3.7606338976377951
21
-4.8246522047244094
0
LINE
8
F.Silkscreen
6
CONTINUOUS
10
3.7606338976377951
20
-4.8246522047244094
11
3.76064031496063
21
-4.8246952362204727
0
LINE
8
F.Silkscreen
6
CONTINUOUS
10
3.76064031496063
20
-4.8246952362204727
11
3.7606084251968501
21
-4.8249107086614176
0
LINE
8
F.Silkscreen
6
CONTINUOUS
10
3.7606084251968501
20
-4.8249107086614176
11
3.7605870866141733
21
-4.8251277559055117
0
LINE
8
F.Silkscreen
6
CONTINUOUS
10
3.7605870866141733
20
-4.8251277559055117
11
3.7605704330708662
21
-4.8251679527559057
0
LINE
8
F.Silkscreen
6
CONTINUOUS
10
3.7605704330708662
20
-4.8251679527559057
11
3.7605556692913384
21
-4.8252678346456692
0
LINE
8
F.Silkscreen
6
CONTINUOUS
10
3.7605556692913384
20
-4.8252678346456692
11
3.7586809055118109
21
-4.8327668897637794
0
LINE
8
F.Silkscreen
6
CONTINUOUS
10
3.7586809055118109
20
-4.8327668897637794
11
3.7584861417322832
21
-4.8333120078740155
0
LINE
8
F.Silkscreen
6
CONTINUOUS
10
3.7584861417322832
20
-4.8333120078740155
11
3.7583554330708662
21
-4.8334883464566927
0
LINE
8
F.Silkscreen
6
CONTINUOUS
10
3.7583554330708662
20
-4.8334883464566927
11
3.7582714566929134
21
-4.8336911811023624
0
LINE
8
F.Silkscreen
6
CONTINUOUS
10
3.7582714566929134
20
-4.8336911811023624
11
3.7579042519685038
21
-4.8341386220472442
0
LINE
8
F.Silkscreen
6
CONTINUOUS
10
3.7579042519685038
20
-4.8341386220472442
11
3.7541546850393699
21
-4.8378882283464568
0
LINE
8
F.Silkscreen
6
CONTINUOUS
10
3.7541546850393699
20
-4.8378882283464568
11
3.7539283070866141
21
-4.8380739763779523
0
LINE
8
F.Silkscreen
6
CONTINUOUS
10
3.7539283070866141
20
-4.8380739763779523
11
3.7538771653543308
21
-4.8381329921259839
0
LINE
8
F.Silkscreen
6
CONTINUOUS
10
3.7538771653543308
20
-4.8381329921259839
11
3.7537881889763778
21
-4.8381889370078737
0
LINE
8
F.Silkscreen
6
CONTINUOUS
10
3.7537881889763778
20
-4.8381889370078737
11
3.7537072440944881
21
-4.8382554330708665
0
LINE
8
F.Silkscreen
6
CONTINUOUS
10
3.7537072440944881
20
-4.8382554330708665
11
3.7536352755905509
21
-4.8382852362204725
0
LINE
8
F.Silkscreen
6
CONTINUOUS
10
3.7536352755905509
20
-4.8382852362204725
11
3.753387283464567
21
-4.838441338582677
0
LINE
8
F.Silkscreen
6
CONTINUOUS
10
3.753387283464567
20
-4.838441338582677
11
3.7496377559055118
21
-4.8403161023622046
0
LINE
8
F.Silkscreen
6
CONTINUOUS
10
3.7496377559055118
20
-4.8403161023622046
11
3.7490971259842518
21
-4.840522992125984
0
LINE
8
F.Silkscreen
6
CONTINUOUS
10
3.7490971259842518
20
-4.840522992125984
11
3.7489912992125984
21
-4.8405304724409444
0
LINE
8
F.Silkscreen
6
CONTINUOUS
10
3.7489912992125984
20
-4.8405304724409444
11
3.7488933070866142
21
-4.8405711023622047
0
LINE
8
F.Silkscreen
6
CONTINUOUS
10
3.7488933070866142
20
-4.8405711023622047
11
3.7483172440944883
21
-4.8406278346456695
0
LINE
8
F.Silkscreen
6
CONTINUOUS
10
3.7483172440944883
20
-4.8406278346456695
11
3.7408181889763781
21
-4.8406278346456695
0
LINE
8
F.Silkscreen
6
CONTINUOUS
10
3.7408181889763781
20
-4.8406278346456695
11
3.7402421259842518
21
-4.8405711023622047
0
LINE
8
F.Silkscreen
6
CONTINUOUS
10
3.7402421259842518
20
-4.8405711023622047
11
3.7401441338582675
21
-4.8405305118110231
0
LINE
8
F.Silkscreen
6
CONTINUOUS
10
3.7401441338582675
20
-4.8405305118110231
11
3.7400382677165354
21
-4.840522992125984
0
LINE
8
F.Silkscreen
6
CONTINUOUS
10
3.7400382677165354
20
-4.840522992125984
11
3.7394976771653541
21
-4.8403161023622046
0
LINE
8
F.Silkscreen
6
CONTINUOUS
10
3.7394976771653541
20
-4.8403161023622046
11
3.735748149606299
21
-4.838441338582677
0
LINE
8
F.Silkscreen
6
CONTINUOUS
10
3.735748149606299
20
-4.838441338582677
11
3.7355003149606296
21
-4.83828531496063
0
LINE
8
F.Silkscreen
6
CONTINUOUS
10
3.7355003149606296
20
-4.83828531496063
11
3.7354281889763779
21
-4.8382554724409443
0
LINE
8
F.Silkscreen
6
CONTINUOUS
10
3.7354281889763779
20
-4.8382554724409443
11
3.7353470078740156
21
-4.8381888582677162
0
LINE
8
F.Silkscreen
6
CONTINUOUS
10
3.7353470078740156
20
-4.8381888582677162
11
3.7352582677165351
21
-4.8381329921259839
0
LINE
8
F.Silkscreen
6
CONTINUOUS
10
3.7352582677165351
20
-4.8381329921259839
11
3.7352071259842519
21
-4.8380740551181098
0
LINE
8
F.Silkscreen
6
CONTINUOUS
10
3.7352071259842519
20
-4.8380740551181098
11
3.734980748031496
21
-4.8378882283464568
0
LINE
8
F.Silkscreen
6
CONTINUOUS
10
3.734980748031496
20
-4.8378882283464568
11
3.7312312204724409
21
-4.834138661417323
0
LINE
8
F.Silkscreen
6
CONTINUOUS
10
3.7312312204724409
20
-4.834138661417323
11
3.7308639763779525
21
-4.8336911811023624
0
LINE
8
F.Silkscreen
6
CONTINUOUS
10
3.7308639763779525
20
-4.8336911811023624
11
3.730779960629921
21
-4.8334883464566927
0
LINE
8
F.Silkscreen
6
CONTINUOUS
10
3.730779960629921
20
-4.8334883464566927
11
3.7306492913385827
21
-4.8333120078740155
0
LINE
8
F.Silkscreen
6
CONTINUOUS
10
3.7306492913385827
20
-4.8333120078740155
11
3.730454527559055
21
-4.8327668897637794
0
LINE
8
F.Silkscreen
6
CONTINUOUS
10
3.730454527559055
20
-4.8327668897637794
11
3.7285797637795275
21
-4.8252678346456692
0
LINE
8
F.Silkscreen
6
CONTINUOUS
10
3.7285797637795275
20
-4.8252678346456692
11
3.7285649606299214
21
-4.8251679527559057
0
LINE
8
F.Silkscreen
6
CONTINUOUS
10
3.7285649606299214
20
-4.8251679527559057
11
3.7285483464566926
21
-4.8251277559055117
0
LINE
8
F.Silkscreen
6
CONTINUOUS
10
3.7285483464566926
20
-4.8251277559055117
11
3.7285269685039371
21
-4.8249107086614176
0
LINE
8
F.Silkscreen
6
CONTINUOUS
10
3.7285269685039371
20
-4.8249107086614176
11
3.7284951181102359
21
-4.8246952362204727
0
LINE
8
F.Silkscreen
6
CONTINUOUS
10
3.7284951181102359
20
-4.8246952362204727
11
3.7285014960629921
21
-4.8246522047244094
0
LINE
8
F.Silkscreen
6
CONTINUOUS
10
3.7285014960629921
20
-4.8246522047244094
11
3.7284916141732283
21
-4.8245516929133858
0
LINE
8
F.Silkscreen
6
CONTINUOUS
10
3.7284916141732283
20
-4.8245516929133858
11
3.7284916141732283
21
-4.8114283464566929
0
LINE
8
F.Silkscreen
6
CONTINUOUS
10
3.7284916141732283
20
-4.8114283464566929
11
3.7285014960629921
21
-4.8113277952755906
0
LINE
8
F.Silkscreen
6
CONTINUOUS
10
3.7285014960629921
20
-4.8113277952755906
11
3.7284951181102359
21
-4.811284803149606
0
LINE
8
F.Silkscreen
6
CONTINUOUS
10
3.7284951181102359
20
-4.811284803149606
11
3.7285269685039371
21
-4.8110692913385824
0
LINE
8
F.Silkscreen
6
CONTINUOUS
10
3.7285269685039371
20
-4.8110692913385824
11
3.7285483464566926
21
-4.8108522834645671
0
LINE
8
F.Silkscreen
6
CONTINUOUS
10
3.7285483464566926
20
-4.8108522834645671
11
3.7285649606299214
21
-4.8108120472440943
0
LINE
8
F.Silkscreen
6
CONTINUOUS
10
3.7285649606299214
20
-4.8108120472440943
11
3.7285797637795275
21
-4.8107122047244095
0
LINE
8
F.Silkscreen
6
CONTINUOUS
10
3.7285797637795275
20
-4.8107122047244095
11
3.730454527559055
21
-4.8032131496062993
0
LINE
8
F.Silkscreen
6
CONTINUOUS
10
3.730454527559055
20
-4.8032131496062993
11
3.7306492913385827
21
-4.8026680314960633
0
LINE
8
F.Silkscreen
6
CONTINUOUS
10
3.7306492913385827
20
-4.8026680314960633
11
3.7307799999999998
21
-4.8024915748031498
0
LINE
8
F.Silkscreen
6
CONTINUOUS
10
3.7307799999999998
20
-4.8024915748031498
11
3.7308640157480313
21
-4.8022888188976376
0
LINE
8
F.Silkscreen
6
CONTINUOUS
10
3.7308640157480313
20
-4.8022888188976376
11
3.7312312204724409
21
-4.8018413779527558
0
LINE
8
F.Silkscreen
6
CONTINUOUS
10
3.7312312204724409
20
-4.8018413779527558
11
3.734980748031496
21
-4.7980918503937007
0
LINE
8
F.Silkscreen
6
CONTINUOUS
10
3.734980748031496
20
-4.7980918503937007
11
3.7352071259842519
21
-4.797905984251968
0
LINE
8
F.Silkscreen
6
CONTINUOUS
10
3.7352071259842519
20
-4.797905984251968
11
3.7352582677165351
21
-4.7978470866141727
0
LINE
8
F.Silkscreen
6
CONTINUOUS
10
3.7352582677165351
20
-4.7978470866141727
11
3.7353470078740156
21
-4.7977911811023617
0
LINE
8
F.Silkscreen
6
CONTINUOUS
10
3.7353470078740156
20
-4.7977911811023617
11
3.7354281889763779
21
-4.7977246062992123
0
LINE
8
F.Silkscreen
6
CONTINUOUS
10
3.7354281889763779
20
-4.7977246062992123
11
3.7355003149606296
21
-4.7976947244094488
0
LINE
8
F.Silkscreen
6
CONTINUOUS
10
3.7355003149606296
20
-4.7976947244094488
11
3.735748149606299
21
-4.7975387401574805
0
LINE
8
F.Silkscreen
6
CONTINUOUS
10
3.735748149606299
20
-4.7975387401574805
11
3.7394976771653541
21
-4.7956639763779529
0
LINE
8
F.Silkscreen
6
CONTINUOUS
10
3.7394976771653541
20
-4.7956639763779529
11
3.7400382677165354
21
-4.7954570866141735
0
LINE
8
F.Silkscreen
6
CONTINUOUS
10
3.7400382677165354
20
-4.7954570866141735
11
3.7401441338582675
21
-4.7954495275590547
0
LINE
8
F.Silkscreen
6
CONTINUOUS
10
3.7401441338582675
20
-4.7954495275590547
11
3.7402421259842518
21
-4.7954089763779528
0
LINE
8
F.Silkscreen
6
CONTINUOUS
10
3.7402421259842518
20
-4.7954089763779528
11
3.7408181889763781
21
-4.795352244094488
0
LINE
8
F.Silkscreen
6
CONTINUOUS
10
3.7408181889763781
20
-4.795352244094488
11
3.7483172440944883
21
-4.795352244094488
0
LINE
8
F.Silkscreen
6
CONTINUOUS
10
3.7483172440944883
20
-4.795352244094488
11
3.7488933070866142
21
-4.7954089763779528
0
LINE
8
F.Silkscreen
6
CONTINUOUS
10
3.7388177559055116
20
-4.8026064960629924
11
3.7359853543307087
21
-4.8054388582677161
0
LINE
8
F.Silkscreen
6
CONTINUOUS
10
3.7359853543307087
20
-4.8054388582677161
11
3.7343971259842519
21
-4.8117918897637795
0
LINE
8
F.Silkscreen
6
CONTINUOUS
10
3.7343971259842519
20
-4.8117918897637795
11
3.7343971259842519
21
-4.8241881496062993
0
LINE
8
F.Silkscreen
6
CONTINUOUS
10
3.7343971259842519
20
-4.8241881496062993
11
3.7359853543307087
21
-4.830541141732283
0
LINE
8
F.Silkscreen
6
CONTINUOUS
10
3.7359853543307087
20
-4.830541141732283
11
3.7388177559055116
21
-4.8333735826771651
0
LINE
8
F.Silkscreen
6
CONTINUOUS
10
3.7388177559055116
20
-4.8333735826771651
11
3.7415152362204722
21
-4.8347223228346454
0
LINE
8
F.Silkscreen
6
CONTINUOUS
10
3.7415152362204722
20
-4.8347223228346454
11
3.7476201968503937
21
-4.8347223228346454
0
LINE
8
F.Silkscreen
6
CONTINUOUS
10
3.7476201968503937
20
-4.8347223228346454
11
3.7503176377952756
21
-4.8333735826771651
0
LINE
8
F.Silkscreen
6
CONTINUOUS
10
3.7503176377952756
20
-4.8333735826771651
11
3.7531500393700785
21
-4.830541141732283
0
LINE
8
F.Silkscreen
6
CONTINUOUS
10
3.7531500393700785
20
-4.830541141732283
11
3.754738307086614
21
-4.8241881496062993
0
LINE
8
F.Silkscreen
6
CONTINUOUS
10
3.754738307086614
20
-4.8241881496062993
11
3.754738307086614
21
-4.8117918897637795
0
LINE
8
F.Silkscreen
6
CONTINUOUS
10
3.754738307086614
20
-4.8117918897637795
11
3.7531500393700785
21
-4.8054388582677161
0
LINE
8
F.Silkscreen
6
CONTINUOUS
10
3.7531500393700785
20
-4.8054388582677161
11
3.7503176771653544
21
-4.8026064960629924
0
LINE
8
F.Silkscreen
6
CONTINUOUS
10
3.7503176771653544
20
-4.8026064960629924
11
3.7476201968503937
21
-4.8012577559055121
0
LINE
8
F.Silkscreen
6
CONTINUOUS
10
3.7476201968503937
20
-4.8012577559055121
11
3.7415152362204722
21
-4.8012577559055121
0
LINE
8
F.Silkscreen
6
CONTINUOUS
10
3.7415152362204722
20
-4.8012577559055121
11
3.7388177559055116
21
-4.8026064960629924
0
LINE
8
F.Silkscreen
6
CONTINUOUS
10
3.7749518110236218
20
-4.7954089763779528
11
3.7751400393700787
21
-4.7954089763779528
0
LINE
8
F.Silkscreen
6
CONTINUOUS
10
3.7751400393700787
20
-4.7954089763779528
11
3.7755028346456694
21
-4.7955592519685037
0
LINE
8
F.Silkscreen
6
CONTINUOUS
10
3.7755028346456694
20
-4.7955592519685037
11
3.7758817322834646
21
-4.7956625984251966
0
LINE
8
F.Silkscreen
6
CONTINUOUS
10
3.7758817322834646
20
-4.7956625984251966
11
3.7760305511811021
21
-4.7957778346456692
0
LINE
8
F.Silkscreen
6
CONTINUOUS
10
3.7760305511811021
20
-4.7957778346456692
11
3.7762044488188975
21
-4.7958498818897635
0
LINE
8
F.Silkscreen
6
CONTINUOUS
10
3.7762044488188975
20
-4.7958498818897635
11
3.7764820078740158
21
-4.7961274409448817
0
LINE
8
F.Silkscreen
6
CONTINUOUS
10
3.7764820078740158
20
-4.7961274409448817
11
3.7767926377952756
21
-4.7963679921259841
0
LINE
8
F.Silkscreen
6
CONTINUOUS
10
3.7767926377952756
20
-4.7963679921259841
11
3.7769639763779526
21
-4.796609409448819
0
LINE
8
F.Silkscreen
6
CONTINUOUS
10
3.7769639763779526
20
-4.796609409448819
11
3.777019094488189
21
-4.7966645275590549
0
LINE
8
F.Silkscreen
6
CONTINUOUS
10
3.777019094488189
20
-4.7966645275590549
11
3.7770414960629921
21
-4.7967186220472442
0
LINE
8
F.Silkscreen
6
CONTINUOUS
10
3.7770414960629921
20
-4.7967186220472442
11
3.7771276771653541
21
-4.7968400393700783
0
LINE
8
F.Silkscreen
6
CONTINUOUS
10
3.7771276771653541
20
-4.7968400393700783
11
3.7941083858267715
21
-4.8265562992125979
0
LINE
8
F.Silkscreen
6
CONTINUOUS
10
3.7941083858267715
20
-4.8265562992125979
11
3.7941083858267715
21
-4.798305
0
LINE
8
F.Silkscreen
6
CONTINUOUS
10
3.7941083858267715
20
-4.798305
11
3.7941651181102363
21
-4.7977289370078742
0
LINE
8
F.Silkscreen
6
CONTINUOUS
10
3.7941651181102363
20
-4.7977289370078742
11
3.7946060236220474
21
-4.7966645275590549
0
LINE
8
F.Silkscreen
6
CONTINUOUS
10
3.7946060236220474
20
-4.7966645275590549
11
3.7954206692913384
21
-4.7958498818897635
0
LINE
8
F.Silkscreen
6
CONTINUOUS
10
3.7954206692913384
20
-4.7958498818897635
11
3.7964850787401576
21
-4.7954089763779528
0
LINE
8
F.Silkscreen
6
CONTINUOUS
10
3.7964850787401576
20
-4.7954089763779528
11
3.7976372047244094
21
-4.7954089763779528
0
LINE
8
F.Silkscreen
6
CONTINUOUS
10
3.7976372047244094
20
-4.7954089763779528
11
3.7987016141732282
21
-4.7958498818897635
0
LINE
8
F.Silkscreen
6
CONTINUOUS
10
3.7987016141732282
20
-4.7958498818897635
11
3.7995162598425196
21
-4.7966645275590549
0
LINE
8
F.Silkscreen
6
CONTINUOUS
10
3.7995162598425196
20
-4.7966645275590549
11
3.7999571653543307
21
-4.7977289370078742
0
LINE
8
F.Silkscreen
6
CONTINUOUS
10
3.7999571653543307
20
-4.7977289370078742
11
3.8000138976377951
21
-4.798305
0
LINE
8
F.Silkscreen
6
CONTINUOUS
10
3.8000138976377951
20
-4.798305
11
3.8000138976377951
21
-4.8376750787401575
0
LINE
8
F.Silkscreen
6
CONTINUOUS
10
3.8000138976377951
20
-4.8376750787401575
11
3.7999992913385827
21
-4.8378232283464566
0
LINE
8
F.Silkscreen
6
CONTINUOUS
10
3.7999992913385827
20
-4.8378232283464566
11
3.8000066929133856
21
-4.8378813385826769
0
LINE
8
F.Silkscreen
6
CONTINUOUS
10
3.8000066929133856
20
-4.8378813385826769
11
3.7999861417322833
21
-4.8379565354330705
0
LINE
8
F.Silkscreen
6
CONTINUOUS
10
3.7999861417322833
20
-4.8379565354330705
11
3.7999571653543307
21
-4.8382511417322833
0
LINE
8
F.Silkscreen
6
CONTINUOUS
10
3.7999571653543307
20
-4.8382511417322833
11
3.7998068503937006
21
-4.8386139370078736
0
LINE
8
F.Silkscreen
6
CONTINUOUS
10
3.7998068503937006
20
-4.8386139370078736
11
3.7997035433070865
21
-4.8389928346456692
0
LINE
8
F.Silkscreen
6
CONTINUOUS
10
3.7997035433070865
20
-4.8389928346456692
11
3.7995882677165351
21
-4.8391416535433072
0
LINE
8
F.Silkscreen
6
CONTINUOUS
10
3.7995882677165351
20
-4.8391416535433072
11
3.7995162598425196
21
-4.8393155511811026
0
LINE
8
F.Silkscreen
6
CONTINUOUS
10
3.7995162598425196
20
-4.8393155511811026
11
3.7992386614173226
21
-4.83959311023622
0
LINE
8
F.Silkscreen
6
CONTINUOUS
10
3.7992386614173226
20
-4.83959311023622
11
3.798998149606299
21
-4.8399037401574798
0
LINE
8
F.Silkscreen
6
CONTINUOUS
10
3.798998149606299
20
-4.8399037401574798
11
3.7988346062992124
21
-4.8399971653543306
0
LINE
8
F.Silkscreen
6
CONTINUOUS
10
3.7988346062992124
20
-4.8399971653543306
11
3.7987016141732282
21
-4.840130196850394
0
LINE
8
F.Silkscreen
6
CONTINUOUS
10
3.7987016141732282
20
-4.840130196850394
11
3.798338897637795
21
-4.8402804330708662
0
LINE
8
F.Silkscreen
6
CONTINUOUS
10
3.798338897637795
20
-4.8402804330708662
11
3.7979977952755903
21
-4.8404753543307084
0
LINE
8
F.Silkscreen
6
CONTINUOUS
10
3.7979977952755903
20
-4.8404753543307084
11
3.7978110236220473
21
-4.8404990551181104
0
LINE
8
F.Silkscreen
6
CONTINUOUS
10
3.7978110236220473
20
-4.8404990551181104
11
3.7976372047244094
21
-4.8405711023622047
0
LINE
8
F.Silkscreen
6
CONTINUOUS
10
3.7976372047244094
20
-4.8405711023622047
11
3.7972445275590552
21
-4.8405711023622047
0
LINE
8
F.Silkscreen
6
CONTINUOUS
10
3.7972445275590552
20
-4.8405711023622047
11
3.7968548818897636
21
-4.8406206299212595
0
LINE
8
F.Silkscreen
6
CONTINUOUS
10
3.7968548818897636
20
-4.8406206299212595
11
3.7966733070866141
21
-4.8405711023622047
0
LINE
8
F.Silkscreen
6
CONTINUOUS
10
3.7966733070866141
20
-4.8405711023622047
11
3.7964850787401576
21
-4.8405711023622047
0
LINE
8
F.Silkscreen
6
CONTINUOUS
10
3.7964850787401576
20
-4.8405711023622047
11
3.7961222047244094
21
-4.840420787401575
0
LINE
8
F.Silkscreen
6
CONTINUOUS
10
3.7961222047244094
20
-4.840420787401575
11
3.7957434251968505
21
-4.8403174803149609
0
LINE
8
F.Silkscreen
6
CONTINUOUS
10
3.7957434251968505
20
-4.8403174803149609
11
3.7955946062992125
21
-4.8402022440944883
0
LINE
8
F.Silkscreen
6
CONTINUOUS
10
3.7955946062992125
20
-4.8402022440944883
11
3.7954206692913384
21
-4.840130196850394
0
LINE
8
F.Silkscreen
6
CONTINUOUS
10
3.7954206692913384
20
-4.840130196850394
11
3.795143031496063
21
-4.8398525590551182
0
LINE
8
F.Silkscreen
6
CONTINUOUS
10
3.795143031496063
20
-4.8398525590551182
11
3.7948324803149607
21
-4.8396120866141734
0
LINE
8
F.Silkscreen
6
CONTINUOUS
10
3.7948324803149607
20
-4.8396120866141734
11
3.794661023622047
21
-4.8393705511811023
0
LINE
8
F.Silkscreen
6
CONTINUOUS
10
3.794661023622047
20
-4.8393705511811023
11
3.7946060236220474
21
-4.8393155511811026
0
LINE
8
F.Silkscreen
6
CONTINUOUS
10
3.7946060236220474
20
-4.8393155511811026
11
3.7945836220472442
21
-4.8392614960629921
0
LINE
8
F.Silkscreen
6
CONTINUOUS
10
3.7945836220472442
20
-4.8392614960629921
11
3.7944974409448817
21
-4.8391400787401571
0
LINE
8
F.Silkscreen
6
CONTINUOUS
10
3.7944974409448817
20
-4.8391400787401571
11
3.7775167322834644
21
-4.80942374015748
0
LINE
8
F.Silkscreen
6
CONTINUOUS
10
3.7775167322834644
20
-4.80942374015748
11
3.7775167322834644
21
-4.8376750787401575
0
LINE
8
F.Silkscreen
6
CONTINUOUS
10
3.7775167322834644
20
-4.8376750787401575
11
3.77746
21
-4.8382511417322833
0
LINE
8
F.Silkscreen
6
CONTINUOUS
10
3.77746
20
-4.8382511417322833
11
3.777019094488189
21
-4.8393155511811026
0
LINE
8
F.Silkscreen
6
CONTINUOUS
10
3.777019094488189
20
-4.8393155511811026
11
3.7762044488188975
21
-4.840130196850394
0
LINE
8
F.Silkscreen
6
CONTINUOUS
10
3.7762044488188975
20
-4.840130196850394
11
3.7751400393700787
21
-4.8405711023622047
0
LINE
8
F.Silkscreen
6
CONTINUOUS
10
3.7751400393700787
20
-4.8405711023622047
11
3.7739879133858265
21
-4.8405711023622047
0
LINE
8
F.Silkscreen
6
CONTINUOUS
10
3.7739879133858265
20
-4.8405711023622047
11
3.7729235039370077
21
-4.840130196850394
0
LINE
8
F.Silkscreen
6
CONTINUOUS
10
3.7729235039370077
20
-4.840130196850394
11
3.7721088582677162
21
-4.8393155511811026
0
LINE
8
F.Silkscreen
6
CONTINUOUS
10
3.7721088582677162
20
-4.8393155511811026
11
3.7716679527559056
21
-4.8382511417322833
0
LINE
8
F.Silkscreen
6
CONTINUOUS
10
3.7716679527559056
20
-4.8382511417322833
11
3.7716112204724408
21
-4.8376750787401575
0
LINE
8
F.Silkscreen
6
CONTINUOUS
10
3.7716112204724408
20
-4.8376750787401575
11
3.7716112204724408
21
-4.798305
0
LINE
8
F.Silkscreen
6
CONTINUOUS
10
3.7716112204724408
20
-4.798305
11
3.7716257874015748
21
-4.7981568110236221
0
LINE
8
F.Silkscreen
6
CONTINUOUS
10
3.7716257874015748
20
-4.7981568110236221
11
3.7716184251968503
21
-4.7980987401574806
0
LINE
8
F.Silkscreen
6
CONTINUOUS
10
3.7716184251968503
20
-4.7980987401574806
11
3.7716389370078738
21
-4.7980235039370074
0
LINE
8
F.Silkscreen
6
CONTINUOUS
10
3.7716389370078738
20
-4.7980235039370074
11
3.7716679527559056
21
-4.7977289370078742
0
LINE
8
F.Silkscreen
6
CONTINUOUS
10
3.7716679527559056
20
-4.7977289370078742
11
3.7718182283464565
21
-4.7973661023622043
0
LINE
8
F.Silkscreen
6
CONTINUOUS
10
3.7718182283464565
20
-4.7973661023622043
11
3.7719215748031494
21
-4.7969872440944883
0
LINE
8
F.Silkscreen
6
CONTINUOUS
10
3.7719215748031494
20
-4.7969872440944883
11
3.772036811023622
21
-4.7968383858267716
0
LINE
8
F.Silkscreen
6
CONTINUOUS
10
3.772036811023622
20
-4.7968383858267716
11
3.7721088582677162
21
-4.7966645275590549
0
LINE
8
F.Silkscreen
6
CONTINUOUS
10
3.7721088582677162
20
-4.7966645275590549
11
3.7723864173228345
21
-4.7963869291338579
0
LINE
8
F.Silkscreen
6
CONTINUOUS
10
3.7723864173228345
20
-4.7963869291338579
11
3.7726269685039369
21
-4.7960763385826768
0
LINE
8
F.Silkscreen
6
CONTINUOUS
10
3.7726269685039369
20
-4.7960763385826768
11
3.7727904724409447
21
-4.7959828740157482
0
LINE
8
F.Silkscreen
6
CONTINUOUS
10
3.7727904724409447
20
-4.7959828740157482
11
3.7729235039370077
21
-4.7958498818897635
0
LINE
8
F.Silkscreen
6
CONTINUOUS
10
3.7729235039370077
20
-4.7958498818897635
11
3.7732861811023621
21
-4.7956996062992125
0
LINE
8
F.Silkscreen
6
CONTINUOUS
10
3.7732861811023621
20
-4.7956996062992125
11
3.7736273228346455
21
-4.7955047244094491
0
LINE
8
F.Silkscreen
6
CONTINUOUS
10
3.7736273228346455
20
-4.7955047244094491
11
3.7738140551181103
21
-4.7954809842519683
0
LINE
8
F.Silkscreen
6
CONTINUOUS
10
3.7738140551181103
20
-4.7954809842519683
11
3.7739879133858265
21
-4.7954089763779528
0
LINE
8
F.Silkscreen
6
CONTINUOUS
10
3.7739879133858265
20
-4.7954089763779528
11
3.7743805905511811
21
-4.7954089763779528
0
LINE
8
F.Silkscreen
6
CONTINUOUS
10
3.7743805905511811
20
-4.7954089763779528
11
3.7747702362204723
21
-4.7953594488188971
0
LINE
8
F.Silkscreen
6
CONTINUOUS
10
3.7747702362204723
20
-4.7953594488188971
11
3.7749518110236218
21
-4.7954089763779528
0
LINE
8
F.Silkscreen
6
CONTINUOUS
10
3.8161966535433072
20
-4.7954089763779528
11
3.8163848818897637
21
-4.7954089763779528
0
LINE
8
F.Silkscreen
6
CONTINUOUS
10
3.8163848818897637
20
-4.7954089763779528
11
3.8167476771653543
21
-4.7955592519685037
0
LINE
8
F.Silkscreen
6
CONTINUOUS
10
3.8167476771653543
20
-4.7955592519685037
11
3.8171265748031495
21
-4.7956625984251966
0
LINE
8
F.Silkscreen
6
CONTINUOUS
10
3.8171265748031495
20
-4.7956625984251966
11
3.8172753937007875
21
-4.7957778346456692
0
LINE
8
F.Silkscreen
6
CONTINUOUS
10
3.8172753937007875
20
-4.7957778346456692
11
3.8174492913385825
21
-4.7958498818897635
0
LINE
8
F.Silkscreen
6
CONTINUOUS
10
3.8174492913385825
20
-4.7958498818897635
11
3.8177268503937007
21
-4.7961274409448817
0
LINE
8
F.Silkscreen
6
CONTINUOUS
10
3.8177268503937007
20
-4.7961274409448817
11
3.8180374803149606
21
-4.7963679921259841
0
LINE
8
F.Silkscreen
6
CONTINUOUS
10
3.8180374803149606
20
-4.7963679921259841
11
3.8182088188976375
21
-4.796609409448819
0
LINE
8
F.Silkscreen
6
CONTINUOUS
10
3.8182088188976375
20
-4.796609409448819
11
3.8182639370078739
21
-4.7966645275590549
0
LINE
8
F.Silkscreen
6
CONTINUOUS
10
3.8182639370078739
20
-4.7966645275590549
11
3.8182863385826771
21
-4.7967186220472442
0
LINE
8
F.Silkscreen
6
CONTINUOUS
10
3.8182863385826771
20
-4.7967186220472442
11
3.8183725196850391
21
-4.7968400393700783
0
LINE
8
F.Silkscreen
6
CONTINUOUS
10
3.8183725196850391
20
-4.7968400393700783
11
3.8353532283464564
21
-4.8265562992125979
0
LINE
8
F.Silkscreen
6
CONTINUOUS
10
3.8353532283464564
20
-4.8265562992125979
11
3.8353532283464564
21
-4.798305
0
LINE
8
F.Silkscreen
6
CONTINUOUS
10
3.8353532283464564
20
-4.798305
11
3.8354099606299212
21
-4.7977289370078742
0
LINE
8
F.Silkscreen
6
CONTINUOUS
10
3.8354099606299212
20
-4.7977289370078742
11
3.8358508661417323
21
-4.7966645275590549
0
LINE
8
F.Silkscreen
6
CONTINUOUS
10
3.8358508661417323
20
-4.7966645275590549
11
3.8366655118110233
21
-4.7958498818897635
0
LINE
8
F.Silkscreen
6
CONTINUOUS
10
3.8366655118110233
20
-4.7958498818897635
11
3.8377299212598426
21
-4.7954089763779528
0
LINE
8
F.Silkscreen
6
CONTINUOUS
10
3.8377299212598426
20
-4.7954089763779528
11
3.8388820472440943
21
-4.7954089763779528
0
LINE
8
F.Silkscreen
6
CONTINUOUS
10
3.8388820472440943
20
-4.7954089763779528
11
3.8399464566929131
21
-4.7958498818897635
0
LINE
8
F.Silkscreen
6
CONTINUOUS
10
3.8399464566929131
20
-4.7958498818897635
11
3.8407611023622046
21
-4.7966645275590549
0
LINE
8
F.Silkscreen
6
CONTINUOUS
10
3.8407611023622046
20
-4.7966645275590549
11
3.8412020078740157
21
-4.7977289370078742
0
LINE
8
F.Silkscreen
6
CONTINUOUS
10
3.8412020078740157
20
-4.7977289370078742
11
3.84125874015748
21
-4.798305
0
LINE
8
F.Silkscreen
6
CONTINUOUS
10
3.84125874015748
20
-4.798305
11
3.84125874015748
21
-4.8376750787401575
0
LINE
8
F.Silkscreen
6
CONTINUOUS
10
3.84125874015748
20
-4.8376750787401575
11
3.8412441338582677
21
-4.8378232283464566
0
LINE
8
F.Silkscreen
6
CONTINUOUS
10
3.8412441338582677
20
-4.8378232283464566
11
3.841251535433071
21
-4.8378813385826769
0
LINE
8
F.Silkscreen
6
CONTINUOUS
10
3.841251535433071
20
-4.8378813385826769
11
3.8412309842519683
21
-4.8379565354330705
0
LINE
8
F.Silkscreen
6
CONTINUOUS
10
3.8412309842519683
20
-4.8379565354330705
11
3.8412020078740157
21
-4.8382511417322833
0
LINE
8
F.Silkscreen
6
CONTINUOUS
10
3.8412020078740157
20
-4.8382511417322833
11
3.8410516929133856
21
-4.8386139370078736
0
LINE
8
F.Silkscreen
6
CONTINUOUS
10
3.8410516929133856
20
-4.8386139370078736
11
3.8409483858267714
21
-4.8389928346456692
0
LINE
8
F.Silkscreen
6
CONTINUOUS
10
3.8409483858267714
20
-4.8389928346456692
11
3.8408331102362205
21
-4.8391416535433072
0
LINE
8
F.Silkscreen
6
CONTINUOUS
10
3.8408331102362205
20
-4.8391416535433072
11
3.8407611023622046
21
-4.8393155511811026
0
LINE
8
F.Silkscreen
6
CONTINUOUS
10
3.8407611023622046
20
-4.8393155511811026
11
3.840483503937008
21
-4.83959311023622
0
LINE
8
F.Silkscreen
6
CONTINUOUS
10
3.840483503937008
20
-4.83959311023622
11
3.840242992125984
21
-4.8399037401574798
0
LINE
8
F.Silkscreen
6
CONTINUOUS
10
3.840242992125984
20
-4.8399037401574798
11
3.8400794488188974
21
-4.8399971653543306
0
LINE
8
F.Silkscreen
6
CONTINUOUS
10
3.8400794488188974
20
-4.8399971653543306
11
3.8399464566929131
21
-4.840130196850394
0
LINE
8
F.Silkscreen
6
CONTINUOUS
10
3.8399464566929131
20
-4.840130196850394
11
3.8395837401574804
21
-4.8402804330708662
0
LINE
8
F.Silkscreen
6
CONTINUOUS
10
3.8395837401574804
20
-4.8402804330708662
11
3.8392426377952753
21
-4.8404753543307084
0
LINE
8
F.Silkscreen
6
CONTINUOUS
10
3.8392426377952753
20
-4.8404753543307084
11
3.8390558661417322
21
-4.8404990551181104
0
LINE
8
F.Silkscreen
6
CONTINUOUS
10
3.8390558661417322
20
-4.8404990551181104
11
3.8388820472440943
21
-4.8405711023622047
0
LINE
8
F.Silkscreen
6
CONTINUOUS
10
3.8388820472440943
20
-4.8405711023622047
11
3.8384893700787401
21
-4.8405711023622047
0
LINE
8
F.Silkscreen
6
CONTINUOUS
10
3.8384893700787401
20
-4.8405711023622047
11
3.8380997244094486
21
-4.8406206299212595
0
LINE
8
F.Silkscreen
6
CONTINUOUS
10
3.8380997244094486
20
-4.8406206299212595
11
3.8379181496062991
21
-4.8405711023622047
0
LINE
8
F.Silkscreen
6
CONTINUOUS
10
3.8379181496062991
20
-4.8405711023622047
11
3.8377299212598426
21
-4.8405711023622047
0
LINE
8
F.Silkscreen
6
CONTINUOUS
10
3.8377299212598426
20
-4.8405711023622047
11
3.8373670472440944
21
-4.840420787401575
0
LINE
8
F.Silkscreen
6
CONTINUOUS
10
3.8373670472440944
20
-4.840420787401575
11
3.8369882677165355
21
-4.8403174803149609
0
LINE
8
F.Silkscreen
6
CONTINUOUS
10
3.8369882677165355
20
-4.8403174803149609
11
3.8368394488188975
21
-4.8402022440944883
0
LINE
8
F.Silkscreen
6
CONTINUOUS
10
3.8368394488188975
20
-4.8402022440944883
11
3.8366655118110233
21
-4.840130196850394
0
LINE
8
F.Silkscreen
6
CONTINUOUS
10
3.8366655118110233
20
-4.840130196850394
11
3.836387874015748
21
-4.8398525590551182
0
LINE
8
F.Silkscreen
6
CONTINUOUS
10
3.836387874015748
20
-4.8398525590551182
11
3.8360773228346456
21
-4.8396120866141734
0
LINE
8
F.Silkscreen
6
CONTINUOUS
10
3.8360773228346456
20
-4.8396120866141734
11
3.835905866141732
21
-4.8393705511811023
0
LINE
8
F.Silkscreen
6
CONTINUOUS
10
3.835905866141732
20
-4.8393705511811023
11
3.8358508661417323
21
-4.8393155511811026
0
LINE
8
F.Silkscreen
6
CONTINUOUS
10
3.8358508661417323
20
-4.8393155511811026
11
3.8358284645669292
21
-4.8392614960629921
0
LINE
8
F.Silkscreen
6
CONTINUOUS
10
3.8358284645669292
20
-4.8392614960629921
11
3.8357422834645667
21
-4.8391400787401571
0
LINE
8
F.Silkscreen
6
CONTINUOUS
10
3.8357422834645667
20
-4.8391400787401571
11
3.8187615748031494
21
-4.80942374015748
0
LINE
8
F.Silkscreen
6
CONTINUOUS
10
3.8187615748031494
20
-4.80942374015748
11
3.8187615748031494
21
-4.8376750787401575
0
LINE
8
F.Silkscreen
6
CONTINUOUS
10
3.8187615748031494
20
-4.8376750787401575
11
3.818704842519685
21
-4.8382511417322833
0
LINE
8
F.Silkscreen
6
CONTINUOUS
10
3.818704842519685
20
-4.8382511417322833
11
3.8182639370078739
21
-4.8393155511811026
0
LINE
8
F.Silkscreen
6
CONTINUOUS
10
3.8182639370078739
20
-4.8393155511811026
11
3.8174492913385825
21
-4.840130196850394
0
LINE
8
F.Silkscreen
6
CONTINUOUS
10
3.8174492913385825
20
-4.840130196850394
11
3.8163848818897637
21
-4.8405711023622047
0
LINE
8
F.Silkscreen
6
CONTINUOUS
10
3.8163848818897637
20
-4.8405711023622047
11
3.8152327559055119
21
-4.8405711023622047
0
LINE
8
F.Silkscreen
6
CONTINUOUS
10
3.8152327559055119
20
-4.8405711023622047
11
3.8141683464566927
21
-4.840130196850394
0
LINE
8
F.Silkscreen
6
CONTINUOUS
10
3.8141683464566927
20
-4.840130196850394
11
3.8133537007874017
21
-4.8393155511811026
0
LINE
8
F.Silkscreen
6
CONTINUOUS
10
3.8133537007874017
20
-4.8393155511811026
11
3.8129127952755906
21
-4.8382511417322833
0
LINE
8
F.Silkscreen
6
CONTINUOUS
10
3.8129127952755906
20
-4.8382511417322833
11
3.8128560629921258
21
-4.8376750787401575
0
LINE
8
F.Silkscreen
6
CONTINUOUS
10
3.8128560629921258
20
-4.8376750787401575
11
3.8128560629921258
21
-4.798305
0
LINE
8
F.Silkscreen
6
CONTINUOUS
10
3.8128560629921258
20
-4.798305
11
3.8128706299212598
21
-4.7981568110236221
0
LINE
8
F.Silkscreen
6
CONTINUOUS
10
3.8128706299212598
20
-4.7981568110236221
11
3.8128632677165353
21
-4.7980987401574806
0
LINE
8
F.Silkscreen
6
CONTINUOUS
10
3.8128632677165353
20
-4.7980987401574806
11
3.8128837795275587
21
-4.7980235039370074
0
LINE
8
F.Silkscreen
6
CONTINUOUS
10
3.8128837795275587
20
-4.7980235039370074
11
3.8129127952755906
21
-4.7977289370078742
0
LINE
8
F.Silkscreen
6
CONTINUOUS
10
3.8129127952755906
20
-4.7977289370078742
11
3.8130630708661415
21
-4.7973661023622043
0
LINE
8
F.Silkscreen
6
CONTINUOUS
10
3.8130630708661415
20
-4.7973661023622043
11
3.8131664173228343
21
-4.7969872440944883
0
LINE
8
F.Silkscreen
6
CONTINUOUS
10
3.8131664173228343
20
-4.7969872440944883
11
3.8132816535433069
21
-4.7968383858267716
0
LINE
8
F.Silkscreen
6
CONTINUOUS
10
3.8132816535433069
20
-4.7968383858267716
11
3.8133537007874017
21
-4.7966645275590549
0
LINE
8
F.Silkscreen
6
CONTINUOUS
10
3.8133537007874017
20
-4.7966645275590549
11
3.8136312598425195
21
-4.7963869291338579
0
LINE
8
F.Silkscreen
6
CONTINUOUS
10
3.8136312598425195
20
-4.7963869291338579
11
3.8138718110236218
21
-4.7960763385826768
0
LINE
8
F.Silkscreen
6
CONTINUOUS
10
3.8138718110236218
20
-4.7960763385826768
11
3.8140353149606296
21
-4.7959828740157482
0
LINE
8
F.Silkscreen
6
CONTINUOUS
10
3.8140353149606296
20
-4.7959828740157482
11
3.8141683464566927
21
-4.7958498818897635
0
LINE
8
F.Silkscreen
6
CONTINUOUS
10
3.8141683464566927
20
-4.7958498818897635
11
3.8145310236220471
21
-4.7956996062992125
0
LINE
8
F.Silkscreen
6
CONTINUOUS
10
3.8145310236220471
20
-4.7956996062992125
11
3.8148721653543305
21
-4.7955047244094491
0
LINE
8
F.Silkscreen
6
CONTINUOUS
10
3.8148721653543305
20
-4.7955047244094491
11
3.8150588976377953
21
-4.7954809842519683
0
LINE
8
F.Silkscreen
6
CONTINUOUS
10
3.8150588976377953
20
-4.7954809842519683
11
3.8152327559055119
21
-4.7954089763779528
0
LINE
8
F.Silkscreen
6
CONTINUOUS
10
3.8152327559055119
20
-4.7954089763779528
11
3.8156254330708661
21
-4.7954089763779528
0
LINE
8
F.Silkscreen
6
CONTINUOUS
10
3.8156254330708661
20
-4.7954089763779528
11
3.8160150787401572
21
-4.7953594488188971
0
LINE
8
F.Silkscreen
6
CONTINUOUS
10
3.8160150787401572
20
-4.7953594488188971
11
3.8161966535433072
21
-4.7954089763779528
0
LINE
8
F.Silkscreen
6
CONTINUOUS
10
3.7141912204724408
20
-4.3672024803149609
11
3.7154696456692911
21
-4.3684809055118112
0
LINE
8
F.Silkscreen
6
CONTINUOUS
10
3.7154696456692911
20
-4.3684809055118112
11
3.7156494488188976
21
-4.369384881889764
0
LINE
8
F.Silkscreen
6
CONTINUOUS
10
3.7156494488188976
20
-4.369384881889764
11
3.7156494488188976
21
-4.4693848818897637
0
LINE
8
F.Silkscreen
6
CONTINUOUS
10
3.7156494488188976
20
-4.4693848818897637
11
3.8156494488188977
21
-4.4693848818897637
0
LINE
8
F.Silkscreen
6
CONTINUOUS
10
3.8156494488188977
20
-4.4693848818897637
11
3.8165534251968505
21
-4.4695646850393702
0
LINE
8
F.Silkscreen
6
CONTINUOUS
10
3.8165534251968505
20
-4.4695646850393702
11
3.8178318503937008
21
-4.4708431102362205
0
LINE
8
F.Silkscreen
6
CONTINUOUS
10
3.8178318503937008
20
-4.4708431102362205
11
3.8180116535433068
21
-4.4717470866141733
0
LINE
8
F.Silkscreen
6
CONTINUOUS
10
3.8180116535433068
20
-4.4717470866141733
11
3.8180116535433068
21
-4.7741092913385828
0
LINE
8
F.Silkscreen
6
CONTINUOUS
10
3.8180116535433068
20
-4.7741092913385828
11
3.8178318503937008
21
-4.7750132677165356
0
LINE
8
F.Silkscreen
6
CONTINUOUS
10
3.8178318503937008
20
-4.7750132677165356
11
3.8165534251968505
21
-4.7762916929133858
0
LINE
8
F.Silkscreen
6
CONTINUOUS
10
3.8165534251968505
20
-4.7762916929133858
11
3.8156494488188977
21
-4.7764714960629924
0
LINE
8
F.Silkscreen
6
CONTINUOUS
10
3.8156494488188977
20
-4.7764714960629924
11
3.6109250393700787
21
-4.7764714960629924
0
LINE
8
F.Silkscreen
6
CONTINUOUS
10
3.6109250393700787
20
-4.7764714960629924
11
3.6100210629921259
21
-4.7762916929133858
0
LINE
8
F.Silkscreen
6
CONTINUOUS
10
3.6100210629921259
20
-4.7762916929133858
11
3.6087426377952756
21
-4.7750132677165356
0
LINE
8
F.Silkscreen
6
CONTINUOUS
10
3.6087426377952756
20
-4.7750132677165356
11
3.6085628346456691
21
-4.7741092913385828
0
LINE
8
F.Silkscreen
6
CONTINUOUS
10
3.6085628346456691
20
-4.7741092913385828
11
3.6085628346456691
21
-4.369384881889764
0
LINE
8
F.Silkscreen
6
CONTINUOUS
10
3.6085628346456691
20
-4.369384881889764
11
3.6087426377952756
21
-4.3684809055118112
0
LINE
8
F.Silkscreen
6
CONTINUOUS
10
3.6087426377952756
20
-4.3684809055118112
11
3.6100210629921259
21
-4.3672024803149609
0
LINE
8
F.Silkscreen
6
CONTINUOUS
10
3.6100210629921259
20
-4.3672024803149609
11
3.6109250393700787
21
-4.3670226771653544
0
LINE
8
F.Silkscreen
6
CONTINUOUS
10
3.6109250393700787
20
-4.3670226771653544
11
3.713287244094488
21
-4.3670226771653544
0
LINE
8
F.Silkscreen
6
CONTINUOUS
10
3.713287244094488
20
-4.3670226771653544
11
3.7141912204724408
21
-4.3672024803149609
0
LINE
8
F.Silkscreen
6
CONTINUOUS
10
3.6132872440944883
20
-4.3717470866141728
11
3.6132872440944883
21
-4.7717470866141731
0
LINE
8
F.Silkscreen
6
CONTINUOUS
10
3.6132872440944883
20
-4.7717470866141731
11
3.813287244094488
21
-4.7717470866141731
0
LINE
8
F.Silkscreen
6
CONTINUOUS
10
3.813287244094488
20
-4.7717470866141731
11
3.813287244094488
21
-4.4741092913385829
0
LINE
8
F.Silkscreen
6
CONTINUOUS
10
3.813287244094488
20
-4.4741092913385829
11
3.713287244094488
21
-4.4741092913385829
0
LINE
8
F.Silkscreen
6
CONTINUOUS
10
3.713287244094488
20
-4.4741092913385829
11
3.7123832677165352
21
-4.4739294881889764
0
LINE
8
F.Silkscreen
6
CONTINUOUS
10
3.7123832677165352
20
-4.4739294881889764
11
3.7111048425196849
21
-4.4726510629921261
0
LINE
8
F.Silkscreen
6
CONTINUOUS
10
3.7111048425196849
20
-4.4726510629921261
11
3.7109250393700788
21
-4.4717470866141733
0
LINE
8
F.Silkscreen
6
CONTINUOUS
10
3.7109250393700788
20
-4.4717470866141733
11
3.7109250393700788
21
-4.3717470866141728
0
LINE
8
F.Silkscreen
6
CONTINUOUS
10
3.7109250393700788
20
-4.3717470866141728
11
3.6132872440944883
21
-4.3717470866141728
0
LINE
8
F.Silkscreen
6
CONTINUOUS
10
4.1648570866141732
20
-4.4927092125984247
11
4.1666311023622047
21
-4.4934440157480315
0
LINE
8
F.Silkscreen
6
CONTINUOUS
10
4.1666311023622047
20
-4.4934440157480315
11
4.1679888976377955
21
-4.4948018110236223
0
LINE
8
F.Silkscreen
6
CONTINUOUS
10
4.1679888976377955
20
-4.4948018110236223
11
4.1687237007874014
21
-4.4965758267716538
0
LINE
8
F.Silkscreen
6
CONTINUOUS
10
4.1687237007874014
20
-4.4965758267716538
11
4.1687237007874014
21
-4.4984959842519681
0
LINE
8
F.Silkscreen
6
CONTINUOUS
10
4.1687237007874014
20
-4.4984959842519681
11
4.1679888976377955
21
-4.5002699999999995
0
LINE
8
F.Silkscreen
6
CONTINUOUS
10
4.1679888976377955
20
-4.5002699999999995
11
4.1666311023622047
21
-4.5016277952755903
0
LINE
8
F.Silkscreen
6
CONTINUOUS
10
4.1666311023622047
20
-4.5016277952755903
11
4.1648570866141732
21
-4.5023625984251971
0
LINE
8
F.Silkscreen
6
CONTINUOUS
10
4.1648570866141732
20
-4.5023625984251971
11
4.1638970078740156
21
-4.5024571653543308
0
LINE
8
F.Silkscreen
6
CONTINUOUS
10
4.1638970078740156
20
-4.5024571653543308
11
4.1313229527559052
21
-4.5024571653543308
0
LINE
8
F.Silkscreen
6
CONTINUOUS
10
4.1313229527559052
20
-4.5024571653543308
11
4.1313229527559052
21
-4.5301099606299209
0
LINE
8
F.Silkscreen
6
CONTINUOUS
10
4.1313229527559052
20
-4.5301099606299209
11
4.1526484251968503
21
-4.5301099606299209
0
LINE
8
F.Silkscreen
6
CONTINUOUS
10
4.1526484251968503
20
-4.5301099606299209
11
4.1536085039370079
21
-4.5302045275590554
0
LINE
8
F.Silkscreen
6
CONTINUOUS
10
4.1536085039370079
20
-4.5302045275590554
11
4.1553825196850394
21
-4.5309393307086614
0
LINE
8
F.Silkscreen
6
CONTINUOUS
10
4.1553825196850394
20
-4.5309393307086614
11
4.1567403149606301
21
-4.5322971259842522
0
LINE
8
F.Silkscreen
6
CONTINUOUS
10
4.1567403149606301
20
-4.5322971259842522
11
4.1574751181102361
21
-4.5340711417322836
0
LINE
8
F.Silkscreen
6
CONTINUOUS
10
4.1574751181102361
20
-4.5340711417322836
11
4.1574751181102361
21
-4.5359912992125979
0
LINE
8
F.Silkscreen
6
CONTINUOUS
10
4.1574751181102361
20
-4.5359912992125979
11
4.1567403149606301
21
-4.5377653149606294
0
LINE
8
F.Silkscreen
6
CONTINUOUS
10
4.1567403149606301
20
-4.5377653149606294
11
4.1553825196850394
21
-4.5391231102362202
0
LINE
8
F.Silkscreen
6
CONTINUOUS
10
4.1553825196850394
20
-4.5391231102362202
11
4.1536085039370079
21
-4.539857913385827
0
LINE
8
F.Silkscreen
6
CONTINUOUS
10
4.1536085039370079
20
-4.539857913385827
11
4.1526484251968503
21
-4.5399524803149607
0
LINE
8
F.Silkscreen
6
CONTINUOUS
10
4.1526484251968503
20
-4.5399524803149607
11
4.1313229527559052
21
-4.5399524803149607
0
LINE
8
F.Silkscreen
6
CONTINUOUS
10
4.1313229527559052
20
-4.5399524803149607
11
4.1313229527559052
21
-4.5713548031496058
0
LINE
8
F.Silkscreen
6
CONTINUOUS
10
4.1313229527559052
20
-4.5713548031496058
11
4.1638970078740156
21
-4.5713548031496058
0
LINE
8
F.Silkscreen
6
CONTINUOUS
10
4.1638970078740156
20
-4.5713548031496058
11
4.1648570866141732
21
-4.5714493700787404
0
LINE
8
F.Silkscreen
6
CONTINUOUS
10
4.1648570866141732
20
-4.5714493700787404
11
4.1666311023622047
21
-4.5721841732283464
0
LINE
8
F.Silkscreen
6
CONTINUOUS
10
4.1666311023622047
20
-4.5721841732283464
11
4.1679888976377955
21
-4.5735419685039371
0
LINE
8
F.Silkscreen
6
CONTINUOUS
10
4.1679888976377955
20
-4.5735419685039371
11
4.1687237007874014
21
-4.5753159842519686
0
LINE
8
F.Silkscreen
6
CONTINUOUS
10
4.1687237007874014
20
-4.5753159842519686
11
4.1687237007874014
21
-4.5772361417322838
0
LINE
8
F.Silkscreen
6
CONTINUOUS
10
4.1687237007874014
20
-4.5772361417322838
11
4.1679888976377955
21
-4.5790101574803153
0
LINE
8
F.Silkscreen
6
CONTINUOUS
10
4.1679888976377955
20
-4.5790101574803153
11
4.1666311023622047
21
-4.5803679527559051
0
LINE
8
F.Silkscreen
6
CONTINUOUS
10
4.1666311023622047
20
-4.5803679527559051
11
4.1648570866141732
21
-4.581102755905512
0
LINE
8
F.Silkscreen
6
CONTINUOUS
10
4.1648570866141732
20
-4.581102755905512
11
4.1638970078740156
21
-4.5811973228346456
0
LINE
8
F.Silkscreen
6
CONTINUOUS
10
4.1638970078740156
20
-4.5811973228346456
11
4.1264016929133858
21
-4.5811973228346456
0
LINE
8
F.Silkscreen
6
CONTINUOUS
10
4.1264016929133858
20
-4.5811973228346456
11
4.1254416141732282
21
-4.581102755905512
0
LINE
8
F.Silkscreen
6
CONTINUOUS
10
4.1254416141732282
20
-4.581102755905512
11
4.1236675984251967
21
-4.5803679527559051
0
LINE
8
F.Silkscreen
6
CONTINUOUS
10
4.1236675984251967
20
-4.5803679527559051
11
4.1223098031496059
21
-4.5790101574803153
0
LINE
8
F.Silkscreen
6
CONTINUOUS
10
4.1223098031496059
20
-4.5790101574803153
11
4.121575
21
-4.5772361417322838
0
LINE
8
F.Silkscreen
6
CONTINUOUS
10
4.121575
20
-4.5772361417322838
11
4.1214804330708663
21
-4.5762760629921262
0
LINE
8
F.Silkscreen
6
CONTINUOUS
10
4.1214804330708663
20
-4.5762760629921262
11
4.1214804330708663
21
-4.4975359055118105
0
LINE
8
F.Silkscreen
6
CONTINUOUS
10
4.1214804330708663
20
-4.4975359055118105
11
4.121575
21
-4.4965758267716538
0
LINE
8
F.Silkscreen
6
CONTINUOUS
10
4.121575
20
-4.4965758267716538
11
4.1223098031496059
21
-4.4948018110236223
0
LINE
8
F.Silkscreen
6
CONTINUOUS
10
4.1223098031496059
20
-4.4948018110236223
11
4.1236675984251967
21
-4.4934440157480315
0
LINE
8
F.Silkscreen
6
CONTINUOUS
10
4.1236675984251967
20
-4.4934440157480315
11
4.1254416141732282
21
-4.4927092125984247
0
LINE
8
F.Silkscreen
6
CONTINUOUS
10
4.1254416141732282
20
-4.4927092125984247
11
4.1264016929133858
21
-4.492614645669291
0
LINE
8
F.Silkscreen
6
CONTINUOUS
10
4.1264016929133858
20
-4.492614645669291
11
4.1638970078740156
21
-4.492614645669291
0
LINE
8
F.Silkscreen
6
CONTINUOUS
10
4.1638970078740156
20
-4.492614645669291
11
4.1648570866141732
21
-4.4927092125984247
0
LINE
8
F.Silkscreen
6
CONTINUOUS
10
4.3106146850393703
20
-4.4926624803149604
11
4.3107442519685035
21
-4.4926533070866137
0
LINE
8
F.Silkscreen
6
CONTINUOUS
10
4.3107442519685035
20
-4.4926533070866137
11
4.3109146850393696
21
-4.4926920472440948
0
LINE
8
F.Silkscreen
6
CONTINUOUS
10
4.3109146850393696
20
-4.4926920472440948
11
4.3110888188976375
21
-4.4927092125984247
0
LINE
8
F.Silkscreen
6
CONTINUOUS
10
4.3110888188976375
20
-4.4927092125984247
11
4.3112089370078737
21
-4.4927589370078742
0
LINE
8
F.Silkscreen
6
CONTINUOUS
10
4.3112089370078737
20
-4.4927589370078742
11
4.311684960629921
21
-4.4928672047244094
0
LINE
8
F.Silkscreen
6
CONTINUOUS
10
4.311684960629921
20
-4.4928672047244094
11
4.3229335433070863
21
-4.4966167322834645
0
LINE
8
F.Silkscreen
6
CONTINUOUS
10
4.3229335433070863
20
-4.4966167322834645
11
4.3238144488188972
21
-4.4970100393700783
0
LINE
8
F.Silkscreen
6
CONTINUOUS
10
4.3238144488188972
20
-4.4970100393700783
11
4.3239480314960632
21
-4.4971259055118109
0
LINE
8
F.Silkscreen
6
CONTINUOUS
10
4.3239480314960632
20
-4.4971259055118109
11
4.3241114173228343
21
-4.4971935826771654
0
LINE
8
F.Silkscreen
6
CONTINUOUS
10
4.3241114173228343
20
-4.4971935826771654
11
4.3248571653543308
21
-4.4978055905511809
0
LINE
8
F.Silkscreen
6
CONTINUOUS
10
4.3248571653543308
20
-4.4978055905511809
11
4.328606692913386
21
-4.501555118110236
0
LINE
8
F.Silkscreen
6
CONTINUOUS
10
4.328606692913386
20
-4.501555118110236
11
4.3292187007874015
21
-4.5023008661417325
0
LINE
8
F.Silkscreen
6
CONTINUOUS
10
4.3292187007874015
20
-4.5023008661417325
11
4.3299535433070862
21
-4.5040748425196853
0
LINE
8
F.Silkscreen
6
CONTINUOUS
10
4.3299535433070862
20
-4.5040748425196853
11
4.3299535433070862
21
-4.505995078740157
0
LINE
8
F.Silkscreen
6
CONTINUOUS
10
4.3299535433070862
20
-4.505995078740157
11
4.3292187007874015
21
-4.5077690551181098
0
LINE
8
F.Silkscreen
6
CONTINUOUS
10
4.3292187007874015
20
-4.5077690551181098
11
4.3278609448818894
21
-4.5091268110236218
0
LINE
8
F.Silkscreen
6
CONTINUOUS
10
4.3278609448818894
20
-4.5091268110236218
11
4.3260869685039367
21
-4.5098616535433074
0
LINE
8
F.Silkscreen
6
CONTINUOUS
10
4.3260869685039367
20
-4.5098616535433074
11
4.324166732283464
21
-4.5098616535433074
0
LINE
8
F.Silkscreen
6
CONTINUOUS
10
4.324166732283464
20
-4.5098616535433074
11
4.3223927559055113
21
-4.5091268110236218
0
LINE
8
F.Silkscreen
6
CONTINUOUS
10
4.3223927559055113
20
-4.5091268110236218
11
4.3216470078740157
21
-4.5085148031496063
0
LINE
8
F.Silkscreen
6
CONTINUOUS
10
4.3216470078740157
20
-4.5085148031496063
11
4.3187189370078736
21
-4.5055867322834642
0
LINE
8
F.Silkscreen
6
CONTINUOUS
10
4.3187189370078736
20
-4.5055867322834642
11
4.3093301968503939
21
-4.5024571653543308
0
LINE
8
F.Silkscreen
6
CONTINUOUS
10
4.3093301968503939
20
-4.5024571653543308
11
4.3034282283464567
21
-4.5024571653543308
0
LINE
8
F.Silkscreen
6
CONTINUOUS
10
4.3034282283464567
20
-4.5024571653543308
11
4.2940394488188973
21
-4.5055867322834642
0
LINE
8
F.Silkscreen
6
CONTINUOUS
10
4.2940394488188973
20
-4.5055867322834642
11
4.2879265748031496
21
-4.511699566929134
0
LINE
8
F.Silkscreen
6
CONTINUOUS
10
4.2879265748031496
20
-4.511699566929134
11
4.2847757874015748
21
-4.5180011417322836
0
LINE
8
F.Silkscreen
6
CONTINUOUS
10
4.2847757874015748
20
-4.5180011417322836
11
4.2813042125984255
21
-4.5318875196850392
0
LINE
8
F.Silkscreen
6
CONTINUOUS
10
4.2813042125984255
20
-4.5318875196850392
11
4.2813042125984255
21
-4.5419244094488187
0
LINE
8
F.Silkscreen
6
CONTINUOUS
10
4.2813042125984255
20
-4.5419244094488187
11
4.2847757874015748
21
-4.5558107480314955
0
LINE
8
F.Silkscreen
6
CONTINUOUS
10
4.2847757874015748
20
-4.5558107480314955
11
4.2879265748031496
21
-4.5621122834645664
0
LINE
8
F.Silkscreen
6
CONTINUOUS
10
4.2879265748031496
20
-4.5621122834645664
11
4.2940394094488186
21
-4.5682251968503937
0
LINE
8
F.Silkscreen
6
CONTINUOUS
10
4.2940394094488186
20
-4.5682251968503937
11
4.3034282283464567
21
-4.5713548031496058
0
LINE
8
F.Silkscreen
6
CONTINUOUS
10
4.3034282283464567
20
-4.5713548031496058
11
4.3093301968503939
21
-4.5713548031496058
0
LINE
8
F.Silkscreen
6
CONTINUOUS
10
4.3093301968503939
20
-4.5713548031496058
11
4.3187188582677161
21
-4.5682252362204725
0
LINE
8
F.Silkscreen
6
CONTINUOUS
10
4.3187188582677161
20
-4.5682252362204725
11
4.3216469685039369
21
-4.5652971259842516
0
LINE
8
F.Silkscreen
6
CONTINUOUS
10
4.3216469685039369
20
-4.5652971259842516
11
4.3223927165354326
21
-4.5646851181102361
0
LINE
8
F.Silkscreen
6
CONTINUOUS
10
4.3223927165354326
20
-4.5646851181102361
11
4.324166732283464
21
-4.5639502755905514
0
LINE
8
F.Silkscreen
6
CONTINUOUS
10
4.324166732283464
20
-4.5639502755905514
11
4.326086929133858
21
-4.5639502362204727
0
LINE
8
F.Silkscreen
6
CONTINUOUS
10
4.326086929133858
20
-4.5639502362204727
11
4.3278609448818894
21
-4.5646850787401574
0
LINE
8
F.Silkscreen
6
CONTINUOUS
10
4.3278609448818894
20
-4.5646850787401574
11
4.3292187007874015
21
-4.5660428346456694
0
LINE
8
F.Silkscreen
6
CONTINUOUS
10
4.3292187007874015
20
-4.5660428346456694
11
4.3299535433070862
21
-4.5678168110236221
0
LINE
8
F.Silkscreen
6
CONTINUOUS
10
4.3299535433070862
20
-4.5678168110236221
11
4.3299535826771649
21
-4.5697370472440948
0
LINE
8
F.Silkscreen
6
CONTINUOUS
10
4.3299535826771649
20
-4.5697370472440948
11
4.3292187401574802
21
-4.5715110629921263
0
LINE
8
F.Silkscreen
6
CONTINUOUS
10
4.3292187401574802
20
-4.5715110629921263
11
4.3286067322834647
21
-4.5722568110236219
0
LINE
8
F.Silkscreen
6
CONTINUOUS
10
4.3286067322834647
20
-4.5722568110236219
11
4.3248572047244096
21
-4.5760063779527558
0
LINE
8
F.Silkscreen
6
CONTINUOUS
10
4.3248572047244096
20
-4.5760063779527558
11
4.3241114566929131
21
-4.5766183858267713
0
LINE
8
F.Silkscreen
6
CONTINUOUS
10
4.3241114566929131
20
-4.5766183858267713
11
4.3239479921259845
21
-4.5766860629921258
0
LINE
8
F.Silkscreen
6
CONTINUOUS
10
4.3239479921259845
20
-4.5766860629921258
11
4.3238144488188972
21
-4.5768019291338584
0
LINE
8
F.Silkscreen
6
CONTINUOUS
10
4.3238144488188972
20
-4.5768019291338584
11
4.3229335433070863
21
-4.5771952362204722
0
LINE
8
F.Silkscreen
6
CONTINUOUS
10
4.3229335433070863
20
-4.5771952362204722
11
4.311684960629921
21
-4.5809447637795273
0
LINE
8
F.Silkscreen
6
CONTINUOUS
10
4.311684960629921
20
-4.5809447637795273
11
4.3112089370078737
21
-4.5810529921259837
0
LINE
8
F.Silkscreen
6
CONTINUOUS
10
4.3112089370078737
20
-4.5810529921259837
11
4.3110888188976375
21
-4.581102755905512
0
LINE
8
F.Silkscreen
6
CONTINUOUS
10
4.3110888188976375
20
-4.581102755905512
11
4.3109146850393696
21
-4.581119881889764
0
LINE
8
F.Silkscreen
6
CONTINUOUS
10
4.3109146850393696
20
-4.581119881889764
11
4.3107442519685035
21
-4.581158661417323
0
LINE
8
F.Silkscreen
6
CONTINUOUS
10
4.3107442519685035
20
-4.581158661417323
11
4.3106146850393703
21
-4.5811494488188975
0
LINE
8
F.Silkscreen
6
CONTINUOUS
10
4.3106146850393703
20
-4.5811494488188975
11
4.3101287401574799
21
-4.5811973228346456
0
LINE
8
F.Silkscreen
6
CONTINUOUS
10
4.3101287401574799
20
-4.5811973228346456
11
4.3026296850393697
21
-4.5811973228346456
0
LINE
8
F.Silkscreen
6
CONTINUOUS
10
4.3026296850393697
20
-4.5811973228346456
11
4.3021437007874015
21
-4.5811494488188975
0
LINE
8
F.Silkscreen
6
CONTINUOUS
10
4.3021437007874015
20
-4.5811494488188975
11
4.3020141732283461
21
-4.581158661417323
0
LINE
8
F.Silkscreen
6
CONTINUOUS
10
4.3020141732283461
20
-4.581158661417323
11
4.3018437007874013
21
-4.581119881889764
0
LINE
8
F.Silkscreen
6
CONTINUOUS
10
4.3018437007874013
20
-4.581119881889764
11
4.3016696062992121
21
-4.581102755905512
0
LINE
8
F.Silkscreen
6
CONTINUOUS
10
4.3016696062992121
20
-4.581102755905512
11
4.3015494488188972
21
-4.5810529921259837
0
LINE
8
F.Silkscreen
6
CONTINUOUS
10
4.3015494488188972
20
-4.5810529921259837
11
4.3010734645669286
21
-4.5809447637795273
0
LINE
8
F.Silkscreen
6
CONTINUOUS
10
4.3010734645669286
20
-4.5809447637795273
11
4.2898248425196845
21
-4.5771952362204722
0
LINE
8
F.Silkscreen
6
CONTINUOUS
10
4.2898248425196845
20
-4.5771952362204722
11
4.2889439370078737
21
-4.5768019291338584
0
LINE
8
F.Silkscreen
6
CONTINUOUS
10
4.2889439370078737
20
-4.5768019291338584
11
4.2888103543307086
21
-4.5766860629921258
0
LINE
8
F.Silkscreen
6
CONTINUOUS
10
4.2888103543307086
20
-4.5766860629921258
11
4.2886469291338578
21
-4.5766183858267713
0
LINE
8
F.Silkscreen
6
CONTINUOUS
10
4.2886469291338578
20
-4.5766183858267713
11
4.2879011811023622
21
-4.5760063779527558
0
LINE
8
F.Silkscreen
6
CONTINUOUS
10
4.2879011811023622
20
-4.5760063779527558
11
4.280402125984252
21
-4.5685072834645668
0
LINE
8
F.Silkscreen
6
CONTINUOUS
10
4.280402125984252
20
-4.5685072834645668
11
4.2800923228346459
21
-4.5681297637795275
0
LINE
8
F.Silkscreen
6
CONTINUOUS
10
4.2800923228346459
20
-4.5681297637795275
11
4.2799942519685041
21
-4.5680447244094484
0
LINE
8
F.Silkscreen
6
CONTINUOUS
10
4.2799942519685041
20
-4.5680447244094484
11
4.2799011417322834
21
-4.5678968110236218
0
LINE
8
F.Silkscreen
6
CONTINUOUS
10
4.2799011417322834
20
-4.5678968110236218
11
4.2797901181102365
21
-4.5677615354330712
0
LINE
8
F.Silkscreen
6
CONTINUOUS
10
4.2797901181102365
20
-4.5677615354330712
11
4.2797403543307082
21
-4.5676413779527554
0
LINE
8
F.Silkscreen
6
CONTINUOUS
10
4.2797403543307082
20
-4.5676413779527554
11
4.2794803149606295
21
-4.567228307086614
0
LINE
8
F.Silkscreen
6
CONTINUOUS
10
4.2794803149606295
20
-4.567228307086614
11
4.2757307874015744
21
-4.5597292519685038
0
LINE
8
F.Silkscreen
6
CONTINUOUS
10
4.2757307874015744
20
-4.5597292519685038
11
4.2757038582677165
21
-4.5596589370078737
0
LINE
8
F.Silkscreen
6
CONTINUOUS
10
4.2757038582677165
20
-4.5596589370078737
11
4.2756827559055113
21
-4.5596304330708657
0
LINE
8
F.Silkscreen
6
CONTINUOUS
10
4.2756827559055113
20
-4.5596304330708657
11
4.2755388188976378
21
-4.5592276771653539
0
LINE
8
F.Silkscreen
6
CONTINUOUS
10
4.2755388188976378
20
-4.5592276771653539
11
4.2753859842519688
21
-4.5588282283464565
0
LINE
8
F.Silkscreen
6
CONTINUOUS
10
4.2753859842519688
20
-4.5588282283464565
11
4.2753834645669286
21
-4.5587927952755907
0
LINE
8
F.Silkscreen
6
CONTINUOUS
10
4.2753834645669286
20
-4.5587927952755907
11
4.2753581496062987
21
-4.5587219685039368
0
LINE
8
F.Silkscreen
6
CONTINUOUS
10
4.2753581496062987
20
-4.5587219685039368
11
4.2716086220472436
21
-4.5437238582677164
0
LINE
8
F.Silkscreen
6
CONTINUOUS
10
4.2716086220472436
20
-4.5437238582677164
11
4.2715839763779524
21
-4.543557322834646
0
LINE
8
F.Silkscreen
6
CONTINUOUS
10
4.2715839763779524
20
-4.543557322834646
11
4.2715562598425194
21
-4.5434903543307081
0
LINE
8
F.Silkscreen
6
CONTINUOUS
10
4.2715562598425194
20
-4.5434903543307081
11
4.2715206299212598
21
-4.5431288582677167
0
LINE
8
F.Silkscreen
6
CONTINUOUS
10
4.2715206299212598
20
-4.5431288582677167
11
4.2714675196850393
21
-4.5427694881889762
0
LINE
8
F.Silkscreen
6
CONTINUOUS
10
4.2714675196850393
20
-4.5427694881889762
11
4.2714781889763778
21
-4.5426977559055119
0
LINE
8
F.Silkscreen
6
CONTINUOUS
10
4.2714781889763778
20
-4.5426977559055119
11
4.2714616929133857
21
-4.5425302755905514
0
LINE
8
F.Silkscreen
6
CONTINUOUS
10
4.2714616929133857
20
-4.5425302755905514
11
4.2714616929133857
21
-4.5312816535433074
0
LINE
8
F.Silkscreen
6
CONTINUOUS
10
4.2714616929133857
20
-4.5312816535433074
11
4.2714781889763778
21
-4.5311141338582672
0
LINE
8
F.Silkscreen
6
CONTINUOUS
10
4.2714781889763778
20
-4.5311141338582672
11
4.2714675196850393
21
-4.5310424409448817
0
LINE
8
F.Silkscreen
6
CONTINUOUS
10
4.2714675196850393
20
-4.5310424409448817
11
4.2715206299212598
21
-4.5306830314960633
0
LINE
8
F.Silkscreen
6
CONTINUOUS
10
4.2715206299212598
20
-4.5306830314960633
11
4.2715562598425194
21
-4.5303215748031498
0
LINE
8
F.Silkscreen
6
CONTINUOUS
10
4.2715562598425194
20
-4.5303215748031498
11
4.2715839763779524
21
-4.5302545669291341
0
LINE
8
F.Silkscreen
6
CONTINUOUS
10
4.2715839763779524
20
-4.5302545669291341
11
4.2716086220472436
21
-4.5300880708661415
0
LINE
8
F.Silkscreen
6
CONTINUOUS
10
4.2716086220472436
20
-4.5300880708661415
11
4.2753581496062987
21
-4.5150899606299211
0
LINE
8
F.Silkscreen
6
CONTINUOUS
10
4.2753581496062987
20
-4.5150899606299211
11
4.2753834645669286
21
-4.5150190944881885
0
LINE
8
F.Silkscreen
6
CONTINUOUS
10
4.2753834645669286
20
-4.5150190944881885
11
4.2753859842519688
21
-4.5149837007874014
0
LINE
8
F.Silkscreen
6
CONTINUOUS
10
4.2753859842519688
20
-4.5149837007874014
11
4.2755388188976378
21
-4.5145842125984252
0
LINE
8
F.Silkscreen
6
CONTINUOUS
10
4.2755388188976378
20
-4.5145842125984252
11
4.2756827559055113
21
-4.5141814960629922
0
LINE
8
F.Silkscreen
6
CONTINUOUS
10
4.2756827559055113
20
-4.5141814960629922
11
4.2757038582677165
21
-4.5141529527559054
0
LINE
8
F.Silkscreen
6
CONTINUOUS
10
4.2757038582677165
20
-4.5141529527559054
11
4.2757307874015744
21
-4.5140826771653542
0
LINE
8
F.Silkscreen
6
CONTINUOUS
10
4.2757307874015744
20
-4.5140826771653542
11
4.2794803149606295
21
-4.5065836220472439
0
LINE
8
F.Silkscreen
6
CONTINUOUS
10
4.2794803149606295
20
-4.5065836220472439
11
4.2797404330708657
21
-4.5061703543307088
0
LINE
8
F.Silkscreen
6
CONTINUOUS
10
4.2797404330708657
20
-4.5061703543307088
11
4.2797901574803152
21
-4.5060503937007876
0
LINE
8
F.Silkscreen
6
CONTINUOUS
10
4.2797901574803152
20
-4.5060503937007876
11
4.2799010236220472
21
-4.5059152755905512
0
LINE
8
F.Silkscreen
6
CONTINUOUS
10
4.2799010236220472
20
-4.5059152755905512
11
4.2799942519685041
21
-4.5057672047244095
0
LINE
8
F.Silkscreen
6
CONTINUOUS
10
4.2799942519685041
20
-4.5057672047244095
11
4.2800924409448822
21
-4.5056820078740154
0
LINE
8
F.Silkscreen
6
CONTINUOUS
10
4.2800924409448822
20
-4.5056820078740154
11
4.2804021653543307
21
-4.5053046456692911
0
LINE
8
F.Silkscreen
6
CONTINUOUS
10
4.2804021653543307
20
-4.5053046456692911
11
4.2879012204724409
21
-4.4978055511811021
0
LINE
8
F.Silkscreen
6
CONTINUOUS
10
4.2879012204724409
20
-4.4978055511811021
11
4.2886469685039366
21
-4.4971935433070866
0
LINE
8
F.Silkscreen
6
CONTINUOUS
10
4.2886469685039366
20
-4.4971935433070866
11
4.2888103937007873
21
-4.4971258267716534
0
LINE
8
F.Silkscreen
6
CONTINUOUS
10
4.2888103937007873
20
-4.4971258267716534
11
4.2889439370078737
21
-4.4970100393700783
0
LINE
8
F.Silkscreen
6
CONTINUOUS
10
4.2889439370078737
20
-4.4970100393700783
11
4.2898248425196845
21
-4.4966167322834645
0
LINE
8
F.Silkscreen
6
CONTINUOUS
10
4.2898248425196845
20
-4.4966167322834645
11
4.3010734645669286
21
-4.4928672047244094
0
LINE
8
F.Silkscreen
6
CONTINUOUS
10
4.3010734645669286
20
-4.4928672047244094
11
4.3015494488188972
21
-4.4927589370078742
0
LINE
8
F.Silkscreen
6
CONTINUOUS
10
4.3015494488188972
20
-4.4927589370078742
11
4.3016696062992121
21
-4.4927092125984247
0
LINE
8
F.Silkscreen
6
CONTINUOUS
10
4.3016696062992121
20
-4.4927092125984247
11
4.3018437007874013
21
-4.4926920472440948
0
LINE
8
F.Silkscreen
6
CONTINUOUS
10
4.3018437007874013
20
-4.4926920472440948
11
4.3020141732283461
21
-4.4926533070866137
0
LINE
8
F.Silkscreen
6
CONTINUOUS
10
4.3020141732283461
20
-4.4926533070866137
11
4.3021437007874015
21
-4.4926624803149604
0
LINE
8
F.Silkscreen
6
CONTINUOUS
10
4.3021437007874015
20
-4.4926624803149604
11
4.3026296850393697
21
-4.492614645669291
0
LINE
8
F.Silkscreen
6
CONTINUOUS
10
4.3026296850393697
20
-4.492614645669291
11
4.3101287401574799
21
-4.492614645669291
0
LINE
8
F.Silkscreen
6
CONTINUOUS
10
4.3101287401574799
20
-4.492614645669291
11
4.3106146850393703
21
-4.4926624803149604
0
LINE
8
F.Silkscreen
6
CONTINUOUS
10
4.198289212598425
20
-4.4927092125984247
11
4.1986028740157479
21
-4.4927092125984247
0
LINE
8
F.Silkscreen
6
CONTINUOUS
10
4.1986028740157479
20
-4.4927092125984247
11
4.1992074803149606
21
-4.4929596456692913
0
LINE
8
F.Silkscreen
6
CONTINUOUS
10
4.1992074803149606
20
-4.4929596456692913
11
4.19983905511811
21
-4.4931318897637791
0
LINE
8
F.Silkscreen
6
CONTINUOUS
10
4.19983905511811
20
-4.4931318897637791
11
4.2000870866141735
21
-4.4933239763779529
0
LINE
8
F.Silkscreen
6
CONTINUOUS
10
4.2000870866141735
20
-4.4933239763779529
11
4.2003768897637794
21
-4.4934440157480315
0
LINE
8
F.Silkscreen
6
CONTINUOUS
10
4.2003768897637794
20
-4.4934440157480315
11
4.2008396850393703
21
-4.4939068110236216
0
LINE
8
F.Silkscreen
6
CONTINUOUS
10
4.2008396850393703
20
-4.4939068110236216
11
4.2013572047244097
21
-4.4943075984251966
0
LINE
8
F.Silkscreen
6
CONTINUOUS
10
4.2013572047244097
20
-4.4943075984251966
11
4.2016427559055121
21
-4.4947098818897633
0
LINE
8
F.Silkscreen
6
CONTINUOUS
10
4.2016427559055121
20
-4.4947098818897633
11
4.2017346850393702
21
-4.4948018110236223
0
LINE
8
F.Silkscreen
6
CONTINUOUS
10
4.2017346850393702
20
-4.4948018110236223
11
4.201772047244094
21
-4.4948920078740153
0
LINE
8
F.Silkscreen
6
CONTINUOUS
10
4.201772047244094
20
-4.4948920078740153
11
4.2019156299212597
21
-4.4950942913385825
0
LINE
8
F.Silkscreen
6
CONTINUOUS
10
4.2019156299212597
20
-4.4950942913385825
11
4.237715905511811
21
-4.5577447637795272
0
LINE
8
F.Silkscreen
6
CONTINUOUS
10
4.237715905511811
20
-4.5577447637795272
11
4.237715905511811
21
-4.4975359055118105
0
LINE
8
F.Silkscreen
6
CONTINUOUS
10
4.237715905511811
20
-4.4975359055118105
11
4.2378104724409447
21
-4.4965758267716538
0
LINE
8
F.Silkscreen
6
CONTINUOUS
10
4.2378104724409447
20
-4.4965758267716538
11
4.2385452755905515
21
-4.4948018110236223
0
LINE
8
F.Silkscreen
6
CONTINUOUS
10
4.2385452755905515
20
-4.4948018110236223
11
4.2399030708661414
21
-4.4934440157480315
0
LINE
8
F.Silkscreen
6
CONTINUOUS
10
4.2399030708661414
20
-4.4934440157480315
11
4.2416770866141729
21
-4.4927092125984247
0
LINE
8
F.Silkscreen
6
CONTINUOUS
10
4.2416770866141729
20
-4.4927092125984247
11
4.243597244094488
21
-4.4927092125984247
0
LINE
8
F.Silkscreen
6
CONTINUOUS
10
4.243597244094488
20
-4.4927092125984247
11
4.2453712598425195
21
-4.4934440157480315
0
LINE
8
F.Silkscreen
6
CONTINUOUS
10
4.2453712598425195
20
-4.4934440157480315
11
4.2467290551181103
21
-4.4948018110236223
0
LINE
8
F.Silkscreen
6
CONTINUOUS
10
4.2467290551181103
20
-4.4948018110236223
11
4.2474638582677162
21
-4.4965758267716538
0
LINE
8
F.Silkscreen
6
CONTINUOUS
10
4.2474638582677162
20
-4.4965758267716538
11
4.2475584251968499
21
-4.4975359055118105
0
LINE
8
F.Silkscreen
6
CONTINUOUS
10
4.2475584251968499
20
-4.4975359055118105
11
4.2475584251968499
21
-4.5762760629921262
0
LINE
8
F.Silkscreen
6
CONTINUOUS
10
4.2475584251968499
20
-4.5762760629921262
11
4.2475340944881887
21
-4.5765229133858263
0
LINE
8
F.Silkscreen
6
CONTINUOUS
10
4.2475340944881887
20
-4.5765229133858263
11
4.2475464173228348
21
-4.5766197637795276
0
LINE
8
F.Silkscreen
6
CONTINUOUS
10
4.2475464173228348
20
-4.5766197637795276
11
4.2475122047244094
21
-4.5767451181102361
0
LINE
8
F.Silkscreen
6
CONTINUOUS
10
4.2475122047244094
20
-4.5767451181102361
11
4.2474638582677162
21
-4.5772361417322838
0
LINE
8
F.Silkscreen
6
CONTINUOUS
10
4.2474638582677162
20
-4.5772361417322838
11
4.2472133858267718
21
-4.5778407480314955
0
LINE
8
F.Silkscreen
6
CONTINUOUS
10
4.2472133858267718
20
-4.5778407480314955
11
4.2470411811023618
21
-4.5784723228346458
0
LINE
8
F.Silkscreen
6
CONTINUOUS
10
4.2470411811023618
20
-4.5784723228346458
11
4.2468490551181102
21
-4.5787203543307085
0
LINE
8
F.Silkscreen
6
CONTINUOUS
10
4.2468490551181102
20
-4.5787203543307085
11
4.2467290551181103
21
-4.5790101574803153
0
LINE
8
F.Silkscreen
6
CONTINUOUS
10
4.2467290551181103
20
-4.5790101574803153
11
4.2462662204724406
21
-4.5794729527559053
0
LINE
8
F.Silkscreen
6
CONTINUOUS
10
4.2462662204724406
20
-4.5794729527559053
11
4.2458654724409444
21
-4.5799904724409446
0
LINE
8
F.Silkscreen
6
CONTINUOUS
10
4.2458654724409444
20
-4.5799904724409446
11
4.2455930708661418
21
-4.580146102362205
0
LINE
8
F.Silkscreen
6
CONTINUOUS
10
4.2455930708661418
20
-4.580146102362205
11
4.2453712598425195
21
-4.5803679527559051
0
LINE
8
F.Silkscreen
6
CONTINUOUS
10
4.2453712598425195
20
-4.5803679527559051
11
4.2447665748031493
21
-4.5806183858267717
0
LINE
8
F.Silkscreen
6
CONTINUOUS
10
4.2447665748031493
20
-4.5806183858267717
11
4.2441983070866138
21
-4.5809431496062993
0
LINE
8
F.Silkscreen
6
CONTINUOUS
10
4.2441983070866138
20
-4.5809431496062993
11
4.2438870078740161
21
-4.5809827165354333
0
LINE
8
F.Silkscreen
6
CONTINUOUS
10
4.2438870078740161
20
-4.5809827165354333
11
4.243597244094488
21
-4.581102755905512
0
LINE
8
F.Silkscreen
6
CONTINUOUS
10
4.243597244094488
20
-4.581102755905512
11
4.242942874015748
21
-4.581102755905512
0
LINE
8
F.Silkscreen
6
CONTINUOUS
10
4.242942874015748
20
-4.581102755905512
11
4.242293464566929
21
-4.5811853149606296
0
LINE
8
F.Silkscreen
6
CONTINUOUS
10
4.242293464566929
20
-4.5811853149606296
11
4.2419907480314958
21
-4.581102755905512
0
LINE
8
F.Silkscreen
6
CONTINUOUS
10
4.2419907480314958
20
-4.581102755905512
11
4.2416770866141729
21
-4.581102755905512
0
LINE
8
F.Silkscreen
6
CONTINUOUS
10
4.2416770866141729
20
-4.581102755905512
11
4.2410724409448814
21
-4.5808522834645666
0
LINE
8
F.Silkscreen
6
CONTINUOUS
10
4.2410724409448814
20
-4.5808522834645666
11
4.2404409055118109
21
-4.5806800787401576
0
LINE
8
F.Silkscreen
6
CONTINUOUS
10
4.2404409055118109
20
-4.5806800787401576
11
4.2401928740157482
21
-4.5804879921259838
0
LINE
8
F.Silkscreen
6
CONTINUOUS
10
4.2401928740157482
20
-4.5804879921259838
11
4.2399030708661414
21
-4.5803679527559051
0
LINE
8
F.Silkscreen
6
CONTINUOUS
10
4.2399030708661414
20
-4.5803679527559051
11
4.2394401181102364
21
-4.5799050000000001
0
LINE
8
F.Silkscreen
6
CONTINUOUS
10
4.2394401181102364
20
-4.5799050000000001
11
4.238922755905512
21
-4.5795043307086614
0
LINE
8
F.Silkscreen
6
CONTINUOUS
10
4.238922755905512
20
-4.5795043307086614
11
4.2386372047244096
21
-4.5791020866141734
0
LINE
8
F.Silkscreen
6
CONTINUOUS
10
4.2386372047244096
20
-4.5791020866141734
11
4.2385452755905515
21
-4.5790101574803153
0
LINE
8
F.Silkscreen
6
CONTINUOUS
10
4.2385452755905515
20
-4.5790101574803153
11
4.238507874015748
21
-4.5789199212598426
0
LINE
8
F.Silkscreen
6
CONTINUOUS
10
4.238507874015748
20
-4.5789199212598426
11
4.2383643307086611
21
-4.5787176771653542
0
LINE
8
F.Silkscreen
6
CONTINUOUS
10
4.2383643307086611
20
-4.5787176771653542
11
4.2025640551181098
21
-4.5160671653543307
0
LINE
8
F.Silkscreen
6
CONTINUOUS
10
4.2025640551181098
20
-4.5160671653543307
11
4.2025640551181098
21
-4.5762760629921262
0
LINE
8
F.Silkscreen
6
CONTINUOUS
10
4.2025640551181098
20
-4.5762760629921262
11
4.2024694881889761
21
-4.5772361417322838
0
LINE
8
F.Silkscreen
6
CONTINUOUS
10
4.2024694881889761
20
-4.5772361417322838
11
4.2017346850393702
21
-4.5790101574803153
0
LINE
8
F.Silkscreen
6
CONTINUOUS
10
4.2017346850393702
20
-4.5790101574803153
11
4.2003768897637794
21
-4.5803679527559051
0
LINE
8
F.Silkscreen
6
CONTINUOUS
10
4.2003768897637794
20
-4.5803679527559051
11
4.1986028740157479
21
-4.581102755905512
0
LINE
8
F.Silkscreen
6
CONTINUOUS
10
4.1986028740157479
20
-4.581102755905512
11
4.1966827165354328
21
-4.581102755905512
0
LINE
8
F.Silkscreen
6
CONTINUOUS
10
4.1966827165354328
20
-4.581102755905512
11
4.1949087007874013
21
-4.5803679527559051
0
LINE
8
F.Silkscreen
6
CONTINUOUS
10
4.1949087007874013
20
-4.5803679527559051
11
4.1935509055118105
21
-4.5790101574803153
0
LINE
8
F.Silkscreen
6
CONTINUOUS
10
4.1935509055118105
20
-4.5790101574803153
11
4.1928161023622046
21
-4.5772361417322838
0
LINE
8
F.Silkscreen
6
CONTINUOUS
10
4.1928161023622046
20
-4.5772361417322838
11
4.1927215354330709
21
-4.5762760629921262
0
LINE
8
F.Silkscreen
6
CONTINUOUS
10
4.1927215354330709
20
-4.5762760629921262
11
4.1927215354330709
21
-4.4975359055118105
0
LINE
8
F.Silkscreen
6
CONTINUOUS
10
4.1927215354330709
20
-4.4975359055118105
11
4.1927458267716533
21
-4.4972890157480316
0
LINE
8
F.Silkscreen
6
CONTINUOUS
10
4.1927458267716533
20
-4.4972890157480316
11
4.1927335433070869
21
-4.4971922047244091
0
LINE
8
F.Silkscreen
6
CONTINUOUS
10
4.1927335433070869
20
-4.4971922047244091
11
4.1927677165354327
21
-4.4970668110236218
0
LINE
8
F.Silkscreen
6
CONTINUOUS
10
4.1927677165354327
20
-4.4970668110236218
11
4.1928161023622046
21
-4.4965758267716538
0
LINE
8
F.Silkscreen
6
CONTINUOUS
10
4.1928161023622046
20
-4.4965758267716538
11
4.1930665354330712
21
-4.4959711811023624
0
LINE
8
F.Silkscreen
6
CONTINUOUS
10
4.1930665354330712
20
-4.4959711811023624
11
4.193238779527559
21
-4.4953396456692909
0
LINE
8
F.Silkscreen
6
CONTINUOUS
10
4.193238779527559
20
-4.4953396456692909
11
4.1934308661417319
21
-4.4950915748031495
0
LINE
8
F.Silkscreen
6
CONTINUOUS
10
4.1934308661417319
20
-4.4950915748031495
11
4.1935509055118105
21
-4.4948018110236223
0
LINE
8
F.Silkscreen
6
CONTINUOUS
10
4.1935509055118105
20
-4.4948018110236223
11
4.1940137007874014
21
-4.4943389763779527
0
LINE
8
F.Silkscreen
6
CONTINUOUS
10
4.1940137007874014
20
-4.4943389763779527
11
4.1944144881889764
21
-4.4938214960629921
0
LINE
8
F.Silkscreen
6
CONTINUOUS
10
4.1944144881889764
20
-4.4938214960629921
11
4.1946868503937003
21
-4.4936658267716538
0
LINE
8
F.Silkscreen
6
CONTINUOUS
10
4.1946868503937003
20
-4.4936658267716538
11
4.1949087007874013
21
-4.4934440157480315
0
LINE
8
F.Silkscreen
6
CONTINUOUS
10
4.1949087007874013
20
-4.4934440157480315
11
4.1955133464566927
21
-4.4931935433070862
0
LINE
8
F.Silkscreen
6
CONTINUOUS
10
4.1955133464566927
20
-4.4931935433070862
11
4.196081653543307
21
-4.4928688188976373
0
LINE
8
F.Silkscreen
6
CONTINUOUS
10
4.196081653543307
20
-4.4928688188976373
11
4.1963929133858269
21
-4.4928292125984255
0
LINE
8
F.Silkscreen
6
CONTINUOUS
10
4.1963929133858269
20
-4.4928292125984255
11
4.1966827165354328
21
-4.4927092125984247
0
LINE
8
F.Silkscreen
6
CONTINUOUS
10
4.1966827165354328
20
-4.4927092125984247
11
4.1973370866141728
21
-4.4927092125984247
0
LINE
8
F.Silkscreen
6
CONTINUOUS
10
4.1973370866141728
20
-4.4927092125984247
11
4.1979864960629918
21
-4.492626653543307
0
LINE
8
F.Silkscreen
6
CONTINUOUS
10
4.1979864960629918
20
-4.492626653543307
11
4.198289212598425
21
-4.4927092125984247
0
LINE
8
F.Silkscreen
6
CONTINUOUS
10
3.8165534251968505
20
-4.3672024803149609
11
3.8178318503937008
21
-4.3684809055118112
0
LINE
8
F.Silkscreen
6
CONTINUOUS
10
3.8178318503937008
20
-4.3684809055118112
11
3.8180116535433068
21
-4.369384881889764
0
LINE
8
F.Silkscreen
6
CONTINUOUS
10
3.8180116535433068
20
-4.369384881889764
11
3.8180116535433068
21
-4.4217470866141735
0
LINE
8
F.Silkscreen
6
CONTINUOUS
10
3.8180116535433068
20
-4.4217470866141735
11
3.8178318503937008
21
-4.4226510629921263
0
LINE
8
F.Silkscreen
6
CONTINUOUS
10
3.8178318503937008
20
-4.4226510629921263
11
3.8165534251968505
21
-4.4239294881889766
0
LINE
8
F.Silkscreen
6
CONTINUOUS
10
3.8165534251968505
20
-4.4239294881889766
11
3.8147454724409449
21
-4.4239294881889766
0
LINE
8
F.Silkscreen
6
CONTINUOUS
10
3.8147454724409449
20
-4.4239294881889766
11
3.8134670472440946
21
-4.4226510629921263
0
LINE
8
F.Silkscreen
6
CONTINUOUS
10
3.8134670472440946
20
-4.4226510629921263
11
3.813287244094488
21
-4.4217470866141735
0
LINE
8
F.Silkscreen
6
CONTINUOUS
10
3.813287244094488
20
-4.4217470866141735
11
3.813287244094488
21
-4.3717470866141728
0
LINE
8
F.Silkscreen
6
CONTINUOUS
10
3.813287244094488
20
-4.3717470866141728
11
3.7632872440944882
21
-4.3717470866141728
0
LINE
8
F.Silkscreen
6
CONTINUOUS
10
3.7632872440944882
20
-4.3717470866141728
11
3.7623832677165354
21
-4.3715672834645671
0
LINE
8
F.Silkscreen
6
CONTINUOUS
10
3.7623832677165354
20
-4.3715672834645671
11
3.7611048425196851
21
-4.3702888582677168
0
LINE
8
F.Silkscreen
6
CONTINUOUS
10
3.7611048425196851
20
-4.3702888582677168
11
3.7611048425196851
21
-4.3684809055118112
0
LINE
8
F.Silkscreen
6
CONTINUOUS
10
3.7611048425196851
20
-4.3684809055118112
11
3.7623832677165354
21
-4.3672024803149609
0
LINE
8
F.Silkscreen
6
CONTINUOUS
10
3.7623832677165354
20
-4.3672024803149609
11
3.7632872440944882
21
-4.3670226771653544
0
LINE
8
F.Silkscreen
6
CONTINUOUS
10
3.7632872440944882
20
-4.3670226771653544
11
3.8156494488188977
21
-4.3670226771653544
0
LINE
8
F.Silkscreen
6
CONTINUOUS
10
3.8156494488188977
20
-4.3670226771653544
11
3.8165534251968505
21
-4.3672024803149609
0
LINE
8
F.Silkscreen
6
CONTINUOUS
10
4.8067151181102359
20
-4.1665385826771653
11
4.80684468503937
21
-4.1665294094488186
0
LINE
8
F.Silkscreen
6
CONTINUOUS
10
4.80684468503937
20
-4.1665294094488186
11
4.8070151181102361
21
-4.1665681496062987
0
LINE
8
F.Silkscreen
6
CONTINUOUS
10
4.8070151181102361
20
-4.1665681496062987
11
4.807189251968504
21
-4.1665853149606296
0
LINE
8
F.Silkscreen
6
CONTINUOUS
10
4.807189251968504
20
-4.1665853149606296
11
4.8073093700787402
21
-4.1666350393700791
0
LINE
8
F.Silkscreen
6
CONTINUOUS
10
4.8073093700787402
20
-4.1666350393700791
11
4.8077853937007875
21
-4.1667433070866142
0
LINE
8
F.Silkscreen
6
CONTINUOUS
10
4.8077853937007875
20
-4.1667433070866142
11
4.8190339763779528
21
-4.1704928346456693
0
LINE
8
F.Silkscreen
6
CONTINUOUS
10
4.8190339763779528
20
-4.1704928346456693
11
4.8199148818897637
21
-4.1708861417322831
0
LINE
8
F.Silkscreen
6
CONTINUOUS
10
4.8199148818897637
20
-4.1708861417322831
11
4.8213655118110239
21
-4.1721442125984254
0
LINE
8
F.Silkscreen
6
CONTINUOUS
10
4.8213655118110239
20
-4.1721442125984254
11
4.8222242519685041
21
-4.1738617322834646
0
LINE
8
F.Silkscreen
6
CONTINUOUS
10
4.8222242519685041
20
-4.1738617322834646
11
4.8223603543307085
21
-4.175777047244094
0
LINE
8
F.Silkscreen
6
CONTINUOUS
10
4.8223603543307085
20
-4.175777047244094
11
4.8217531496062991
21
-4.1775986614173224
0
LINE
8
F.Silkscreen
6
CONTINUOUS
10
4.8217531496062991
20
-4.1775986614173224
11
4.8204950787401577
21
-4.1790492913385826
0
LINE
8
F.Silkscreen
6
CONTINUOUS
10
4.8204950787401577
20
-4.1790492913385826
11
4.8187775590551176
21
-4.1799080314960628
0
LINE
8
F.Silkscreen
6
CONTINUOUS
10
4.8187775590551176
20
-4.1799080314960628
11
4.8168622440944882
21
-4.1800441338582672
0
LINE
8
F.Silkscreen
6
CONTINUOUS
10
4.8168622440944882
20
-4.1800441338582672
11
4.8159215354330707
21
-4.1798302362204725
0
LINE
8
F.Silkscreen
6
CONTINUOUS
10
4.8159215354330707
20
-4.1798302362204725
11
4.8054306299212595
21
-4.1763332677165357
0
LINE
8
F.Silkscreen
6
CONTINUOUS
10
4.8054306299212595
20
-4.1763332677165357
11
4.7886432283464568
21
-4.1763332677165357
0
LINE
8
F.Silkscreen
6
CONTINUOUS
10
4.7886432283464568
20
-4.1763332677165357
11
4.7828975590551179
21
-4.1792061023622047
0
LINE
8
F.Silkscreen
6
CONTINUOUS
10
4.7828975590551179
20
-4.1792061023622047
11
4.7802774803149601
21
-4.1818261417322837
0
LINE
8
F.Silkscreen
6
CONTINUOUS
10
4.7802774803149601
20
-4.1818261417322837
11
4.7774046456692911
21
-4.1875718503937005
0
LINE
8
F.Silkscreen
6
CONTINUOUS
10
4.7774046456692911
20
-4.1875718503937005
11
4.7774046456692911
21
-4.1927474015748034
0
LINE
8
F.Silkscreen
6
CONTINUOUS
10
4.7774046456692911
20
-4.1927474015748034
11
4.7802774803149601
21
-4.1984931102362202
0
LINE
8
F.Silkscreen
6
CONTINUOUS
10
4.7802774803149601
20
-4.1984931102362202
11
4.7828975590551179
21
-4.201113188976378
0
LINE
8
F.Silkscreen
6
CONTINUOUS
10
4.7828975590551179
20
-4.201113188976378
11
4.7891990944881888
21
-4.2042639763779528
0
LINE
8
F.Silkscreen
6
CONTINUOUS
10
4.7891990944881888
20
-4.2042639763779528
11
4.8036732283464563
21
-4.2078825196850396
0
LINE
8
F.Silkscreen
6
CONTINUOUS
10
4.8036732283464563
20
-4.2078825196850396
11
4.8037440551181101
21
-4.2079078346456695
0
LINE
8
F.Silkscreen
6
CONTINUOUS
10
4.8037440551181101
20
-4.2079078346456695
11
4.8037794881889759
21
-4.2079103543307088
0
LINE
8
F.Silkscreen
6
CONTINUOUS
10
4.8037794881889759
20
-4.2079103543307088
11
4.8041789370078742
21
-4.2080631889763778
0
LINE
8
F.Silkscreen
6
CONTINUOUS
10
4.8041789370078742
20
-4.2080631889763778
11
4.804581692913386
21
-4.2082071259842522
0
LINE
8
F.Silkscreen
6
CONTINUOUS
10
4.804581692913386
20
-4.2082071259842522
11
4.804610196850394
21
-4.2082282283464565
0
LINE
8
F.Silkscreen
6
CONTINUOUS
10
4.804610196850394
20
-4.2082282283464565
11
4.8046805118110232
21
-4.2082551574803144
0
LINE
8
F.Silkscreen
6
CONTINUOUS
10
4.8046805118110232
20
-4.2082551574803144
11
4.8121795669291334
21
-4.2120046850393704
0
LINE
8
F.Silkscreen
6
CONTINUOUS
10
4.8121795669291334
20
-4.2120046850393704
11
4.8125927952755907
21
-4.2122648031496066
0
LINE
8
F.Silkscreen
6
CONTINUOUS
10
4.8125927952755907
20
-4.2122648031496066
11
4.8127127952755906
21
-4.2123145275590552
0
LINE
8
F.Silkscreen
6
CONTINUOUS
10
4.8127127952755906
20
-4.2123145275590552
11
4.8128478740157483
21
-4.2124253937007872
0
LINE
8
F.Silkscreen
6
CONTINUOUS
10
4.8128478740157483
20
-4.2124253937007872
11
4.8129959842519687
21
-4.2125186220472441
0
LINE
8
F.Silkscreen
6
CONTINUOUS
10
4.8129959842519687
20
-4.2125186220472441
11
4.8130811417322832
21
-4.2126168110236222
0
LINE
8
F.Silkscreen
6
CONTINUOUS
10
4.8130811417322832
20
-4.2126168110236222
11
4.8134585433070862
21
-4.2129265354330707
0
LINE
8
F.Silkscreen
6
CONTINUOUS
10
4.8134585433070862
20
-4.2129265354330707
11
4.8172080708661413
21
-4.2166760629921258
0
LINE
8
F.Silkscreen
6
CONTINUOUS
10
4.8172080708661413
20
-4.2166760629921258
11
4.817517755905512
21
-4.2170534251968501
0
LINE
8
F.Silkscreen
6
CONTINUOUS
10
4.817517755905512
20
-4.2170534251968501
11
4.8176159842519688
21
-4.2171386220472442
0
LINE
8
F.Silkscreen
6
CONTINUOUS
10
4.8176159842519688
20
-4.2171386220472442
11
4.8177091732283461
21
-4.2172866929133859
0
LINE
8
F.Silkscreen
6
CONTINUOUS
10
4.8177091732283461
20
-4.2172866929133859
11
4.8178200787401577
21
-4.2174218110236223
0
LINE
8
F.Silkscreen
6
CONTINUOUS
10
4.8178200787401577
20
-4.2174218110236223
11
4.8178697637795276
21
-4.2175417716535435
0
LINE
8
F.Silkscreen
6
CONTINUOUS
10
4.8178697637795276
20
-4.2175417716535435
11
4.8181299212598425
21
-4.2179550393700787
0
LINE
8
F.Silkscreen
6
CONTINUOUS
10
4.8181299212598425
20
-4.2179550393700787
11
4.8218794881889764
21
-4.2254541338582676
0
LINE
8
F.Silkscreen
6
CONTINUOUS
10
4.8218794881889764
20
-4.2254541338582676
11
4.8222242519685041
21
-4.2263551181102361
0
LINE
8
F.Silkscreen
6
CONTINUOUS
10
4.8222242519685041
20
-4.2263551181102361
11
4.822236771653543
21
-4.2265315354330708
0
LINE
8
F.Silkscreen
6
CONTINUOUS
10
4.822236771653543
20
-4.2265315354330708
11
4.8223044488188975
21
-4.2266948818897641
0
LINE
8
F.Silkscreen
6
CONTINUOUS
10
4.8223044488188975
20
-4.2266948818897641
11
4.8223990157480312
21
-4.2276549606299207
0
LINE
8
F.Silkscreen
6
CONTINUOUS
10
4.8223990157480312
20
-4.2276549606299207
11
4.8223990157480312
21
-4.235154015748031
0
LINE
8
F.Silkscreen
6
CONTINUOUS
10
4.8223990157480312
20
-4.235154015748031
11
4.8223044488188975
21
-4.2361140944881885
0
LINE
8
F.Silkscreen
6
CONTINUOUS
10
4.8223044488188975
20
-4.2361140944881885
11
4.822236771653543
21
-4.236277401574803
0
LINE
8
F.Silkscreen
6
CONTINUOUS
10
4.822236771653543
20
-4.236277401574803
11
4.8222242519685041
21
-4.2364538582677165
0
LINE
8
F.Silkscreen
6
CONTINUOUS
10
4.8222242519685041
20
-4.2364538582677165
11
4.8218794881889764
21
-4.237354842519685
0
LINE
8
F.Silkscreen
6
CONTINUOUS
10
4.8218794881889764
20
-4.237354842519685
11
4.8181299212598425
21
-4.2448539370078739
0
LINE
8
F.Silkscreen
6
CONTINUOUS
10
4.8181299212598425
20
-4.2448539370078739
11
4.8178698818897638
21
-4.2452670078740153
0
LINE
8
F.Silkscreen
6
CONTINUOUS
10
4.8178698818897638
20
-4.2452670078740153
11
4.8178201181102365
21
-4.2453871653543303
0
LINE
8
F.Silkscreen
6
CONTINUOUS
10
4.8178201181102365
20
-4.2453871653543303
11
4.8177090551181099
21
-4.2455224409448817
0
LINE
8
F.Silkscreen
6
CONTINUOUS
10
4.8177090551181099
20
-4.2455224409448817
11
4.8176159842519688
21
-4.2456703543307084
0
LINE
8
F.Silkscreen
6
CONTINUOUS
10
4.8176159842519688
20
-4.2456703543307084
11
4.8175178740157483
21
-4.2457553937007875
0
LINE
8
F.Silkscreen
6
CONTINUOUS
10
4.8175178740157483
20
-4.2457553937007875
11
4.8172081102362201
21
-4.2461329133858268
0
LINE
8
F.Silkscreen
6
CONTINUOUS
10
4.8172081102362201
20
-4.2461329133858268
11
4.813458582677165
21
-4.2498824803149606
0
LINE
8
F.Silkscreen
6
CONTINUOUS
10
4.813458582677165
20
-4.2498824803149606
11
4.8130810629921257
21
-4.2501922834645667
0
LINE
8
F.Silkscreen
6
CONTINUOUS
10
4.8130810629921257
20
-4.2501922834645667
11
4.8129959842519687
21
-4.2502903937007872
0
LINE
8
F.Silkscreen
6
CONTINUOUS
10
4.8129959842519687
20
-4.2502903937007872
11
4.8128480314960624
21
-4.2503835039370079
0
LINE
8
F.Silkscreen
6
CONTINUOUS
10
4.8128480314960624
20
-4.2503835039370079
11
4.8127128346456693
21
-4.2504944881889761
0
LINE
8
F.Silkscreen
6
CONTINUOUS
10
4.8127128346456693
20
-4.2504944881889761
11
4.8125927165354332
21
-4.2505442125984247
0
LINE
8
F.Silkscreen
6
CONTINUOUS
10
4.8125927165354332
20
-4.2505442125984247
11
4.8121795669291334
21
-4.2508043307086609
0
LINE
8
F.Silkscreen
6
CONTINUOUS
10
4.8121795669291334
20
-4.2508043307086609
11
4.8046805118110232
21
-4.254553858267716
0
LINE
8
F.Silkscreen
6
CONTINUOUS
10
4.8046805118110232
20
-4.254553858267716
11
4.8037794881889759
21
-4.2548986614173225
0
LINE
8
F.Silkscreen
6
CONTINUOUS
10
4.8037794881889759
20
-4.2548986614173225
11
4.8036030314960625
21
-4.2549111811023623
0
LINE
8
F.Silkscreen
6
CONTINUOUS
10
4.8036030314960625
20
-4.2549111811023623
11
4.8034397244094489
21
-4.2549788582677168
0
LINE
8
F.Silkscreen
6
CONTINUOUS
10
4.8034397244094489
20
-4.2549788582677168
11
4.8024796456692913
21
-4.2550734251968505
0
LINE
8
F.Silkscreen
6
CONTINUOUS
10
4.8024796456692913
20
-4.2550734251968505
11
4.783731968503937
21
-4.2550734251968505
0
LINE
8
F.Silkscreen
6
CONTINUOUS
10
4.783731968503937
20
-4.2550734251968505
11
4.7832459842519688
21
-4.2550255511811024
0
LINE
8
F.Silkscreen
6
CONTINUOUS
10
4.7832459842519688
20
-4.2550255511811024
11
4.7831164566929134
21
-4.2550347637795278
0
LINE
8
F.Silkscreen
6
CONTINUOUS
10
4.7831164566929134
20
-4.2550347637795278
11
4.7829459842519686
21
-4.254995984251968
0
LINE
8
F.Silkscreen
6
CONTINUOUS
10
4.7829459842519686
20
-4.254995984251968
11
4.7827718897637794
21
-4.2549788582677168
0
LINE
8
F.Silkscreen
6
CONTINUOUS
10
4.7827718897637794
20
-4.2549788582677168
11
4.7826517322834645
21
-4.2549290944881886
0
LINE
8
F.Silkscreen
6
CONTINUOUS
10
4.7826517322834645
20
-4.2549290944881886
11
4.7821757480314959
21
-4.2548208661417322
0
LINE
8
F.Silkscreen
6
CONTINUOUS
10
4.7821757480314959
20
-4.2548208661417322
11
4.7709271653543306
21
-4.2510713385826771
0
LINE
8
F.Silkscreen
6
CONTINUOUS
10
4.7709271653543306
20
-4.2510713385826771
11
4.7700462598425197
21
-4.2506780314960633
0
LINE
8
F.Silkscreen
6
CONTINUOUS
10
4.7700462598425197
20
-4.2506780314960633
11
4.7685956299212595
21
-4.249419960629921
0
LINE
8
F.Silkscreen
6
CONTINUOUS
10
4.7685956299212595
20
-4.249419960629921
11
4.7677368897637793
21
-4.2477024409448818
0
LINE
8
F.Silkscreen
6
CONTINUOUS
10
4.7677368897637793
20
-4.2477024409448818
11
4.7676007874015749
21
-4.2457871259842515
0
LINE
8
F.Silkscreen
6
CONTINUOUS
10
4.7676007874015749
20
-4.2457871259842515
11
4.7682079921259843
21
-4.2439655118110231
0
LINE
8
F.Silkscreen
6
CONTINUOUS
10
4.7682079921259843
20
-4.2439655118110231
11
4.7694660629921257
21
-4.2425148818897638
0
LINE
8
F.Silkscreen
6
CONTINUOUS
10
4.7694660629921257
20
-4.2425148818897638
11
4.7711835826771649
21
-4.2416561417322836
0
LINE
8
F.Silkscreen
6
CONTINUOUS
10
4.7711835826771649
20
-4.2416561417322836
11
4.7730988976377953
21
-4.2415200393700783
0
LINE
8
F.Silkscreen
6
CONTINUOUS
10
4.7730988976377953
20
-4.2415200393700783
11
4.7740396062992128
21
-4.2417339370078739
0
LINE
8
F.Silkscreen
6
CONTINUOUS
10
4.7740396062992128
20
-4.2417339370078739
11
4.784530511811024
21
-4.2452309055118107
0
LINE
8
F.Silkscreen
6
CONTINUOUS
10
4.784530511811024
20
-4.2452309055118107
11
4.8013179133858266
21
-4.2452309055118107
0
LINE
8
F.Silkscreen
6
CONTINUOUS
10
4.8013179133858266
20
-4.2452309055118107
11
4.807063503937008
21
-4.2423580708661417
0
LINE
8
F.Silkscreen
6
CONTINUOUS
10
4.807063503937008
20
-4.2423580708661417
11
4.8096836614173224
21
-4.2397378740157476
0
LINE
8
F.Silkscreen
6
CONTINUOUS
10
4.8096836614173224
20
-4.2397378740157476
11
4.8125564960629923
21
-4.2339922834645671
0
LINE
8
F.Silkscreen
6
CONTINUOUS
10
4.8125564960629923
20
-4.2339922834645671
11
4.8125564960629923
21
-4.2288166929133855
0
LINE
8
F.Silkscreen
6
CONTINUOUS
10
4.8125564960629923
20
-4.2288166929133855
11
4.8096836614173224
21
-4.2230710236220474
0
LINE
8
F.Silkscreen
6
CONTINUOUS
10
4.8096836614173224
20
-4.2230710236220474
11
4.8070635826771655
21
-4.2204509448818897
0
LINE
8
F.Silkscreen
6
CONTINUOUS
10
4.8070635826771655
20
-4.2204509448818897
11
4.8007620078740159
21
-4.2173001574803148
0
LINE
8
F.Silkscreen
6
CONTINUOUS
10
4.8007620078740159
20
-4.2173001574803148
11
4.7862879133858263
21
-4.2136816535433068
0
LINE
8
F.Silkscreen
6
CONTINUOUS
10
4.7862879133858263
20
-4.2136816535433068
11
4.7862170472440946
21
-4.2136563385826769
0
LINE
8
F.Silkscreen
6
CONTINUOUS
10
4.7862170472440946
20
-4.2136563385826769
11
4.7861816141732278
21
-4.2136538188976376
0
LINE
8
F.Silkscreen
6
CONTINUOUS
10
4.7861816141732278
20
-4.2136538188976376
11
4.7857818110236217
21
-4.2135008267716536
0
LINE
8
F.Silkscreen
6
CONTINUOUS
10
4.7857818110236217
20
-4.2135008267716536
11
4.7853794488188974
21
-4.2133570472440942
0
LINE
8
F.Silkscreen
6
CONTINUOUS
10
4.7853794488188974
20
-4.2133570472440942
11
4.7853509055118106
21
-4.2133359055118111
0
LINE
8
F.Silkscreen
6
CONTINUOUS
10
4.7853509055118106
20
-4.2133359055118111
11
4.7852806299212594
21
-4.2133090157480311
0
LINE
8
F.Silkscreen
6
CONTINUOUS
10
4.7852806299212594
20
-4.2133090157480311
11
4.7777815748031491
21
-4.2095594488188972
0
LINE
8
F.Silkscreen
6
CONTINUOUS
10
4.7777815748031491
20
-4.2095594488188972
11
4.777368307086614
21
-4.2092992913385823
0
LINE
8
F.Silkscreen
6
CONTINUOUS
10
4.777368307086614
20
-4.2092992913385823
11
4.7772483464566928
21
-4.2092496062992124
0
LINE
8
F.Silkscreen
6
CONTINUOUS
10
4.7772483464566928
20
-4.2092496062992124
11
4.7771132283464564
21
-4.2091387007874017
0
LINE
8
F.Silkscreen
6
CONTINUOUS
10
4.7771132283464564
20
-4.2091387007874017
11
4.7769651574803147
21
-4.2090455118110235
0
LINE
8
F.Silkscreen
6
CONTINUOUS
10
4.7769651574803147
20
-4.2090455118110235
11
4.7768799606299215
21
-4.2089472834645667
0
LINE
8
F.Silkscreen
6
CONTINUOUS
10
4.7768799606299215
20
-4.2089472834645667
11
4.7765025984251963
21
-4.2086375984251969
0
LINE
8
F.Silkscreen
6
CONTINUOUS
10
4.7765025984251963
20
-4.2086375984251969
11
4.7727530708661412
21
-4.2048880708661418
0
LINE
8
F.Silkscreen
6
CONTINUOUS
10
4.7727530708661412
20
-4.2048880708661418
11
4.7724433464566927
21
-4.2045106692913388
0
LINE
8
F.Silkscreen
6
CONTINUOUS
10
4.7724433464566927
20
-4.2045106692913388
11
4.7723451574803146
21
-4.2044255118110234
0
LINE
8
F.Silkscreen
6
CONTINUOUS
10
4.7723451574803146
20
-4.2044255118110234
11
4.7722519291338585
21
-4.204277401574803
0
LINE
8
F.Silkscreen
6
CONTINUOUS
10
4.7722519291338585
20
-4.204277401574803
11
4.7721410629921257
21
-4.2041423228346453
0
LINE
8
F.Silkscreen
6
CONTINUOUS
10
4.7721410629921257
20
-4.2041423228346453
11
4.7720913385826771
21
-4.2040223228346454
0
LINE
8
F.Silkscreen
6
CONTINUOUS
10
4.7720913385826771
20
-4.2040223228346454
11
4.7718312204724409
21
-4.203609094488189
0
LINE
8
F.Silkscreen
6
CONTINUOUS
10
4.7718312204724409
20
-4.203609094488189
11
4.7680816929133858
21
-4.1961100393700788
0
LINE
8
F.Silkscreen
6
CONTINUOUS
10
4.7680816929133858
20
-4.1961100393700788
11
4.7677368897637793
21
-4.1952090157480315
0
LINE
8
F.Silkscreen
6
CONTINUOUS
10
4.7677368897637793
20
-4.1952090157480315
11
4.7677243307086616
21
-4.1950325590551181
0
LINE
8
F.Silkscreen
6
CONTINUOUS
10
4.7677243307086616
20
-4.1950325590551181
11
4.7676566929133859
21
-4.1948692519685036
0
LINE
8
F.Silkscreen
6
CONTINUOUS
10
4.7676566929133859
20
-4.1948692519685036
11
4.7675621259842522
21
-4.193909173228346
0
LINE
8
F.Silkscreen
6
CONTINUOUS
10
4.7675621259842522
20
-4.193909173228346
11
4.7675621259842522
21
-4.1864101181102358
0
LINE
8
F.Silkscreen
6
CONTINUOUS
10
4.7675621259842522
20
-4.1864101181102358
11
4.7676566929133859
21
-4.1854500393700782
0
LINE
8
F.Silkscreen
6
CONTINUOUS
10
4.7676566929133859
20
-4.1854500393700782
11
4.7677243307086616
21
-4.1852866929133858
0
LINE
8
F.Silkscreen
6
CONTINUOUS
10
4.7677243307086616
20
-4.1852866929133858
11
4.7677368897637793
21
-4.1851102755905512
0
LINE
8
F.Silkscreen
6
CONTINUOUS
10
4.7677368897637793
20
-4.1851102755905512
11
4.7680816929133858
21
-4.1842092519685039
0
LINE
8
F.Silkscreen
6
CONTINUOUS
10
4.7680816929133858
20
-4.1842092519685039
11
4.7718312204724409
21
-4.1767101968503937
0
LINE
8
F.Silkscreen
6
CONTINUOUS
10
4.7718312204724409
20
-4.1767101968503937
11
4.7720913385826771
21
-4.1762969291338585
0
LINE
8
F.Silkscreen
6
CONTINUOUS
10
4.7720913385826771
20
-4.1762969291338585
11
4.7721410629921257
21
-4.1761769685039365
0
LINE
8
F.Silkscreen
6
CONTINUOUS
10
4.7721410629921257
20
-4.1761769685039365
11
4.7722519291338585
21
-4.1760418503937009
0
LINE
8
F.Silkscreen
6
CONTINUOUS
10
4.7722519291338585
20
-4.1760418503937009
11
4.7723451574803146
21
-4.1758937795275592
0
LINE
8
F.Silkscreen
6
CONTINUOUS
10
4.7723451574803146
20
-4.1758937795275592
11
4.7724433464566927
21
-4.1758085826771651
0
LINE
8
F.Silkscreen
6
CONTINUOUS
10
4.7724433464566927
20
-4.1758085826771651
11
4.7727530708661412
21
-4.1754312204724409
0
LINE
8
F.Silkscreen
6
CONTINUOUS
10
4.7727530708661412
20
-4.1754312204724409
11
4.7765025984251963
21
-4.1716816929133858
0
LINE
8
F.Silkscreen
6
CONTINUOUS
10
4.7765025984251963
20
-4.1716816929133858
11
4.7768799606299215
21
-4.1713719685039372
0
LINE
8
F.Silkscreen
6
CONTINUOUS
10
4.7768799606299215
20
-4.1713719685039372
11
4.7769651574803147
21
-4.1712737795275592
0
LINE
8
F.Silkscreen
6
CONTINUOUS
10
4.7769651574803147
20
-4.1712737795275592
11
4.7771132283464564
21
-4.1711805511811022
0
LINE
8
F.Silkscreen
6
CONTINUOUS
10
4.7771132283464564
20
-4.1711805511811022
11
4.7772483464566928
21
-4.1710696850393703
0
LINE
8
F.Silkscreen
6
CONTINUOUS
10
4.7772483464566928
20
-4.1710696850393703
11
4.777368307086614
21
-4.1710199606299208
0
LINE
8
F.Silkscreen
6
CONTINUOUS
10
4.777368307086614
20
-4.1710199606299208
11
4.7777815748031491
21
-4.1707598425196846
0
LINE
8
F.Silkscreen
6
CONTINUOUS
10
4.7777815748031491
20
-4.1707598425196846
11
4.7852806692913381
21
-4.1670102755905507
0
LINE
8
F.Silkscreen
6
CONTINUOUS
10
4.7852806692913381
20
-4.1670102755905507
11
4.7861816535433066
21
-4.1666655118110238
0
LINE
8
F.Silkscreen
6
CONTINUOUS
10
4.7861816535433066
20
-4.1666655118110238
11
4.7863580708661413
21
-4.1666529527559053
0
LINE
8
F.Silkscreen
6
CONTINUOUS
10
4.7863580708661413
20
-4.1666529527559053
11
4.7865214173228345
21
-4.1665853149606296
0
LINE
8
F.Silkscreen
6
CONTINUOUS
10
4.7865214173228345
20
-4.1665853149606296
11
4.7874814960629921
21
-4.1664907480314959
0
LINE
8
F.Silkscreen
6
CONTINUOUS
10
4.7874814960629921
20
-4.1664907480314959
11
4.8062291732283464
21
-4.1664907480314959
0
LINE
8
F.Silkscreen
6
CONTINUOUS
10
4.8062291732283464
20
-4.1664907480314959
11
4.8067151181102359
21
-4.1665385826771653
0
LINE
8
F.Silkscreen
6
CONTINUOUS
10
4.9684190944881887
20
-4.1665853149606296
11
4.9685824015748032
21
-4.1666529527559053
0
LINE
8
F.Silkscreen
6
CONTINUOUS
10
4.9685824015748032
20
-4.1666529527559053
11
4.9687588582677167
21
-4.1666655118110238
0
LINE
8
F.Silkscreen
6
CONTINUOUS
10
4.9687588582677167
20
-4.1666655118110238
11
4.9696598818897639
21
-4.1670103149606295
0
LINE
8
F.Silkscreen
6
CONTINUOUS
10
4.9696598818897639
20
-4.1670103149606295
11
4.9771589370078742
21
-4.1707598425196846
0
LINE
8
F.Silkscreen
6
CONTINUOUS
10
4.9771589370078742
20
-4.1707598425196846
11
4.9775721653543306
21
-4.1710199606299208
0
LINE
8
F.Silkscreen
6
CONTINUOUS
10
4.9775721653543306
20
-4.1710199606299208
11
4.9776921653543305
21
-4.1710696850393703
0
LINE
8
F.Silkscreen
6
CONTINUOUS
10
4.9776921653543305
20
-4.1710696850393703
11
4.9778272440944882
21
-4.1711805511811022
0
LINE
8
F.Silkscreen
6
CONTINUOUS
10
4.9778272440944882
20
-4.1711805511811022
11
4.9779753543307086
21
-4.1712737795275592
0
LINE
8
F.Silkscreen
6
CONTINUOUS
10
4.9779753543307086
20
-4.1712737795275592
11
4.9780605118110239
21
-4.1713719685039372
0
LINE
8
F.Silkscreen
6
CONTINUOUS
10
4.9780605118110239
20
-4.1713719685039372
11
4.978437913385827
21
-4.1716816929133858
0
LINE
8
F.Silkscreen
6
CONTINUOUS
10
4.978437913385827
20
-4.1716816929133858
11
4.9821874409448821
21
-4.1754312204724409
0
LINE
8
F.Silkscreen
6
CONTINUOUS
10
4.9821874409448821
20
-4.1754312204724409
11
4.9824971259842519
21
-4.1758085826771651
0
LINE
8
F.Silkscreen
6
CONTINUOUS
10
4.9824971259842519
20
-4.1758085826771651
11
4.9825953543307087
21
-4.1758937795275592
0
LINE
8
F.Silkscreen
6
CONTINUOUS
10
4.9825953543307087
20
-4.1758937795275592
11
4.9826885433070869
21
-4.1760418503937009
0
LINE
8
F.Silkscreen
6
CONTINUOUS
10
4.9826885433070869
20
-4.1760418503937009
11
4.9827994488188976
21
-4.1761769685039365
0
LINE
8
F.Silkscreen
6
CONTINUOUS
10
4.9827994488188976
20
-4.1761769685039365
11
4.9828491338582674
21
-4.1762969291338585
0
LINE
8
F.Silkscreen
6
CONTINUOUS
10
4.9828491338582674
20
-4.1762969291338585
11
4.9831092913385824
21
-4.1767101968503937
0
LINE
8
F.Silkscreen
6
CONTINUOUS
10
4.9831092913385824
20
-4.1767101968503937
11
4.9868588582677162
21
-4.1842092913385827
0
LINE
8
F.Silkscreen
6
CONTINUOUS
10
4.9868588582677162
20
-4.1842092913385827
11
4.987203622047244
21
-4.1851102755905512
0
LINE
8
F.Silkscreen
6
CONTINUOUS
10
4.987203622047244
20
-4.1851102755905512
11
4.9872161417322838
21
-4.1852866929133858
0
LINE
8
F.Silkscreen
6
CONTINUOUS
10
4.9872161417322838
20
-4.1852866929133858
11
4.9872838188976374
21
-4.1854500393700782
0
LINE
8
F.Silkscreen
6
CONTINUOUS
10
4.9872838188976374
20
-4.1854500393700782
11
4.987378385826772
21
-4.1864101181102358
0
LINE
8
F.Silkscreen
6
CONTINUOUS
10
4.987378385826772
20
-4.1864101181102358
11
4.987378385826772
21
-4.193909173228346
0
LINE
8
F.Silkscreen
6
CONTINUOUS
10
4.987378385826772
20
-4.193909173228346
11
4.9873305118110238
21
-4.1943951181102364
0
LINE
8
F.Silkscreen
6
CONTINUOUS
10
4.9873305118110238
20
-4.1943951181102364
11
4.9873397244094484
21
-4.1945246850393696
0
LINE
8
F.Silkscreen
6
CONTINUOUS
10
4.9873397244094484
20
-4.1945246850393696
11
4.9873009448818895
21
-4.1946951181102365
0
LINE
8
F.Silkscreen
6
CONTINUOUS
10
4.9873009448818895
20
-4.1946951181102365
11
4.9872838188976374
21
-4.1948692519685036
0
LINE
8
F.Silkscreen
6
CONTINUOUS
10
4.9872838188976374
20
-4.1948692519685036
11
4.98723405511811
21
-4.1949893700787397
0
LINE
8
F.Silkscreen
6
CONTINUOUS
10
4.98723405511811
20
-4.1949893700787397
11
4.9871258267716536
21
-4.1954653937007871
0
LINE
8
F.Silkscreen
6
CONTINUOUS
10
4.9871258267716536
20
-4.1954653937007871
11
4.9833762992125985
21
-4.2067139763779524
0
LINE
8
F.Silkscreen
6
CONTINUOUS
10
4.9833762992125985
20
-4.2067139763779524
11
4.9829829921259838
21
-4.2075948818897633
0
LINE
8
F.Silkscreen
6
CONTINUOUS
10
4.9829829921259838
20
-4.2075948818897633
11
4.9828671653543308
21
-4.2077283858267718
0
LINE
8
F.Silkscreen
6
CONTINUOUS
10
4.9828671653543308
20
-4.2077283858267718
11
4.9827994881889763
21
-4.2078918503937004
0
LINE
8
F.Silkscreen
6
CONTINUOUS
10
4.9827994881889763
20
-4.2078918503937004
11
4.9821874803149608
21
-4.2086375984251969
0
LINE
8
F.Silkscreen
6
CONTINUOUS
10
4.9821874803149608
20
-4.2086375984251969
11
4.9455941732283462
21
-4.2452309055118107
0
LINE
8
F.Silkscreen
6
CONTINUOUS
10
4.9455941732283462
20
-4.2452309055118107
11
4.9824571259842516
21
-4.2452309055118107
0
LINE
8
F.Silkscreen
6
CONTINUOUS
10
4.9824571259842516
20
-4.2452309055118107
11
4.9834172047244092
21
-4.2453254724409444
0
LINE
8
F.Silkscreen
6
CONTINUOUS
10
4.9834172047244092
20
-4.2453254724409444
11
4.9851912204724407
21
-4.2460602755905512
0
LINE
8
F.Silkscreen
6
CONTINUOUS
10
4.9851912204724407
20
-4.2460602755905512
11
4.9865490157480314
21
-4.247418070866142
0
LINE
8
F.Silkscreen
6
CONTINUOUS
10
4.9865490157480314
20
-4.247418070866142
11
4.9872838188976374
21
-4.2491920866141735
0
LINE
8
F.Silkscreen
6
CONTINUOUS
10
4.9872838188976374
20
-4.2491920866141735
11
4.9872838188976374
21
-4.2511122440944877
0
LINE
8
F.Silkscreen
6
CONTINUOUS
10
4.9872838188976374
20
-4.2511122440944877
11
4.9865490157480314
21
-4.2528862598425192
0
LINE
8
F.Silkscreen
6
CONTINUOUS
10
4.9865490157480314
20
-4.2528862598425192
11
4.9851912204724407
21
-4.25424405511811
0
LINE
8
F.Silkscreen
6
CONTINUOUS
10
4.9851912204724407
20
-4.25424405511811
11
4.9834172047244092
21
-4.2549788582677168
0
LINE
8
F.Silkscreen
6
CONTINUOUS
10
4.9834172047244092
20
-4.2549788582677168
11
4.9824571259842516
21
-4.2550734251968505
0
LINE
8
F.Silkscreen
6
CONTINUOUS
10
4.9824571259842516
20
-4.2550734251968505
11
4.9337132283464564
21
-4.2550734251968505
0
LINE
8
F.Silkscreen
6
CONTINUOUS
10
4.9337132283464564
20
-4.2550734251968505
11
4.9327531496062988
21
-4.2549788582677168
0
LINE
8
F.Silkscreen
6
CONTINUOUS
10
4.9327531496062988
20
-4.2549788582677168
11
4.9327531102362201
21
-4.2549788582677168
0
LINE
8
F.Silkscreen
6
CONTINUOUS
10
4.9327531102362201
20
-4.2549788582677168
11
4.9322335039370078
21
-4.2547636220472436
0
LINE
8
F.Silkscreen
6
CONTINUOUS
10
4.9322335039370078
20
-4.2547636220472436
11
4.9309791338582674
21
-4.25424405511811
0
LINE
8
F.Silkscreen
6
CONTINUOUS
10
4.9309791338582674
20
-4.25424405511811
11
4.9296213385826775
21
-4.2528862598425192
0
LINE
8
F.Silkscreen
6
CONTINUOUS
10
4.9296213385826775
20
-4.2528862598425192
11
4.9291017322834643
21
-4.251631850393701
0
LINE
8
F.Silkscreen
6
CONTINUOUS
10
4.9291017322834643
20
-4.251631850393701
11
4.9288865354330706
21
-4.2511122834645665
0
LINE
8
F.Silkscreen
6
CONTINUOUS
10
4.9288865354330706
20
-4.2511122834645665
11
4.9288865354330706
21
-4.2491920472440947
0
LINE
8
F.Silkscreen
6
CONTINUOUS
10
4.9288865354330706
20
-4.2491920472440947
11
4.9291017322834643
21
-4.2486724409448815
0
LINE
8
F.Silkscreen
6
CONTINUOUS
10
4.9291017322834643
20
-4.2486724409448815
11
4.9296213385826775
21
-4.247418070866142
0
LINE
8
F.Silkscreen
6
CONTINUOUS
10
4.9296213385826775
20
-4.247418070866142
11
4.9296215354330704
21
-4.2474178346456695
0
LINE
8
F.Silkscreen
6
CONTINUOUS
10
4.9296215354330704
20
-4.2474178346456695
11
4.9302333858267717
21
-4.2466723228346455
0
LINE
8
F.Silkscreen
6
CONTINUOUS
10
4.9302333858267717
20
-4.2466723228346455
11
4.9744062598425192
21
-4.2024993307086609
0
LINE
8
F.Silkscreen
6
CONTINUOUS
10
4.9744062598425192
20
-4.2024993307086609
11
4.9775358661417322
21
-4.1931106299212599
0
LINE
8
F.Silkscreen
6
CONTINUOUS
10
4.9775358661417322
20
-4.1931106299212599
11
4.9775358661417322
21
-4.1875718503937005
0
LINE
8
F.Silkscreen
6
CONTINUOUS
10
4.9775358661417322
20
-4.1875718503937005
11
4.9746630314960631
21
-4.1818261811023625
0
LINE
8
F.Silkscreen
6
CONTINUOUS
10
4.9746630314960631
20
-4.1818261811023625
11
4.9720429527559054
21
-4.1792061023622047
0
LINE
8
F.Silkscreen
6
CONTINUOUS
10
4.9720429527559054
20
-4.1792061023622047
11
4.9662972834645664
21
-4.1763332677165357
0
LINE
8
F.Silkscreen
6
CONTINUOUS
10
4.9662972834645664
20
-4.1763332677165357
11
4.9498730708661416
21
-4.1763332677165357
0
LINE
8
F.Silkscreen
6
CONTINUOUS
10
4.9498730708661416
20
-4.1763332677165357
11
4.9441274015748027
21
-4.1792061023622047
0
LINE
8
F.Silkscreen
6
CONTINUOUS
10
4.9441274015748027
20
-4.1792061023622047
11
4.9409425984251971
21
-4.1823909055118111
0
LINE
8
F.Silkscreen
6
CONTINUOUS
10
4.9409425984251971
20
-4.1823909055118111
11
4.9401968503937006
21
-4.1830029133858266
0
LINE
8
F.Silkscreen
6
CONTINUOUS
10
4.9401968503937006
20
-4.1830029133858266
11
4.9384228740157479
21
-4.1837377559055113
0
LINE
8
F.Silkscreen
6
CONTINUOUS
10
4.9384228740157479
20
-4.1837377559055113
11
4.9365026377952752
21
-4.1837377559055113
0
LINE
8
F.Silkscreen
6
CONTINUOUS
10
4.9365026377952752
20
-4.1837377559055113
11
4.9347286614173225
21
-4.1830029133858266
0
LINE
8
F.Silkscreen
6
CONTINUOUS
10
4.9347286614173225
20
-4.1830029133858266
11
4.9333709055118113
21
-4.1816451574803146
0
LINE
8
F.Silkscreen
6
CONTINUOUS
10
4.9333709055118113
20
-4.1816451574803146
11
4.9326360629921258
21
-4.1798711811023619
0
LINE
8
F.Silkscreen
6
CONTINUOUS
10
4.9326360629921258
20
-4.1798711811023619
11
4.9326360629921258
21
-4.1779509448818892
0
LINE
8
F.Silkscreen
6
CONTINUOUS
10
4.9326360629921258
20
-4.1779509448818892
11
4.9333709055118113
21
-4.1761769685039365
0
LINE
8
F.Silkscreen
6
CONTINUOUS
10
4.9333709055118113
20
-4.1761769685039365
11
4.9339829133858268
21
-4.1754312204724409
0
LINE
8
F.Silkscreen
6
CONTINUOUS
10
4.9339829133858268
20
-4.1754312204724409
11
4.937732440944882
21
-4.1716816929133858
0
LINE
8
F.Silkscreen
6
CONTINUOUS
10
4.937732440944882
20
-4.1716816929133858
11
4.9381098031496062
21
-4.1713719685039372
0
LINE
8
F.Silkscreen
6
CONTINUOUS
10
4.9381098031496062
20
-4.1713719685039372
11
4.9381949999999994
21
-4.1712737795275592
0
LINE
8
F.Silkscreen
6
CONTINUOUS
10
4.9381949999999994
20
-4.1712737795275592
11
4.938343070866142
21
-4.1711805511811022
0
LINE
8
F.Silkscreen
6
CONTINUOUS
10
4.938343070866142
20
-4.1711805511811022
11
4.9384781889763776
21
-4.1710696850393703
0
LINE
8
F.Silkscreen
6
CONTINUOUS
10
4.9384781889763776
20
-4.1710696850393703
11
4.9385981496062987
21
-4.1710199606299208
0
LINE
8
F.Silkscreen
6
CONTINUOUS
10
4.9385981496062987
20
-4.1710199606299208
11
4.9390114173228348
21
-4.1707598425196846
0
LINE
8
F.Silkscreen
6
CONTINUOUS
10
4.9390114173228348
20
-4.1707598425196846
11
4.9465105118110237
21
-4.1670102755905507
0
LINE
8
F.Silkscreen
6
CONTINUOUS
10
4.9465105118110237
20
-4.1670102755905507
11
4.9474114960629922
21
-4.1666655118110238
0
LINE
8
F.Silkscreen
6
CONTINUOUS
10
4.9474114960629922
20
-4.1666655118110238
11
4.9475879133858269
21
-4.1666529527559053
0
LINE
8
F.Silkscreen
6
CONTINUOUS
10
4.9475879133858269
20
-4.1666529527559053
11
4.9477512598425193
21
-4.1665853149606296
0
LINE
8
F.Silkscreen
6
CONTINUOUS
10
4.9477512598425193
20
-4.1665853149606296
11
4.9487113385826769
21
-4.1664907480314959
0
LINE
8
F.Silkscreen
6
CONTINUOUS
10
4.9487113385826769
20
-4.1664907480314959
11
4.9674590157480312
21
-4.1664907480314959
0
LINE
8
F.Silkscreen
6
CONTINUOUS
10
4.9674590157480312
20
-4.1664907480314959
11
4.9684190944881887
21
-4.1665853149606296
0
LINE
8
F.Silkscreen
6
CONTINUOUS
10
4.9132679921259843
20
-4.166938937007874
11
4.9148235826771653
21
-4.1680646850393703
0
LINE
8
F.Silkscreen
6
CONTINUOUS
10
4.9148235826771653
20
-4.1680646850393703
11
4.9158299606299209
21
-4.1697000393700785
0
LINE
8
F.Silkscreen
6
CONTINUOUS
10
4.9158299606299209
20
-4.1697000393700785
11
4.9161338582677168
21
-4.1715959842519688
0
LINE
8
F.Silkscreen
6
CONTINUOUS
10
4.9161338582677168
20
-4.1715959842519688
11
4.9160035039370076
21
-4.1725518897637794
0
LINE
8
F.Silkscreen
6
CONTINUOUS
10
4.9160035039370076
20
-4.1725518897637794
11
4.8972558267716533
21
-4.2512920472440943
0
LINE
8
F.Silkscreen
6
CONTINUOUS
10
4.8972558267716533
20
-4.2512920472440943
11
4.8971422440944883
21
-4.2516214960629917
0
LINE
8
F.Silkscreen
6
CONTINUOUS
10
4.8971422440944883
20
-4.2516214960629917
11
4.8971265748031492
21
-4.2517396062992123
0
LINE
8
F.Silkscreen
6
CONTINUOUS
10
4.8971265748031492
20
-4.2517396062992123
11
4.8970647244094483
21
-4.2518463779527558
0
LINE
8
F.Silkscreen
6
CONTINUOUS
10
4.8970647244094483
20
-4.2518463779527558
11
4.8969414566929137
21
-4.2522040944881887
0
LINE
8
F.Silkscreen
6
CONTINUOUS
10
4.8969414566929137
20
-4.2522040944881887
11
4.8965224803149603
21
-4.2527829921259839
0
LINE
8
F.Silkscreen
6
CONTINUOUS
10
4.8965224803149603
20
-4.2527829921259839
11
4.8961644881889761
21
-4.2534014173228343
0
LINE
8
F.Silkscreen
6
CONTINUOUS
10
4.8961644881889761
20
-4.2534014173228343
11
4.8959638188976378
21
-4.2535549606299208
0
LINE
8
F.Silkscreen
6
CONTINUOUS
10
4.8959638188976378
20
-4.2535549606299208
11
4.8958157086614174
21
-4.2537596850393697
0
LINE
8
F.Silkscreen
6
CONTINUOUS
10
4.8958157086614174
20
-4.2537596850393697
11
4.8952070078740153
21
-4.2541342519685035
0
LINE
8
F.Silkscreen
6
CONTINUOUS
10
4.8952070078740153
20
-4.2541342519685035
11
4.8946396850393699
21
-4.2545685039370076
0
LINE
8
F.Silkscreen
6
CONTINUOUS
10
4.8946396850393699
20
-4.2545685039370076
11
4.8943955905511807
21
-4.2546335826771653
0
LINE
8
F.Silkscreen
6
CONTINUOUS
10
4.8943955905511807
20
-4.2546335826771653
11
4.8941803543307083
21
-4.2547660629921262
0
LINE
8
F.Silkscreen
6
CONTINUOUS
10
4.8941803543307083
20
-4.2547660629921262
11
4.8934747244094483
21
-4.2548791338582674
0
LINE
8
F.Silkscreen
6
CONTINUOUS
10
4.8934747244094483
20
-4.2548791338582674
11
4.8927843700787399
21
-4.255063267716535
0
LINE
8
F.Silkscreen
6
CONTINUOUS
10
4.8927843700787399
20
-4.255063267716535
11
4.8925338188976379
21
-4.2550299606299209
0
LINE
8
F.Silkscreen
6
CONTINUOUS
10
4.8925338188976379
20
-4.2550299606299209
11
4.8922844094488189
21
-4.2550699606299212
0
LINE
8
F.Silkscreen
6
CONTINUOUS
10
4.8922844094488189
20
-4.2550699606299212
11
4.8915893307086611
21
-4.2549044488188974
0
LINE
8
F.Silkscreen
6
CONTINUOUS
10
4.8915893307086611
20
-4.2549044488188974
11
4.8908809448818893
21
-4.2548103543307088
0
LINE
8
F.Silkscreen
6
CONTINUOUS
10
4.8908809448818893
20
-4.2548103543307088
11
4.8906622834645672
21
-4.2546837401574802
0
LINE
8
F.Silkscreen
6
CONTINUOUS
10
4.8906622834645672
20
-4.2546837401574802
11
4.8904164566929129
21
-4.2546252362204724
0
LINE
8
F.Silkscreen
6
CONTINUOUS
10
4.8904164566929129
20
-4.2546252362204724
11
4.889837519685039
21
-4.2542062598425199
0
LINE
8
F.Silkscreen
6
CONTINUOUS
10
4.889837519685039
20
-4.2542062598425199
11
4.8892191338582673
21
-4.2538482677165357
0
LINE
8
F.Silkscreen
6
CONTINUOUS
10
4.8892191338582673
20
-4.2538482677165357
11
4.8890655511811021
21
-4.2536475984251965
0
LINE
8
F.Silkscreen
6
CONTINUOUS
10
4.8890655511811021
20
-4.2536475984251965
11
4.8888608661417319
21
-4.2534994881889761
0
LINE
8
F.Silkscreen
6
CONTINUOUS
10
4.8888608661417319
20
-4.2534994881889761
11
4.8884862598425194
21
-4.2528907874015749
0
LINE
8
F.Silkscreen
6
CONTINUOUS
10
4.8884862598425194
20
-4.2528907874015749
11
4.888052047244094
21
-4.2523234645669294
0
LINE
8
F.Silkscreen
6
CONTINUOUS
10
4.888052047244094
20
-4.2523234645669294
11
4.887919251968504
21
-4.25196937007874
0
LINE
8
F.Silkscreen
6
CONTINUOUS
10
4.887919251968504
20
-4.25196937007874
11
4.8878544881889763
21
-4.2518641338582679
0
LINE
8
F.Silkscreen
6
CONTINUOUS
10
4.8878544881889763
20
-4.2518641338582679
11
4.8878355905511812
21
-4.2517462598425197
0
LINE
8
F.Silkscreen
6
CONTINUOUS
10
4.8878355905511812
20
-4.2517462598425197
11
4.8877133070866137
21
-4.2514201968503933
0
LINE
8
F.Silkscreen
6
CONTINUOUS
10
4.8877133070866137
20
-4.2514201968503933
11
4.8774702362204723
21
-4.2130087007874018
0
LINE
8
F.Silkscreen
6
CONTINUOUS
10
4.8774702362204723
20
-4.2130087007874018
11
4.8672272047244096
21
-4.2514201968503933
0
LINE
8
F.Silkscreen
6
CONTINUOUS
10
4.8672272047244096
20
-4.2514201968503933
11
4.8671048818897633
21
-4.2517462992125985
0
LINE
8
F.Silkscreen
6
CONTINUOUS
10
4.8671048818897633
20
-4.2517462992125985
11
4.867086023622047
21
-4.2518641338582679
0
LINE
8
F.Silkscreen
6
CONTINUOUS
10
4.867086023622047
20
-4.2518641338582679
11
4.8670212598425193
21
-4.2519693307086612
0
LINE
8
F.Silkscreen
6
CONTINUOUS
10
4.8670212598425193
20
-4.2519693307086612
11
4.8668884645669293
21
-4.2523235039370082
0
LINE
8
F.Silkscreen
6
CONTINUOUS
10
4.8668884645669293
20
-4.2523235039370082
11
4.8664542125984251
21
-4.2528907874015749
0
LINE
8
F.Silkscreen
6
CONTINUOUS
10
4.8664542125984251
20
-4.2528907874015749
11
4.8660796456692914
21
-4.2534995275590548
0
LINE
8
F.Silkscreen
6
CONTINUOUS
10
4.8660796456692914
20
-4.2534995275590548
11
4.8658748818897637
21
-4.253647677165354
0
LINE
8
F.Silkscreen
6
CONTINUOUS
10
4.8658748818897637
20
-4.253647677165354
11
4.8657213779527559
21
-4.2538482677165357
0
LINE
8
F.Silkscreen
6
CONTINUOUS
10
4.8657213779527559
20
-4.2538482677165357
11
4.865103031496063
21
-4.2542062204724411
0
LINE
8
F.Silkscreen
6
CONTINUOUS
10
4.865103031496063
20
-4.2542062204724411
11
4.8645240551181104
21
-4.2546252362204724
0
LINE
8
F.Silkscreen
6
CONTINUOUS
10
4.8645240551181104
20
-4.2546252362204724
11
4.8642781889763782
21
-4.2546837401574802
0
LINE
8
F.Silkscreen
6
CONTINUOUS
10
4.8642781889763782
20
-4.2546837401574802
11
4.864059566929134
21
-4.2548103543307088
0
LINE
8
F.Silkscreen
6
CONTINUOUS
10
4.864059566929134
20
-4.2548103543307088
11
4.8633513385826772
21
-4.2549044488188974
0
LINE
8
F.Silkscreen
6
CONTINUOUS
10
4.8633513385826772
20
-4.2549044488188974
11
4.8626561023622044
21
-4.2550699999999999
0
LINE
8
F.Silkscreen
6
CONTINUOUS
10
4.8626561023622044
20
-4.2550699999999999
11
4.8624065354330703
21
-4.2550299606299209
0
LINE
8
F.Silkscreen
6
CONTINUOUS
10
4.8624065354330703
20
-4.2550299606299209
11
4.8621561417322834
21
-4.255063267716535
0
LINE
8
F.Silkscreen
6
CONTINUOUS
10
4.8621561417322834
20
-4.255063267716535
11
4.8614658661417325
21
-4.2548791732283462
0
LINE
8
F.Silkscreen
6
CONTINUOUS
10
4.8614658661417325
20
-4.2548791732283462
11
4.860760157480315
21
-4.2547660629921262
0
LINE
8
F.Silkscreen
6
CONTINUOUS
10
4.860760157480315
20
-4.2547660629921262
11
4.8605448818897639
21
-4.2546335826771653
0
LINE
8
F.Silkscreen
6
CONTINUOUS
10
4.8605448818897639
20
-4.2546335826771653
11
4.8603007874015747
21
-4.2545685039370076
0
LINE
8
F.Silkscreen
6
CONTINUOUS
10
4.8603007874015747
20
-4.2545685039370076
11
4.859733346456693
21
-4.254134173228346
0
LINE
8
F.Silkscreen
6
CONTINUOUS
10
4.859733346456693
20
-4.254134173228346
11
4.8591248031496059
21
-4.2537596850393697
0
LINE
8
F.Silkscreen
6
CONTINUOUS
10
4.8591248031496059
20
-4.2537596850393697
11
4.8589766535433068
21
-4.2535549999999995
0
LINE
8
F.Silkscreen
6
CONTINUOUS
10
4.8589766535433068
20
-4.2535549999999995
11
4.8587760236220472
21
-4.2534014173228343
0
LINE
8
F.Silkscreen
6
CONTINUOUS
10
4.8587760236220472
20
-4.2534014173228343
11
4.8584179921259842
21
-4.2527829921259839
0
LINE
8
F.Silkscreen
6
CONTINUOUS
10
4.8584179921259842
20
-4.2527829921259839
11
4.8579990551181105
21
-4.2522040944881887
0
LINE
8
F.Silkscreen
6
CONTINUOUS
10
4.8579990551181105
20
-4.2522040944881887
11
4.8578757480314962
21
-4.2518463779527558
0
LINE
8
F.Silkscreen
6
CONTINUOUS
10
4.8578757480314962
20
-4.2518463779527558
11
4.8578139370078741
21
-4.2517396062992123
0
LINE
8
F.Silkscreen
6
CONTINUOUS
10
4.8578139370078741
20
-4.2517396062992123
11
4.8577982283464562
21
-4.2516214960629917
0
LINE
8
F.Silkscreen
6
CONTINUOUS
10
4.8577982283464562
20
-4.2516214960629917
11
4.85768468503937
21
-4.2512920472440943
0
LINE
8
F.Silkscreen
6
CONTINUOUS
10
4.85768468503937
20
-4.2512920472440943
11
4.8389370472440945
21
-4.1725518897637794
0
LINE
8
F.Silkscreen
6
CONTINUOUS
10
4.8389370472440945
20
-4.1725518897637794
11
4.8388066929133853
21
-4.1715959842519688
0
LINE
8
F.Silkscreen
6
CONTINUOUS
10
4.8388066929133853
20
-4.1715959842519688
11
4.8391105905511811
21
-4.1697000393700785
0
LINE
8
F.Silkscreen
6
CONTINUOUS
10
4.8391105905511811
20
-4.1697000393700785
11
4.8401169685039367
21
-4.1680646456692916
0
LINE
8
F.Silkscreen
6
CONTINUOUS
10
4.8401169685039367
20
-4.1680646456692916
11
4.8416725590551177
21
-4.166938937007874
0
LINE
8
F.Silkscreen
6
CONTINUOUS
10
4.8416725590551177
20
-4.166938937007874
11
4.8435405118110237
21
-4.1664942125984252
0
LINE
8
F.Silkscreen
6
CONTINUOUS
10
4.8435405118110237
20
-4.1664942125984252
11
4.8454364566929131
21
-4.1667981102362202
0
LINE
8
F.Silkscreen
6
CONTINUOUS
10
4.8454364566929131
20
-4.1667981102362202
11
4.8470718503937009
21
-4.1678044881889766
0
LINE
8
F.Silkscreen
6
CONTINUOUS
10
4.8470718503937009
20
-4.1678044881889766
11
4.8481975590551176
21
-4.1693600787401577
0
LINE
8
F.Silkscreen
6
CONTINUOUS
10
4.8481975590551176
20
-4.1693600787401577
11
4.8485119291338581
21
-4.1702721259842521
0
LINE
8
F.Silkscreen
6
CONTINUOUS
10
4.8485119291338581
20
-4.1702721259842521
11
4.8627422440944885
21
-4.2300396062992123
0
LINE
8
F.Silkscreen
6
CONTINUOUS
10
4.8627422440944885
20
-4.2300396062992123
11
4.8727151968503932
21
-4.1926411417322837
0
LINE
8
F.Silkscreen
6
CONTINUOUS
10
4.8727151968503932
20
-4.1926411417322837
11
4.872799488188976
21
-4.1924162598425196
0
LINE
8
F.Silkscreen
6
CONTINUOUS
10
4.872799488188976
20
-4.1924162598425196
11
4.8728120866141733
21
-4.1923217322834647
0
LINE
8
F.Silkscreen
6
CONTINUOUS
10
4.8728120866141733
20
-4.1923217322834647
11
4.8728770472440948
21
-4.1922094881889764
0
LINE
8
F.Silkscreen
6
CONTINUOUS
10
4.8728770472440948
20
-4.1922094881889764
11
4.8730539370078736
21
-4.1917378346456688
0
LINE
8
F.Silkscreen
6
CONTINUOUS
10
4.8730539370078736
20
-4.1917378346456688
11
4.8734487795275587
21
-4.1912219291338584
0
LINE
8
F.Silkscreen
6
CONTINUOUS
10
4.8734487795275587
20
-4.1912219291338584
11
4.8737741732283464
21
-4.1906599212598428
0
LINE
8
F.Silkscreen
6
CONTINUOUS
10
4.8737741732283464
20
-4.1906599212598428
11
4.8740272047244098
21
-4.190466220472441
0
LINE
8
F.Silkscreen
6
CONTINUOUS
10
4.8740272047244098
20
-4.190466220472441
11
4.8742210236220469
21
-4.1902130314960626
0
LINE
8
F.Silkscreen
6
CONTINUOUS
10
4.8742210236220469
20
-4.1902130314960626
11
4.87478342519685
21
-4.1898874015748033
0
LINE
8
F.Silkscreen
6
CONTINUOUS
10
4.87478342519685
20
-4.1898874015748033
11
4.8752989763779526
21
-4.1894928346456695
0
LINE
8
F.Silkscreen
6
CONTINUOUS
10
4.8752989763779526
20
-4.1894928346456695
11
4.8756068110236219
21
-4.1894107086614172
0
LINE
8
F.Silkscreen
6
CONTINUOUS
10
4.8756068110236219
20
-4.1894107086614172
11
4.8758828346456689
21
-4.1892509448818895
0
LINE
8
F.Silkscreen
6
CONTINUOUS
10
4.8758828346456689
20
-4.1892509448818895
11
4.8765268897637792
21
-4.1891653543307088
0
LINE
8
F.Silkscreen
6
CONTINUOUS
10
4.8765268897637792
20
-4.1891653543307088
11
4.8771542913385826
21
-4.1889980708661421
0
LINE
8
F.Silkscreen
6
CONTINUOUS
10
4.8771542913385826
20
-4.1889980708661421
11
4.8774702362204723
21
-4.1890400393700791
0
LINE
8
F.Silkscreen
6
CONTINUOUS
10
4.8774702362204723
20
-4.1890400393700791
11
4.8777862598425195
21
-4.1889980708661421
0
LINE
8
F.Silkscreen
6
CONTINUOUS
10
4.8777862598425195
20
-4.1889980708661421
11
4.8784139370078741
21
-4.1891654330708663
0
LINE
8
F.Silkscreen
6
CONTINUOUS
10
4.8784139370078741
20
-4.1891654330708663
11
4.8790577165354332
21
-4.1892509842519683
0
LINE
8
F.Silkscreen
6
CONTINUOUS
10
4.8790577165354332
20
-4.1892509842519683
11
4.8793334645669288
21
-4.1894106299212597
0
LINE
8
F.Silkscreen
6
CONTINUOUS
10
4.8793334645669288
20
-4.1894106299212597
11
4.8796416141732282
21
-4.1894927952755907
0
LINE
8
F.Silkscreen
6
CONTINUOUS
10
4.8796416141732282
20
-4.1894927952755907
11
4.8801575590551183
21
-4.1898877165354333
0
LINE
8
F.Silkscreen
6
CONTINUOUS
10
4.8801575590551183
20
-4.1898877165354333
11
4.8807195275590551
21
-4.1902130708661414
0
LINE
8
F.Silkscreen
6
CONTINUOUS
10
4.8807195275590551
20
-4.1902130708661414
11
4.8809132283464569
21
-4.1904661417322835
0
LINE
8
F.Silkscreen
6
CONTINUOUS
10
4.8809132283464569
20
-4.1904661417322835
11
4.8811663779527557
21
-4.1906599212598428
0
LINE
8
F.Silkscreen
6
CONTINUOUS
10
4.8811663779527557
20
-4.1906599212598428
11
4.8814918897637796
21
-4.1912221653543309
0
LINE
8
F.Silkscreen
6
CONTINUOUS
10
4.8814918897637796
20
-4.1912221653543309
11
4.8818866141732284
21
-4.1917378740157476
0
LINE
8
F.Silkscreen
6
CONTINUOUS
10
4.8818866141732284
20
-4.1917378740157476
11
4.8820634251968507
21
-4.1922093307086614
0
LINE
8
F.Silkscreen
6
CONTINUOUS
10
4.8820634251968507
20
-4.1922093307086614
11
4.8821284645669287
21
-4.192321692913386
0
LINE
8
F.Silkscreen
6
CONTINUOUS
10
4.8821284645669287
20
-4.192321692913386
11
4.8821410236220473
21
-4.1924162992125984
0
LINE
8
F.Silkscreen
6
CONTINUOUS
10
4.8821410236220473
20
-4.1924162992125984
11
4.8822253543307088
21
-4.1926411417322837
0
LINE
8
F.Silkscreen
6
CONTINUOUS
10
4.8822253543307088
20
-4.1926411417322837
11
4.8921982283464569
21
-4.2300395669291335
0
LINE
8
F.Silkscreen
6
CONTINUOUS
10
4.8921982283464569
20
-4.2300395669291335
11
4.9064286220472439
21
-4.1702721259842521
0
LINE
8
F.Silkscreen
6
CONTINUOUS
10
4.9064286220472439
20
-4.1702721259842521
11
4.9067429921259844
21
-4.1693600787401577
0
LINE
8
F.Silkscreen
6
CONTINUOUS
10
4.9067429921259844
20
-4.1693600787401577
11
4.9078687007874011
21
-4.1678044881889766
0
LINE
8
F.Silkscreen
6
CONTINUOUS
10
4.9078687007874011
20
-4.1678044881889766
11
4.9095040944881889
21
-4.1667981102362202
0
LINE
8
F.Silkscreen
6
CONTINUOUS
10
4.9095040944881889
20
-4.1667981102362202
11
4.9114000393700783
21
-4.1664942125984252
0
LINE
8
F.Silkscreen
6
CONTINUOUS
10
4.9114000393700783
20
-4.1664942125984252
11
4.9132679921259843
21
-4.166938937007874
0
LINE
8
F.Silkscreen
6
CONTINUOUS
10
4.2042271653543306
20
-3.8234178740157478
11
4.2043904724409451
21
-3.8234855118110236
0
LINE
8
F.Silkscreen
6
CONTINUOUS
10
4.2043904724409451
20
-3.8234855118110236
11
4.2045669291338585
21
-3.8234980708661417
0
LINE
8
F.Silkscreen
6
CONTINUOUS
10
4.2045669291338585
20
-3.8234980708661417
11
4.2054679527559058
21
-3.8238428740157477
0
LINE
8
F.Silkscreen
6
CONTINUOUS
10
4.2054679527559058
20
-3.8238428740157477
11
4.212967007874016
21
-3.8275924015748028
0
LINE
8
F.Silkscreen
6
CONTINUOUS
10
4.212967007874016
20
-3.8275924015748028
11
4.2133802362204724
21
-3.8278525196850395
0
LINE
8
F.Silkscreen
6
CONTINUOUS
10
4.2133802362204724
20
-3.8278525196850395
11
4.2135002362204723
21
-3.8279022440944881
0
LINE
8
F.Silkscreen
6
CONTINUOUS
10
4.2135002362204723
20
-3.8279022440944881
11
4.21363531496063
21
-3.8280131102362205
0
LINE
8
F.Silkscreen
6
CONTINUOUS
10
4.21363531496063
20
-3.8280131102362205
11
4.2137834251968505
21
-3.828106338582677
0
LINE
8
F.Silkscreen
6
CONTINUOUS
10
4.2137834251968505
20
-3.828106338582677
11
4.2138685826771649
21
-3.828204527559055
0
LINE
8
F.Silkscreen
6
CONTINUOUS
10
4.2138685826771649
20
-3.828204527559055
11
4.2142459842519688
21
-3.828514251968504
0
LINE
8
F.Silkscreen
6
CONTINUOUS
10
4.2142459842519688
20
-3.828514251968504
11
4.2217450787401578
21
-3.8360133070866143
0
LINE
8
F.Silkscreen
6
CONTINUOUS
10
4.2217450787401578
20
-3.8360133070866143
11
4.2223570866141733
21
-3.8367590551181103
0
LINE
8
F.Silkscreen
6
CONTINUOUS
10
4.2223570866141733
20
-3.8367590551181103
11
4.2224971259842521
21
-3.8370971259842519
0
LINE
8
F.Silkscreen
6
CONTINUOUS
10
4.2224971259842521
20
-3.8370971259842519
11
4.2227149212598425
21
-3.8373911023622047
0
LINE
8
F.Silkscreen
6
CONTINUOUS
10
4.2227149212598425
20
-3.8373911023622047
11
4.2230395275590551
21
-3.838299566929134
0
LINE
8
F.Silkscreen
6
CONTINUOUS
10
4.2230395275590551
20
-3.838299566929134
11
4.2267890551181102
21
-3.8532976771653544
0
LINE
8
F.Silkscreen
6
CONTINUOUS
10
4.2267890551181102
20
-3.8532976771653544
11
4.2268136614173226
21
-3.8534641732283466
0
LINE
8
F.Silkscreen
6
CONTINUOUS
10
4.2268136614173226
20
-3.8534641732283466
11
4.2268414173228344
21
-3.8535311811023623
0
LINE
8
F.Silkscreen
6
CONTINUOUS
10
4.2268414173228344
20
-3.8535311811023623
11
4.2268770078740152
21
-3.8538925590551179
0
LINE
8
F.Silkscreen
6
CONTINUOUS
10
4.2268770078740152
20
-3.8538925590551179
11
4.2269301574803144
21
-3.8542520078740155
0
LINE
8
F.Silkscreen
6
CONTINUOUS
10
4.2269301574803144
20
-3.8542520078740155
11
4.2269194488188973
21
-3.8543237401574801
0
LINE
8
F.Silkscreen
6
CONTINUOUS
10
4.2269194488188973
20
-3.8543237401574801
11
4.226935984251968
21
-3.8544912598425194
0
LINE
8
F.Silkscreen
6
CONTINUOUS
10
4.226935984251968
20
-3.8544912598425194
11
4.226935984251968
21
-3.8807379921259844
0
LINE
8
F.Silkscreen
6
CONTINUOUS
10
4.226935984251968
20
-3.8807379921259844
11
4.2269194488188973
21
-3.8809054724409449
0
LINE
8
F.Silkscreen
6
CONTINUOUS
10
4.2269194488188973
20
-3.8809054724409449
11
4.2269301574803144
21
-3.8809772440944883
0
LINE
8
F.Silkscreen
6
CONTINUOUS
10
4.2269301574803144
20
-3.8809772440944883
11
4.2268770078740152
21
-3.8813366535433071
0
LINE
8
F.Silkscreen
6
CONTINUOUS
10
4.2268770078740152
20
-3.8813366535433071
11
4.2268414173228344
21
-3.8816980708661415
0
LINE
8
F.Silkscreen
6
CONTINUOUS
10
4.2268414173228344
20
-3.8816980708661415
11
4.2268136614173226
21
-3.8817650393700784
0
LINE
8
F.Silkscreen
6
CONTINUOUS
10
4.2268136614173226
20
-3.8817650393700784
11
4.2267890551181102
21
-3.8819315748031493
0
LINE
8
F.Silkscreen
6
CONTINUOUS
10
4.2267890551181102
20
-3.8819315748031493
11
4.2230395275590551
21
-3.8969296850393702
0
LINE
8
F.Silkscreen
6
CONTINUOUS
10
4.2230395275590551
20
-3.8969296850393702
11
4.2227149212598425
21
-3.897838149606299
0
LINE
8
F.Silkscreen
6
CONTINUOUS
10
4.2227149212598425
20
-3.897838149606299
11
4.2224970472440946
21
-3.8981321653543306
0
LINE
8
F.Silkscreen
6
CONTINUOUS
10
4.2224970472440946
20
-3.8981321653543306
11
4.2223570472440946
21
-3.8984701968503934
0
LINE
8
F.Silkscreen
6
CONTINUOUS
10
4.2223570472440946
20
-3.8984701968503934
11
4.2217450393700791
21
-3.8992159448818895
0
LINE
8
F.Silkscreen
6
CONTINUOUS
10
4.2217450393700791
20
-3.8992159448818895
11
4.2142460236220476
21
-3.9067150393700785
0
LINE
8
F.Silkscreen
6
CONTINUOUS
10
4.2142460236220476
20
-3.9067150393700785
11
4.2138685039370074
21
-3.907024842519685
0
LINE
8
F.Silkscreen
6
CONTINUOUS
10
4.2138685039370074
20
-3.907024842519685
11
4.2137834251968505
21
-3.9071229527559055
0
LINE
8
F.Silkscreen
6
CONTINUOUS
10
4.2137834251968505
20
-3.9071229527559055
11
4.2136354724409451
21
-3.9072160629921258
0
LINE
8
F.Silkscreen
6
CONTINUOUS
10
4.2136354724409451
20
-3.9072160629921258
11
4.2135002755905511
21
-3.9073270472440944
0
LINE
8
F.Silkscreen
6
CONTINUOUS
10
4.2135002755905511
20
-3.9073270472440944
11
4.2133801574803149
21
-3.907376771653543
0
LINE
8
F.Silkscreen
6
CONTINUOUS
10
4.2133801574803149
20
-3.907376771653543
11
4.212967007874016
21
-3.9076368897637797
0
LINE
8
F.Silkscreen
6
CONTINUOUS
10
4.212967007874016
20
-3.9076368897637797
11
4.2054679527559058
21
-3.9113864173228348
0
LINE
8
F.Silkscreen
6
CONTINUOUS
10
4.2054679527559058
20
-3.9113864173228348
11
4.2045669291338585
21
-3.9117312204724408
0
LINE
8
F.Silkscreen
6
CONTINUOUS
10
4.2045669291338585
20
-3.9117312204724408
11
4.2043904724409451
21
-3.9117437401574802
0
LINE
8
F.Silkscreen
6
CONTINUOUS
10
4.2043904724409451
20
-3.9117437401574802
11
4.2042271653543306
21
-3.9118114173228347
0
LINE
8
F.Silkscreen
6
CONTINUOUS
10
4.2042271653543306
20
-3.9118114173228347
11
4.203267086614173
21
-3.9119059842519683
0
LINE
8
F.Silkscreen
6
CONTINUOUS
10
4.203267086614173
20
-3.9119059842519683
11
4.1882689370078738
21
-3.9119059842519683
0
LINE
8
F.Silkscreen
6
CONTINUOUS
10
4.1882689370078738
20
-3.9119059842519683
11
4.1873088582677163
21
-3.9118114173228347
0
LINE
8
F.Silkscreen
6
CONTINUOUS
10
4.1873088582677163
20
-3.9118114173228347
11
4.1871455118110239
21
-3.9117437401574802
0
LINE
8
F.Silkscreen
6
CONTINUOUS
10
4.1871455118110239
20
-3.9117437401574802
11
4.1869690944881892
21
-3.9117312204724408
0
LINE
8
F.Silkscreen
6
CONTINUOUS
10
4.1869690944881892
20
-3.9117312204724408
11
4.1860681102362207
21
-3.9113864566929135
0
LINE
8
F.Silkscreen
6
CONTINUOUS
10
4.1860681102362207
20
-3.9113864566929135
11
4.1785690157480317
21
-3.9076368897637797
0
LINE
8
F.Silkscreen
6
CONTINUOUS
10
4.1785690157480317
20
-3.9076368897637797
11
4.1781558267716532
21
-3.907376771653543
0
LINE
8
F.Silkscreen
6
CONTINUOUS
10
4.1781558267716532
20
-3.907376771653543
11
4.1780357480314958
21
-3.9073270472440944
0
LINE
8
F.Silkscreen
6
CONTINUOUS
10
4.1780357480314958
20
-3.9073270472440944
11
4.177900511811024
21
-3.9072160629921258
0
LINE
8
F.Silkscreen
6
CONTINUOUS
10
4.177900511811024
20
-3.9072160629921258
11
4.1777525984251964
21
-3.9071229527559055
0
LINE
8
F.Silkscreen
6
CONTINUOUS
10
4.1777525984251964
20
-3.9071229527559055
11
4.1776674803149607
21
-3.907024842519685
0
LINE
8
F.Silkscreen
6
CONTINUOUS
10
4.1776674803149607
20
-3.907024842519685
11
4.1772900000000002
21
-3.9067150393700785
0
LINE
8
F.Silkscreen
6
CONTINUOUS
10
4.1772900000000002
20
-3.9067150393700785
11
4.1697909448818899
21
-3.8992159448818895
0
LINE
8
F.Silkscreen
6
CONTINUOUS
10
4.1697909448818899
20
-3.8992159448818895
11
4.1691789370078736
21
-3.8984701968503934
0
LINE
8
F.Silkscreen
6
CONTINUOUS
10
4.1691789370078736
20
-3.8984701968503934
11
4.1690388976377948
21
-3.8981320866141731
0
LINE
8
F.Silkscreen
6
CONTINUOUS
10
4.1690388976377948
20
-3.8981320866141731
11
4.1688211023622044
21
-3.897838149606299
0
LINE
8
F.Silkscreen
6
CONTINUOUS
10
4.1688211023622044
20
-3.897838149606299
11
4.1684964960629918
21
-3.8969296850393702
0
LINE
8
F.Silkscreen
6
CONTINUOUS
10
4.1684964960629918
20
-3.8969296850393702
11
4.1647469685039367
21
-3.8819315748031493
0
LINE
8
F.Silkscreen
6
CONTINUOUS
10
4.1647469685039367
20
-3.8819315748031493
11
4.1647223228346455
21
-3.8817650393700784
0
LINE
8
F.Silkscreen
6
CONTINUOUS
10
4.1647223228346455
20
-3.8817650393700784
11
4.1646946062992125
21
-3.8816980708661415
0
LINE
8
F.Silkscreen
6
CONTINUOUS
10
4.1646946062992125
20
-3.8816980708661415
11
4.1646589763779529
21
-3.8813365748031496
0
LINE
8
F.Silkscreen
6
CONTINUOUS
10
4.1646589763779529
20
-3.8813365748031496
11
4.1646058661417324
21
-3.8809772047244095
0
LINE
8
F.Silkscreen
6
CONTINUOUS
10
4.1646058661417324
20
-3.8809772047244095
11
4.1646165354330709
21
-3.8809054724409449
0
LINE
8
F.Silkscreen
6
CONTINUOUS
10
4.1646165354330709
20
-3.8809054724409449
11
4.1646000393700788
21
-3.8807379921259844
0
LINE
8
F.Silkscreen
6
CONTINUOUS
10
4.1646000393700788
20
-3.8807379921259844
11
4.1646000393700788
21
-3.8544912598425194
0
LINE
8
F.Silkscreen
6
CONTINUOUS
10
4.1646000393700788
20
-3.8544912598425194
11
4.1646165354330709
21
-3.8543237401574801
0
LINE
8
F.Silkscreen
6
CONTINUOUS
10
4.1646165354330709
20
-3.8543237401574801
11
4.1646058661417324
21
-3.8542520472440942
0
LINE
8
F.Silkscreen
6
CONTINUOUS
10
4.1646058661417324
20
-3.8542520472440942
11
4.1646589763779529
21
-3.8538926377952754
0
LINE
8
F.Silkscreen
6
CONTINUOUS
10
4.1646589763779529
20
-3.8538926377952754
11
4.1646946062992125
21
-3.8535311811023623
0
LINE
8
F.Silkscreen
6
CONTINUOUS
10
4.1646946062992125
20
-3.8535311811023623
11
4.1647223228346455
21
-3.8534641732283466
0
LINE
8
F.Silkscreen
6
CONTINUOUS
10
4.1647223228346455
20
-3.8534641732283466
11
4.1647469685039367
21
-3.8532976771653544
0
LINE
8
F.Silkscreen
6
CONTINUOUS
10
4.1647469685039367
20
-3.8532976771653544
11
4.1684964960629918
21
-3.838299566929134
0
LINE
8
F.Silkscreen
6
CONTINUOUS
10
4.1684964960629918
20
-3.838299566929134
11
4.1688211023622044
21
-3.8373911023622047
0
LINE
8
F.Silkscreen
6
CONTINUOUS
10
4.1688211023622044
20
-3.8373911023622047
11
4.1690389370078735
21
-3.8370970472440944
0
LINE
8
F.Silkscreen
6
CONTINUOUS
10
4.1690389370078735
20
-3.8370970472440944
11
4.1691789763779523
21
-3.8367590551181103
0
LINE
8
F.Silkscreen
6
CONTINUOUS
10
4.1691789763779523
20
-3.8367590551181103
11
4.1697909842519687
21
-3.8360133070866143
0
LINE
8
F.Silkscreen
6
CONTINUOUS
10
4.1697909842519687
20
-3.8360133070866143
11
4.1772900393700789
21
-3.8285142125984253
0
LINE
8
F.Silkscreen
6
CONTINUOUS
10
4.1772900393700789
20
-3.8285142125984253
11
4.1776675196850395
21
-3.8282044094488188
0
LINE
8
F.Silkscreen
6
CONTINUOUS
10
4.1776675196850395
20
-3.8282044094488188
11
4.1777525984251964
21
-3.828106338582677
0
LINE
8
F.Silkscreen
6
CONTINUOUS
10
4.1777525984251964
20
-3.828106338582677
11
4.1779004724409452
21
-3.8280132283464567
0
LINE
8
F.Silkscreen
6
CONTINUOUS
10
4.1779004724409452
20
-3.8280132283464567
11
4.1780357874015746
21
-3.8279022047244093
0
LINE
8
F.Silkscreen
6
CONTINUOUS
10
4.1780357874015746
20
-3.8279022047244093
11
4.1781559055118107
21
-3.8278524015748032
0
LINE
8
F.Silkscreen
6
CONTINUOUS
10
4.1781559055118107
20
-3.8278524015748032
11
4.1785690157480317
21
-3.8275924015748028
0
LINE
8
F.Silkscreen
6
CONTINUOUS
10
4.1785690157480317
20
-3.8275924015748028
11
4.1860681102362207
21
-3.823842834645669
0
LINE
8
F.Silkscreen
6
CONTINUOUS
10
4.1860681102362207
20
-3.823842834645669
11
4.1869690944881892
21
-3.8234980708661417
0
LINE
8
F.Silkscreen
6
CONTINUOUS
10
4.1869690944881892
20
-3.8234980708661417
11
4.1871455118110239
21
-3.8234855118110236
0
LINE
8
F.Silkscreen
6
CONTINUOUS
10
4.1871455118110239
20
-3.8234855118110236
11
4.1873088582677163
21
-3.8234178740157478
0
LINE
8
F.Silkscreen
6
CONTINUOUS
10
4.1873088582677163
20
-3.8234178740157478
11
4.1882689370078738
21
-3.8233233070866142
0
LINE
8
F.Silkscreen
6
CONTINUOUS
10
4.1882689370078738
20
-3.8233233070866142
11
4.203267086614173
21
-3.8233233070866142
0
LINE
8
F.Silkscreen
6
CONTINUOUS
10
4.203267086614173
20
-3.8233233070866142
11
4.2042271653543306
21
-3.8234178740157478
0
LINE
8
F.Silkscreen
6
CONTINUOUS
10
4.1836850393700784
20
-3.8360386220472442
11
4.177714527559055
21
-3.8420090944881888
0
LINE
8
F.Silkscreen
6
CONTINUOUS
10
4.177714527559055
20
-3.8420090944881888
11
4.1744425590551177
21
-3.8550971259842517
0
LINE
8
F.Silkscreen
6
CONTINUOUS
10
4.1744425590551177
20
-3.8550971259842517
11
4.1744425590551177
21
-3.8801321259842521
0
LINE
8
F.Silkscreen
6
CONTINUOUS
10
4.1744425590551177
20
-3.8801321259842521
11
4.177714527559055
21
-3.8932201181102362
0
LINE
8
F.Silkscreen
6
CONTINUOUS
10
4.177714527559055
20
-3.8932201181102362
11
4.1836849999999997
21
-3.8991906299212595
0
LINE
8
F.Silkscreen
6
CONTINUOUS
10
4.1836849999999997
20
-3.8991906299212595
11
4.1894306692913386
21
-3.902063464566929
0
LINE
8
F.Silkscreen
6
CONTINUOUS
10
4.1894306692913386
20
-3.902063464566929
11
4.2021053543307083
21
-3.902063464566929
0
LINE
8
F.Silkscreen
6
CONTINUOUS
10
4.2021053543307083
20
-3.902063464566929
11
4.2078509448818897
21
-3.8991906299212595
0
LINE
8
F.Silkscreen
6
CONTINUOUS
10
4.2078509448818897
20
-3.8991906299212595
11
4.2138214566929131
21
-3.8932200787401574
0
LINE
8
F.Silkscreen
6
CONTINUOUS
10
4.2138214566929131
20
-3.8932200787401574
11
4.2170934645669291
21
-3.8801321259842521
0
LINE
8
F.Silkscreen
6
CONTINUOUS
10
4.2170934645669291
20
-3.8801321259842521
11
4.2170934645669291
21
-3.8550971259842517
0
LINE
8
F.Silkscreen
6
CONTINUOUS
10
4.2170934645669291
20
-3.8550971259842517
11
4.2138214566929131
21
-3.8420091338582676
0
LINE
8
F.Silkscreen
6
CONTINUOUS
10
4.2138214566929131
20
-3.8420091338582676
11
4.2078510236220472
21
-3.8360386614173225
0
LINE
8
F.Silkscreen
6
CONTINUOUS
10
4.2078510236220472
20
-3.8360386614173225
11
4.2021053543307083
21
-3.8331658267716535
0
LINE
8
F.Silkscreen
6
CONTINUOUS
10
4.2021053543307083
20
-3.8331658267716535
11
4.1894306692913386
21
-3.8331658267716535
0
LINE
8
F.Silkscreen
6
CONTINUOUS
10
4.1894306692913386
20
-3.8331658267716535
11
4.1836850393700784
21
-3.8360386220472442
0
LINE
8
F.Silkscreen
6
CONTINUOUS
10
4.3429598425196847
20
-3.8234178740157478
11
4.3431231496062992
21
-3.8234855118110236
0
LINE
8
F.Silkscreen
6
CONTINUOUS
10
4.3431231496062992
20
-3.8234855118110236
11
4.3432996062992126
21
-3.8234980708661417
0
LINE
8
F.Silkscreen
6
CONTINUOUS
10
4.3432996062992126
20
-3.8234980708661417
11
4.3442006299212599
21
-3.8238428740157477
0
LINE
8
F.Silkscreen
6
CONTINUOUS
10
4.3442006299212599
20
-3.8238428740157477
11
4.3516996850393701
21
-3.8275924015748028
0
LINE
8
F.Silkscreen
6
CONTINUOUS
10
4.3516996850393701
20
-3.8275924015748028
11
4.3521129133858265
21
-3.8278525196850395
0
LINE
8
F.Silkscreen
6
CONTINUOUS
10
4.3521129133858265
20
-3.8278525196850395
11
4.3522329133858264
21
-3.8279022440944881
0
LINE
8
F.Silkscreen
6
CONTINUOUS
10
4.3522329133858264
20
-3.8279022440944881
11
4.3523679921259841
21
-3.8280131102362205
0
LINE
8
F.Silkscreen
6
CONTINUOUS
10
4.3523679921259841
20
-3.8280131102362205
11
4.3525161023622045
21
-3.828106338582677
0
LINE
8
F.Silkscreen
6
CONTINUOUS
10
4.3525161023622045
20
-3.828106338582677
11
4.3526012598425199
21
-3.828204527559055
0
LINE
8
F.Silkscreen
6
CONTINUOUS
10
4.3526012598425199
20
-3.828204527559055
11
4.3529786614173229
21
-3.828514251968504
0
LINE
8
F.Silkscreen
6
CONTINUOUS
10
4.3529786614173229
20
-3.828514251968504
11
4.356728188976378
21
-3.8322637795275591
0
LINE
8
F.Silkscreen
6
CONTINUOUS
10
4.356728188976378
20
-3.8322637795275591
11
4.3570378740157478
21
-3.8326411417322834
0
LINE
8
F.Silkscreen
6
CONTINUOUS
10
4.3570378740157478
20
-3.8326411417322834
11
4.3571361023622046
21
-3.8327263385826771
0
LINE
8
F.Silkscreen
6
CONTINUOUS
10
4.3571361023622046
20
-3.8327263385826771
11
4.3572292913385828
21
-3.8328744094488187
0
LINE
8
F.Silkscreen
6
CONTINUOUS
10
4.3572292913385828
20
-3.8328744094488187
11
4.3573401968503935
21
-3.8330095275590552
0
LINE
8
F.Silkscreen
6
CONTINUOUS
10
4.3573401968503935
20
-3.8330095275590552
11
4.3573898818897634
21
-3.8331294881889764
0
LINE
8
F.Silkscreen
6
CONTINUOUS
10
4.3573898818897634
20
-3.8331294881889764
11
4.3576500393700783
21
-3.8335427559055115
0
LINE
8
F.Silkscreen
6
CONTINUOUS
10
4.3576500393700783
20
-3.8335427559055115
11
4.3613996062992122
21
-3.8410418503937005
0
LINE
8
F.Silkscreen
6
CONTINUOUS
10
4.3613996062992122
20
-3.8410418503937005
11
4.3617443700787399
21
-3.841942834645669
0
LINE
8
F.Silkscreen
6
CONTINUOUS
10
4.3617443700787399
20
-3.841942834645669
11
4.3617568897637797
21
-3.8421192519685037
0
LINE
8
F.Silkscreen
6
CONTINUOUS
10
4.3617568897637797
20
-3.8421192519685037
11
4.3618245669291333
21
-3.8422825984251969
0
LINE
8
F.Silkscreen
6
CONTINUOUS
10
4.3618245669291333
20
-3.8422825984251969
11
4.3619191338582679
21
-3.8432426771653541
0
LINE
8
F.Silkscreen
6
CONTINUOUS
10
4.3619191338582679
20
-3.8432426771653541
11
4.3619191338582679
21
-3.8507417322834643
0
LINE
8
F.Silkscreen
6
CONTINUOUS
10
4.3619191338582679
20
-3.8507417322834643
11
4.3618712598425198
21
-3.8512276771653542
0
LINE
8
F.Silkscreen
6
CONTINUOUS
10
4.3618712598425198
20
-3.8512276771653542
11
4.3618804724409443
21
-3.8513572440944883
0
LINE
8
F.Silkscreen
6
CONTINUOUS
10
4.3618804724409443
20
-3.8513572440944883
11
4.3618416929133854
21
-3.8515276771653544
0
LINE
8
F.Silkscreen
6
CONTINUOUS
10
4.3618416929133854
20
-3.8515276771653544
11
4.3618245669291333
21
-3.8517018110236219
0
LINE
8
F.Silkscreen
6
CONTINUOUS
10
4.3618245669291333
20
-3.8517018110236219
11
4.361774803149606
21
-3.851821929133858
0
LINE
8
F.Silkscreen
6
CONTINUOUS
10
4.361774803149606
20
-3.851821929133858
11
4.3616665748031496
21
-3.8522979527559054
0
LINE
8
F.Silkscreen
6
CONTINUOUS
10
4.3616665748031496
20
-3.8522979527559054
11
4.3579170472440945
21
-3.8635465354330707
0
LINE
8
F.Silkscreen
6
CONTINUOUS
10
4.3579170472440945
20
-3.8635465354330707
11
4.3575237401574798
21
-3.864427440944882
0
LINE
8
F.Silkscreen
6
CONTINUOUS
10
4.3575237401574798
20
-3.864427440944882
11
4.3574079133858268
21
-3.8645609448818896
0
LINE
8
F.Silkscreen
6
CONTINUOUS
10
4.3574079133858268
20
-3.8645609448818896
11
4.3573402362204723
21
-3.8647244094488187
0
LINE
8
F.Silkscreen
6
CONTINUOUS
10
4.3573402362204723
20
-3.8647244094488187
11
4.3567282283464568
21
-3.8654701574803148
0
LINE
8
F.Silkscreen
6
CONTINUOUS
10
4.3567282283464568
20
-3.8654701574803148
11
4.3201349212598421
21
-3.902063464566929
0
LINE
8
F.Silkscreen
6
CONTINUOUS
10
4.3201349212598421
20
-3.902063464566929
11
4.3569978740157476
21
-3.902063464566929
0
LINE
8
F.Silkscreen
6
CONTINUOUS
10
4.3569978740157476
20
-3.902063464566929
11
4.3579579527559051
21
-3.9021580314960631
0
LINE
8
F.Silkscreen
6
CONTINUOUS
10
4.3579579527559051
20
-3.9021580314960631
11
4.3597319685039366
21
-3.9028928346456691
0
LINE
8
F.Silkscreen
6
CONTINUOUS
10
4.3597319685039366
20
-3.9028928346456691
11
4.3610897637795274
21
-3.9042506299212598
0
LINE
8
F.Silkscreen
6
CONTINUOUS
10
4.3610897637795274
20
-3.9042506299212598
11
4.3618245669291333
21
-3.9060246456692913
0
LINE
8
F.Silkscreen
6
CONTINUOUS
10
4.3618245669291333
20
-3.9060246456692913
11
4.3618245669291333
21
-3.907944803149606
0
LINE
8
F.Silkscreen
6
CONTINUOUS
10
4.3618245669291333
20
-3.907944803149606
11
4.3610897637795274
21
-3.9097188188976375
0
LINE
8
F.Silkscreen
6
CONTINUOUS
10
4.3610897637795274
20
-3.9097188188976375
11
4.3597319685039366
21
-3.9110766141732283
0
LINE
8
F.Silkscreen
6
CONTINUOUS
10
4.3597319685039366
20
-3.9110766141732283
11
4.3579579527559051
21
-3.9118114173228347
0
LINE
8
F.Silkscreen
6
CONTINUOUS
10
4.3579579527559051
20
-3.9118114173228347
11
4.3569978740157476
21
-3.9119059842519683
0
LINE
8
F.Silkscreen
6
CONTINUOUS
10
4.3569978740157476
20
-3.9119059842519683
11
4.3082539763779524
21
-3.9119059842519683
0
LINE
8
F.Silkscreen
6
CONTINUOUS
10
4.3082539763779524
20
-3.9119059842519683
11
4.3072938976377948
21
-3.9118114173228347
0
LINE
8
F.Silkscreen
6
CONTINUOUS
10
4.3072938976377948
20
-3.9118114173228347
11
4.307293858267716
21
-3.9118114173228347
0
LINE
8
F.Silkscreen
6
CONTINUOUS
10
4.307293858267716
20
-3.9118114173228347
11
4.3067742519685037
21
-3.9115961811023623
0
LINE
8
F.Silkscreen
6
CONTINUOUS
10
4.3067742519685037
20
-3.9115961811023623
11
4.3055198818897633
21
-3.9110766141732283
0
LINE
8
F.Silkscreen
6
CONTINUOUS
10
4.3055198818897633
20
-3.9110766141732283
11
4.3041620866141734
21
-3.9097188188976375
0
LINE
8
F.Silkscreen
6
CONTINUOUS
10
4.3041620866141734
20
-3.9097188188976375
11
4.3036424803149602
21
-3.9084644094488188
0
LINE
8
F.Silkscreen
6
CONTINUOUS
10
4.3036424803149602
20
-3.9084644094488188
11
4.3034272834645666
21
-3.9079448425196848
0
LINE
8
F.Silkscreen
6
CONTINUOUS
10
4.3034272834645666
20
-3.9079448425196848
11
4.3034272834645666
21
-3.9060246062992126
0
LINE
8
F.Silkscreen
6
CONTINUOUS
10
4.3034272834645666
20
-3.9060246062992126
11
4.3036424803149602
21
-3.9055049999999998
0
LINE
8
F.Silkscreen
6
CONTINUOUS
10
4.3036424803149602
20
-3.9055049999999998
11
4.3041620866141734
21
-3.9042506299212598
0
LINE
8
F.Silkscreen
6
CONTINUOUS
10
4.3041620866141734
20
-3.9042506299212598
11
4.3041622834645672
21
-3.9042503937007873
0
LINE
8
F.Silkscreen
6
CONTINUOUS
10
4.3041622834645672
20
-3.9042503937007873
11
4.3047741338582677
21
-3.9035048818897637
0
LINE
8
F.Silkscreen
6
CONTINUOUS
10
4.3047741338582677
20
-3.9035048818897637
11
4.348947007874016
21
-3.8593318897637796
0
LINE
8
F.Silkscreen
6
CONTINUOUS
10
4.348947007874016
20
-3.8593318897637796
11
4.3520766141732281
21
-3.8499431889763778
0
LINE
8
F.Silkscreen
6
CONTINUOUS
10
4.3520766141732281
20
-3.8499431889763778
11
4.3520766141732281
21
-3.8444044094488188
0
LINE
8
F.Silkscreen
6
CONTINUOUS
10
4.3520766141732281
20
-3.8444044094488188
11
4.3492037795275591
21
-3.8386587401574803
0
LINE
8
F.Silkscreen
6
CONTINUOUS
10
4.3492037795275591
20
-3.8386587401574803
11
4.3465837007874013
21
-3.8360386614173225
0
LINE
8
F.Silkscreen
6
CONTINUOUS
10
4.3465837007874013
20
-3.8360386614173225
11
4.3408380314960633
21
-3.8331658267716535
0
LINE
8
F.Silkscreen
6
CONTINUOUS
10
4.3408380314960633
20
-3.8331658267716535
11
4.3244138188976375
21
-3.8331658267716535
0
LINE
8
F.Silkscreen
6
CONTINUOUS
10
4.3244138188976375
20
-3.8331658267716535
11
4.3186681496062995
21
-3.8360386614173225
0
LINE
8
F.Silkscreen
6
CONTINUOUS
10
4.3186681496062995
20
-3.8360386614173225
11
4.3154833464566931
21
-3.839223464566929
0
LINE
8
F.Silkscreen
6
CONTINUOUS
10
4.3154833464566931
20
-3.839223464566929
11
4.3147375984251966
21
-3.8398354724409449
0
LINE
8
F.Silkscreen
6
CONTINUOUS
10
4.3147375984251966
20
-3.8398354724409449
11
4.3129636220472438
21
-3.8405703149606296
0
LINE
8
F.Silkscreen
6
CONTINUOUS
10
4.3129636220472438
20
-3.8405703149606296
11
4.3110433858267712
21
-3.8405703149606296
0
LINE
8
F.Silkscreen
6
CONTINUOUS
10
4.3110433858267712
20
-3.8405703149606296
11
4.3092694094488184
21
-3.8398354724409449
0
LINE
8
F.Silkscreen
6
CONTINUOUS
10
4.3092694094488184
20
-3.8398354724409449
11
4.3079116535433073
21
-3.8384777165354329
0
LINE
8
F.Silkscreen
6
CONTINUOUS
10
4.3079116535433073
20
-3.8384777165354329
11
4.3071768110236217
21
-3.8367037401574802
0
LINE
8
F.Silkscreen
6
CONTINUOUS
10
4.3071768110236217
20
-3.8367037401574802
11
4.3071768110236217
21
-3.834783503937008
0
LINE
8
F.Silkscreen
6
CONTINUOUS
10
4.3071768110236217
20
-3.834783503937008
11
4.3079116535433073
21
-3.8330095275590552
0
LINE
8
F.Silkscreen
6
CONTINUOUS
10
4.3079116535433073
20
-3.8330095275590552
11
4.3085236614173228
21
-3.8322637795275591
0
LINE
8
F.Silkscreen
6
CONTINUOUS
10
4.3085236614173228
20
-3.8322637795275591
11
4.3122731889763779
21
-3.828514251968504
0
LINE
8
F.Silkscreen
6
CONTINUOUS
10
4.3122731889763779
20
-3.828514251968504
11
4.3126505511811022
21
-3.828204527559055
0
LINE
8
F.Silkscreen
6
CONTINUOUS
10
4.3126505511811022
20
-3.828204527559055
11
4.3127357480314963
21
-3.828106338582677
0
LINE
8
F.Silkscreen
6
CONTINUOUS
10
4.3127357480314963
20
-3.828106338582677
11
4.3128838188976379
21
-3.8280131102362205
0
LINE
8
F.Silkscreen
6
CONTINUOUS
10
4.3128838188976379
20
-3.8280131102362205
11
4.3130189370078735
21
-3.8279022440944881
0
LINE
8
F.Silkscreen
6
CONTINUOUS
10
4.3130189370078735
20
-3.8279022440944881
11
4.3131388976377956
21
-3.8278525196850395
0
LINE
8
F.Silkscreen
6
CONTINUOUS
10
4.3131388976377956
20
-3.8278525196850395
11
4.3135521653543307
21
-3.8275924015748028
0
LINE
8
F.Silkscreen
6
CONTINUOUS
10
4.3135521653543307
20
-3.8275924015748028
11
4.3210512598425197
21
-3.823842834645669
0
LINE
8
F.Silkscreen
6
CONTINUOUS
10
4.3210512598425197
20
-3.823842834645669
11
4.3219522440944882
21
-3.8234980708661417
0
LINE
8
F.Silkscreen
6
CONTINUOUS
10
4.3219522440944882
20
-3.8234980708661417
11
4.3221286614173229
21
-3.8234855118110236
0
LINE
8
F.Silkscreen
6
CONTINUOUS
10
4.3221286614173229
20
-3.8234855118110236
11
4.3222920078740152
21
-3.8234178740157478
0
LINE
8
F.Silkscreen
6
CONTINUOUS
10
4.3222920078740152
20
-3.8234178740157478
11
4.3232520866141728
21
-3.8233233070866142
0
LINE
8
F.Silkscreen
6
CONTINUOUS
10
4.3232520866141728
20
-3.8233233070866142
11
4.3419997637795271
21
-3.8233233070866142
0
LINE
8
F.Silkscreen
6
CONTINUOUS
10
4.3419997637795271
20
-3.8233233070866142
11
4.3429598425196847
21
-3.8234178740157478
0
LINE
8
F.Silkscreen
6
CONTINUOUS
10
4.1254870078740158
20
-3.8234178740157478
11
4.1256503149606294
21
-3.8234855118110236
0
LINE
8
F.Silkscreen
6
CONTINUOUS
10
4.1256503149606294
20
-3.8234855118110236
11
4.1258267716535428
21
-3.8234980708661417
0
LINE
8
F.Silkscreen
6
CONTINUOUS
10
4.1258267716535428
20
-3.8234980708661417
11
4.1267277952755901
21
-3.8238428740157477
0
LINE
8
F.Silkscreen
6
CONTINUOUS
10
4.1267277952755901
20
-3.8238428740157477
11
4.1342268503937003
21
-3.8275924015748028
0
LINE
8
F.Silkscreen
6
CONTINUOUS
10
4.1342268503937003
20
-3.8275924015748028
11
4.1346400787401576
21
-3.8278525196850395
0
LINE
8
F.Silkscreen
6
CONTINUOUS
10
4.1346400787401576
20
-3.8278525196850395
11
4.1347600787401575
21
-3.8279022440944881
0
LINE
8
F.Silkscreen
6
CONTINUOUS
10
4.1347600787401575
20
-3.8279022440944881
11
4.1348951574803152
21
-3.8280131102362205
0
LINE
8
F.Silkscreen
6
CONTINUOUS
10
4.1348951574803152
20
-3.8280131102362205
11
4.1350432677165356
21
-3.828106338582677
0
LINE
8
F.Silkscreen
6
CONTINUOUS
10
4.1350432677165356
20
-3.828106338582677
11
4.1351284251968501
21
-3.828204527559055
0
LINE
8
F.Silkscreen
6
CONTINUOUS
10
4.1351284251968501
20
-3.828204527559055
11
4.1355058267716531
21
-3.828514251968504
0
LINE
8
F.Silkscreen
6
CONTINUOUS
10
4.1355058267716531
20
-3.828514251968504
11
4.1392553543307082
21
-3.8322637795275591
0
LINE
8
F.Silkscreen
6
CONTINUOUS
10
4.1392553543307082
20
-3.8322637795275591
11
4.1395650393700789
21
-3.8326411417322834
0
LINE
8
F.Silkscreen
6
CONTINUOUS
10
4.1395650393700789
20
-3.8326411417322834
11
4.1396632677165357
21
-3.8327263385826771
0
LINE
8
F.Silkscreen
6
CONTINUOUS
10
4.1396632677165357
20
-3.8327263385826771
11
4.139756456692913
21
-3.8328744094488187
0
LINE
8
F.Silkscreen
6
CONTINUOUS
10
4.139756456692913
20
-3.8328744094488187
11
4.1398673622047246
21
-3.8330095275590552
0
LINE
8
F.Silkscreen
6
CONTINUOUS
10
4.1398673622047246
20
-3.8330095275590552
11
4.1399170472440945
21
-3.8331294881889764
0
LINE
8
F.Silkscreen
6
CONTINUOUS
10
4.1399170472440945
20
-3.8331294881889764
11
4.1401772047244094
21
-3.8335427559055115
0
LINE
8
F.Silkscreen
6
CONTINUOUS
10
4.1401772047244094
20
-3.8335427559055115
11
4.1439267716535433
21
-3.8410418503937005
0
LINE
8
F.Silkscreen
6
CONTINUOUS
10
4.1439267716535433
20
-3.8410418503937005
11
4.144271535433071
21
-3.841942834645669
0
LINE
8
F.Silkscreen
6
CONTINUOUS
10
4.144271535433071
20
-3.841942834645669
11
4.1442840551181099
21
-3.8421192519685037
0
LINE
8
F.Silkscreen
6
CONTINUOUS
10
4.1442840551181099
20
-3.8421192519685037
11
4.1443517322834644
21
-3.8422825984251969
0
LINE
8
F.Silkscreen
6
CONTINUOUS
10
4.1443517322834644
20
-3.8422825984251969
11
4.1444462992125981
21
-3.8432426771653541
0
LINE
8
F.Silkscreen
6
CONTINUOUS
10
4.1444462992125981
20
-3.8432426771653541
11
4.1444462992125981
21
-3.8544912598425194
0
LINE
8
F.Silkscreen
6
CONTINUOUS
10
4.1444462992125981
20
-3.8544912598425194
11
4.1443517322834644
21
-3.855451338582677
0
LINE
8
F.Silkscreen
6
CONTINUOUS
10
4.1443517322834644
20
-3.855451338582677
11
4.1442840551181099
21
-3.8556146456692915
0
LINE
8
F.Silkscreen
6
CONTINUOUS
10
4.1442840551181099
20
-3.8556146456692915
11
4.144271535433071
21
-3.8557911023622045
0
LINE
8
F.Silkscreen
6
CONTINUOUS
10
4.144271535433071
20
-3.8557911023622045
11
4.1439267716535433
21
-3.856692086614173
0
LINE
8
F.Silkscreen
6
CONTINUOUS
10
4.1439267716535433
20
-3.856692086614173
11
4.1401772047244094
21
-3.8641911811023619
0
LINE
8
F.Silkscreen
6
CONTINUOUS
10
4.1401772047244094
20
-3.8641911811023619
11
4.1399171653543307
21
-3.8646042519685038
0
LINE
8
F.Silkscreen
6
CONTINUOUS
10
4.1399171653543307
20
-3.8646042519685038
11
4.1398674015748034
21
-3.8647244094488187
0
LINE
8
F.Silkscreen
6
CONTINUOUS
10
4.1398674015748034
20
-3.8647244094488187
11
4.1397563385826768
21
-3.8648596850393702
0
LINE
8
F.Silkscreen
6
CONTINUOUS
10
4.1397563385826768
20
-3.8648596850393702
11
4.1396632677165357
21
-3.8650075984251968
0
LINE
8
F.Silkscreen
6
CONTINUOUS
10
4.1396632677165357
20
-3.8650075984251968
11
4.1395651574803152
21
-3.8650926377952755
0
LINE
8
F.Silkscreen
6
CONTINUOUS
10
4.1395651574803152
20
-3.8650926377952755
11
4.139255393700787
21
-3.8654701574803148
0
LINE
8
F.Silkscreen
6
CONTINUOUS
10
4.139255393700787
20
-3.8654701574803148
11
4.1355058661417319
21
-3.8692197244094486
0
LINE
8
F.Silkscreen
6
CONTINUOUS
10
4.1355058661417319
20
-3.8692197244094486
11
4.1351283464566926
21
-3.8695295275590551
0
LINE
8
F.Silkscreen
6
CONTINUOUS
10
4.1351283464566926
20
-3.8695295275590551
11
4.1350432677165356
21
-3.8696276377952756
0
LINE
8
F.Silkscreen
6
CONTINUOUS
10
4.1350432677165356
20
-3.8696276377952756
11
4.1348953149606302
21
-3.8697207480314959
0
LINE
8
F.Silkscreen
6
CONTINUOUS
10
4.1348953149606302
20
-3.8697207480314959
11
4.1347601181102362
21
-3.8698317322834646
0
LINE
8
F.Silkscreen
6
CONTINUOUS
10
4.1347601181102362
20
-3.8698317322834646
11
4.1346400000000001
21
-3.8698814566929132
0
LINE
8
F.Silkscreen
6
CONTINUOUS
10
4.1346400000000001
20
-3.8698814566929132
11
4.1342268503937003
21
-3.8701415748031494
0
LINE
8
F.Silkscreen
6
CONTINUOUS
10
4.1342268503937003
20
-3.8701415748031494
11
4.1267277952755901
21
-3.8738911023622045
0
LINE
8
F.Silkscreen
6
CONTINUOUS
10
4.1267277952755901
20
-3.8738911023622045
11
4.1258267716535428
21
-3.874235905511811
0
LINE
8
F.Silkscreen
6
CONTINUOUS
10
4.1258267716535428
20
-3.874235905511811
11
4.1256503149606294
21
-3.8742484251968503
0
LINE
8
F.Silkscreen
6
CONTINUOUS
10
4.1256503149606294
20
-3.8742484251968503
11
4.1254870078740158
21
-3.8743161023622048
0
LINE
8
F.Silkscreen
6
CONTINUOUS
10
4.1254870078740158
20
-3.8743161023622048
11
4.1245269291338582
21
-3.8744106692913385
0
LINE
8
F.Silkscreen
6
CONTINUOUS
10
4.1245269291338582
20
-3.8744106692913385
11
4.099451929133858
21
-3.8744106692913385
0
LINE
8
F.Silkscreen
6
CONTINUOUS
10
4.099451929133858
20
-3.8744106692913385
11
4.099451929133858
21
-3.9069847244094489
0
LINE
8
F.Silkscreen
6
CONTINUOUS
10
4.099451929133858
20
-3.9069847244094489
11
4.0993573622047244
21
-3.907944803149606
0
LINE
8
F.Silkscreen
6
CONTINUOUS
10
4.0993573622047244
20
-3.907944803149606
11
4.0986225590551184
21
-3.9097188188976375
0
LINE
8
F.Silkscreen
6
CONTINUOUS
10
4.0986225590551184
20
-3.9097188188976375
11
4.0972647637795276
21
-3.9110766141732283
0
LINE
8
F.Silkscreen
6
CONTINUOUS
10
4.0972647637795276
20
-3.9110766141732283
11
4.0954907480314962
21
-3.9118114173228347
0
LINE
8
F.Silkscreen
6
CONTINUOUS
10
4.0954907480314962
20
-3.9118114173228347
11
4.093570590551181
21
-3.9118114173228347
0
LINE
8
F.Silkscreen
6
CONTINUOUS
10
4.093570590551181
20
-3.9118114173228347
11
4.0917965748031495
21
-3.9110766141732283
0
LINE
8
F.Silkscreen
6
CONTINUOUS
10
4.0917965748031495
20
-3.9110766141732283
11
4.0904387795275587
21
-3.9097188188976375
0
LINE
8
F.Silkscreen
6
CONTINUOUS
10
4.0904387795275587
20
-3.9097188188976375
11
4.0897039763779528
21
-3.907944803149606
0
LINE
8
F.Silkscreen
6
CONTINUOUS
10
4.0897039763779528
20
-3.907944803149606
11
4.0896094094488191
21
-3.9069847244094489
0
LINE
8
F.Silkscreen
6
CONTINUOUS
10
4.0896094094488191
20
-3.9069847244094489
11
4.0896094094488191
21
-3.8282445669291336
0
LINE
8
F.Silkscreen
6
CONTINUOUS
10
4.0896094094488191
20
-3.8282445669291336
11
4.0897039763779528
21
-3.8272844881889765
0
LINE
8
F.Silkscreen
6
CONTINUOUS
10
4.0897039763779528
20
-3.8272844881889765
11
4.0904387795275587
21
-3.825510472440945
0
LINE
8
F.Silkscreen
6
CONTINUOUS
10
4.0904387795275587
20
-3.825510472440945
11
4.0917965748031495
21
-3.8241526771653542
0
LINE
8
F.Silkscreen
6
CONTINUOUS
10
4.0917965748031495
20
-3.8241526771653542
11
4.093570590551181
21
-3.8234178740157478
0
LINE
8
F.Silkscreen
6
CONTINUOUS
10
4.093570590551181
20
-3.8234178740157478
11
4.0945306692913386
21
-3.8233233070866142
0
LINE
8
F.Silkscreen
6
CONTINUOUS
10
4.0945306692913386
20
-3.8233233070866142
11
4.1245269291338582
21
-3.8233233070866142
0
LINE
8
F.Silkscreen
6
CONTINUOUS
10
4.1245269291338582
20
-3.8233233070866142
11
4.1254870078740158
21
-3.8234178740157478
0
LINE
8
F.Silkscreen
6
CONTINUOUS
10
4.099451929133858
20
-3.8645681496062991
11
4.1233651968503935
21
-3.8645681496062991
0
LINE
8
F.Silkscreen
6
CONTINUOUS
10
4.1233651968503935
20
-3.8645681496062991
11
4.1291107874015749
21
-3.8616953149606297
0
LINE
8
F.Silkscreen
6
CONTINUOUS
10
4.1291107874015749
20
-3.8616953149606297
11
4.1317309448818893
21
-3.8590751181102361
0
LINE
8
F.Silkscreen
6
CONTINUOUS
10
4.1317309448818893
20
-3.8590751181102361
11
4.1346037795275592
21
-3.8533295275590551
0
LINE
8
F.Silkscreen
6
CONTINUOUS
10
4.1346037795275592
20
-3.8533295275590551
11
4.1346037795275592
21
-3.8444044094488188
0
LINE
8
F.Silkscreen
6
CONTINUOUS
10
4.1346037795275592
20
-3.8444044094488188
11
4.1317309448818893
21
-3.8386587401574803
0
LINE
8
F.Silkscreen
6
CONTINUOUS
10
4.1317309448818893
20
-3.8386587401574803
11
4.1291108661417324
21
-3.8360386614173225
0
LINE
8
F.Silkscreen
6
CONTINUOUS
10
4.1291108661417324
20
-3.8360386614173225
11
4.1233651968503935
21
-3.8331658267716535
0
LINE
8
F.Silkscreen
6
CONTINUOUS
10
4.1233651968503935
20
-3.8331658267716535
11
4.099451929133858
21
-3.8331658267716535
0
LINE
8
F.Silkscreen
6
CONTINUOUS
10
4.099451929133858
20
-3.8331658267716535
11
4.099451929133858
21
-3.8645681496062991
0
LINE
8
F.Silkscreen
6
CONTINUOUS
10
4.2904663779527556
20
-3.8234178740157478
11
4.2922403937007871
21
-3.8241526771653542
0
LINE
8
F.Silkscreen
6
CONTINUOUS
10
4.2922403937007871
20
-3.8241526771653542
11
4.2935981889763779
21
-3.825510472440945
0
LINE
8
F.Silkscreen
6
CONTINUOUS
10
4.2935981889763779
20
-3.825510472440945
11
4.2943329921259838
21
-3.8272844881889765
0
LINE
8
F.Silkscreen
6
CONTINUOUS
10
4.2943329921259838
20
-3.8272844881889765
11
4.2943329921259838
21
-3.8292046456692912
0
LINE
8
F.Silkscreen
6
CONTINUOUS
10
4.2943329921259838
20
-3.8292046456692912
11
4.2935981889763779
21
-3.8309786614173227
0
LINE
8
F.Silkscreen
6
CONTINUOUS
10
4.2935981889763779
20
-3.8309786614173227
11
4.2922403937007871
21
-3.8323364566929135
0
LINE
8
F.Silkscreen
6
CONTINUOUS
10
4.2922403937007871
20
-3.8323364566929135
11
4.2904663779527556
21
-3.8330712598425194
0
LINE
8
F.Silkscreen
6
CONTINUOUS
10
4.2904663779527556
20
-3.8330712598425194
11
4.2895062992125981
21
-3.8331658267716535
0
LINE
8
F.Silkscreen
6
CONTINUOUS
10
4.2895062992125981
20
-3.8331658267716535
11
4.271930354330709
21
-3.8331658267716535
0
LINE
8
F.Silkscreen
6
CONTINUOUS
10
4.271930354330709
20
-3.8331658267716535
11
4.271930354330709
21
-3.9069847244094489
0
LINE
8
F.Silkscreen
6
CONTINUOUS
10
4.271930354330709
20
-3.9069847244094489
11
4.2718357874015744
21
-3.907944803149606
0
LINE
8
F.Silkscreen
6
CONTINUOUS
10
4.2718357874015744
20
-3.907944803149606
11
4.2711009842519685
21
-3.9097188188976375
0
LINE
8
F.Silkscreen
6
CONTINUOUS
10
4.2711009842519685
20
-3.9097188188976375
11
4.2697431889763777
21
-3.9110766141732283
0
LINE
8
F.Silkscreen
6
CONTINUOUS
10
4.2697431889763777
20
-3.9110766141732283
11
4.2679691732283462
21
-3.9118114173228347
0
LINE
8
F.Silkscreen
6
CONTINUOUS
10
4.2679691732283462
20
-3.9118114173228347
11
4.2660490157480311
21
-3.9118114173228347
0
LINE
8
F.Silkscreen
6
CONTINUOUS
10
4.2660490157480311
20
-3.9118114173228347
11
4.2642749999999996
21
-3.9110766141732283
0
LINE
8
F.Silkscreen
6
CONTINUOUS
10
4.2642749999999996
20
-3.9110766141732283
11
4.2629172047244097
21
-3.9097188188976375
0
LINE
8
F.Silkscreen
6
CONTINUOUS
10
4.2629172047244097
20
-3.9097188188976375
11
4.2621824015748029
21
-3.907944803149606
0
LINE
8
F.Silkscreen
6
CONTINUOUS
10
4.2621824015748029
20
-3.907944803149606
11
4.2620878346456692
21
-3.9069847244094489
0
LINE
8
F.Silkscreen
6
CONTINUOUS
10
4.2620878346456692
20
-3.9069847244094489
11
4.2620878346456692
21
-3.8331658267716535
0
LINE
8
F.Silkscreen
6
CONTINUOUS
10
4.2620878346456692
20
-3.8331658267716535
11
4.244511929133858
21
-3.8331658267716535
0
LINE
8
F.Silkscreen
6
CONTINUOUS
10
4.244511929133858
20
-3.8331658267716535
11
4.2435518503937004
21
-3.8330712598425194
0
LINE
8
F.Silkscreen
6
CONTINUOUS
10
4.2435518503937004
20
-3.8330712598425194
11
4.2417778346456689
21
-3.8323364566929135
0
LINE
8
F.Silkscreen
6
CONTINUOUS
10
4.2417778346456689
20
-3.8323364566929135
11
4.2404200393700791
21
-3.8309786614173227
0
LINE
8
F.Silkscreen
6
CONTINUOUS
10
4.2404200393700791
20
-3.8309786614173227
11
4.2396852362204722
21
-3.8292046456692912
0
LINE
8
F.Silkscreen
6
CONTINUOUS
10
4.2396852362204722
20
-3.8292046456692912
11
4.2396852362204722
21
-3.8272844881889765
0
LINE
8
F.Silkscreen
6
CONTINUOUS
10
4.2396852362204722
20
-3.8272844881889765
11
4.2404200393700791
21
-3.825510472440945
0
LINE
8
F.Silkscreen
6
CONTINUOUS
10
4.2404200393700791
20
-3.825510472440945
11
4.2417778346456689
21
-3.8241526771653542
0
LINE
8
F.Silkscreen
6
CONTINUOUS
10
4.2417778346456689
20
-3.8241526771653542
11
4.2435518503937004
21
-3.8234178740157478
0
LINE
8
F.Silkscreen
6
CONTINUOUS
10
4.2435518503937004
20
-3.8234178740157478
11
4.244511929133858
21
-3.8233233070866142
0
LINE
8
F.Silkscreen
6
CONTINUOUS
10
4.244511929133858
20
-3.8233233070866142
11
4.2895062992125981
21
-3.8233233070866142
0
LINE
8
F.Silkscreen
6
CONTINUOUS
10
4.2895062992125981
20
-3.8233233070866142
11
4.2904663779527556
21
-3.8234178740157478
0
LINE
8
F.Silkscreen
6
CONTINUOUS
10
4.8067197637795278
20
-3.5665286614173226
11
4.806849330708661
21
-3.5665194881889764
0
LINE
8
F.Silkscreen
6
CONTINUOUS
10
4.806849330708661
20
-3.5665194881889764
11
4.8070197637795271
21
-3.5665582283464565
0
LINE
8
F.Silkscreen
6
CONTINUOUS
10
4.8070197637795271
20
-3.5665582283464565
11
4.807193897637795
21
-3.5665753937007874
0
LINE
8
F.Silkscreen
6
CONTINUOUS
10
4.807193897637795
20
-3.5665753937007874
11
4.8073140157480312
21
-3.566625118110236
0
LINE
8
F.Silkscreen
6
CONTINUOUS
10
4.8073140157480312
20
-3.566625118110236
11
4.8077900393700785
21
-3.5667333858267716
0
LINE
8
F.Silkscreen
6
CONTINUOUS
10
4.8077900393700785
20
-3.5667333858267716
11
4.8190386220472439
21
-3.5704829133858267
0
LINE
8
F.Silkscreen
6
CONTINUOUS
10
4.8190386220472439
20
-3.5704829133858267
11
4.8199195275590547
21
-3.5708762204724409
0
LINE
8
F.Silkscreen
6
CONTINUOUS
10
4.8199195275590547
20
-3.5708762204724409
11
4.8213701574803149
21
-3.5721342913385827
0
LINE
8
F.Silkscreen
6
CONTINUOUS
10
4.8213701574803149
20
-3.5721342913385827
11
4.8222288976377952
21
-3.5738518110236219
0
LINE
8
F.Silkscreen
6
CONTINUOUS
10
4.8222288976377952
20
-3.5738518110236219
11
4.8223649999999996
21
-3.5757671259842518
0
LINE
8
F.Silkscreen
6
CONTINUOUS
10
4.8223649999999996
20
-3.5757671259842518
11
4.8217577952755901
21
-3.5775887401574802
0
LINE
8
F.Silkscreen
6
CONTINUOUS
10
4.8217577952755901
20
-3.5775887401574802
11
4.8204997244094487
21
-3.57903937007874
0
LINE
8
F.Silkscreen
6
CONTINUOUS
10
4.8204997244094487
20
-3.57903937007874
11
4.8187822047244095
21
-3.5798981102362202
0
LINE
8
F.Silkscreen
6
CONTINUOUS
10
4.8187822047244095
20
-3.5798981102362202
11
4.8168668897637792
21
-3.580034212598425
0
LINE
8
F.Silkscreen
6
CONTINUOUS
10
4.8168668897637792
20
-3.580034212598425
11
4.8159261811023617
21
-3.5798203149606298
0
LINE
8
F.Silkscreen
6
CONTINUOUS
10
4.8159261811023617
20
-3.5798203149606298
11
4.8054352755905514
21
-3.576323346456693
0
LINE
8
F.Silkscreen
6
CONTINUOUS
10
4.8054352755905514
20
-3.576323346456693
11
4.7886478740157479
21
-3.576323346456693
0
LINE
8
F.Silkscreen
6
CONTINUOUS
10
4.7886478740157479
20
-3.576323346456693
11
4.782902204724409
21
-3.579196181102362
0
LINE
8
F.Silkscreen
6
CONTINUOUS
10
4.782902204724409
20
-3.579196181102362
11
4.7802821259842521
21
-3.5818162204724411
0
LINE
8
F.Silkscreen
6
CONTINUOUS
10
4.7802821259842521
20
-3.5818162204724411
11
4.7774092913385822
21
-3.5875619291338583
0
LINE
8
F.Silkscreen
6
CONTINUOUS
10
4.7774092913385822
20
-3.5875619291338583
11
4.7774092913385822
21
-3.5927374803149608
0
LINE
8
F.Silkscreen
6
CONTINUOUS
10
4.7774092913385822
20
-3.5927374803149608
11
4.7802821259842521
21
-3.598483188976378
0
LINE
8
F.Silkscreen
6
CONTINUOUS
10
4.7802821259842521
20
-3.598483188976378
11
4.782902204724409
21
-3.6011032677165353
0
LINE
8
F.Silkscreen
6
CONTINUOUS
10
4.782902204724409
20
-3.6011032677165353
11
4.7892037401574798
21
-3.6042540551181101
0
LINE
8
F.Silkscreen
6
CONTINUOUS
10
4.7892037401574798
20
-3.6042540551181101
11
4.8036778740157482
21
-3.6078725984251969
0
LINE
8
F.Silkscreen
6
CONTINUOUS
10
4.8036778740157482
20
-3.6078725984251969
11
4.8037487007874011
21
-3.6078979133858269
0
LINE
8
F.Silkscreen
6
CONTINUOUS
10
4.8037487007874011
20
-3.6078979133858269
11
4.8037841338582679
21
-3.6079004330708662
0
LINE
8
F.Silkscreen
6
CONTINUOUS
10
4.8037841338582679
20
-3.6079004330708662
11
4.8041835826771653
21
-3.6080532677165356
0
LINE
8
F.Silkscreen
6
CONTINUOUS
10
4.8041835826771653
20
-3.6080532677165356
11
4.804586338582677
21
-3.6081972047244095
0
LINE
8
F.Silkscreen
6
CONTINUOUS
10
4.804586338582677
20
-3.6081972047244095
11
4.8046148425196851
21
-3.6082183070866143
0
LINE
8
F.Silkscreen
6
CONTINUOUS
10
4.8046148425196851
20
-3.6082183070866143
11
4.8046851574803151
21
-3.6082452362204722
0
LINE
8
F.Silkscreen
6
CONTINUOUS
10
4.8046851574803151
20
-3.6082452362204722
11
4.8121842125984253
21
-3.6119947637795273
0
LINE
8
F.Silkscreen
6
CONTINUOUS
10
4.8121842125984253
20
-3.6119947637795273
11
4.8125974409448817
21
-3.6122548818897635
0
LINE
8
F.Silkscreen
6
CONTINUOUS
10
4.8125974409448817
20
-3.6122548818897635
11
4.8127174409448816
21
-3.6123046062992126
0
LINE
8
F.Silkscreen
6
CONTINUOUS
10
4.8127174409448816
20
-3.6123046062992126
11
4.8128525196850394
21
-3.612415472440945
0
LINE
8
F.Silkscreen
6
CONTINUOUS
10
4.8128525196850394
20
-3.612415472440945
11
4.8130006299212598
21
-3.6125087007874015
0
LINE
8
F.Silkscreen
6
CONTINUOUS
10
4.8130006299212598
20
-3.6125087007874015
11
4.8130857874015751
21
-3.6126068897637795
0
LINE
8
F.Silkscreen
6
CONTINUOUS
10
4.8130857874015751
20
-3.6126068897637795
11
4.8134631889763781
21
-3.6129166141732281
0
LINE
8
F.Silkscreen
6
CONTINUOUS
10
4.8134631889763781
20
-3.6129166141732281
11
4.8172127165354333
21
-3.6166661417322832
0
LINE
8
F.Silkscreen
6
CONTINUOUS
10
4.8172127165354333
20
-3.6166661417322832
11
4.817522401574803
21
-3.6170435039370079
0
LINE
8
F.Silkscreen
6
CONTINUOUS
10
4.817522401574803
20
-3.6170435039370079
11
4.8176206299212598
21
-3.6171287007874016
0
LINE
8
F.Silkscreen
6
CONTINUOUS
10
4.8176206299212598
20
-3.6171287007874016
11
4.8177138188976381
21
-3.6172767716535432
0
LINE
8
F.Silkscreen
6
CONTINUOUS
10
4.8177138188976381
20
-3.6172767716535432
11
4.8178247244094488
21
-3.6174118897637793
0
LINE
8
F.Silkscreen
6
CONTINUOUS
10
4.8178247244094488
20
-3.6174118897637793
11
4.8178744094488186
21
-3.6175318503937008
0
LINE
8
F.Silkscreen
6
CONTINUOUS
10
4.8178744094488186
20
-3.6175318503937008
11
4.8181345669291336
21
-3.617945118110236
0
LINE
8
F.Silkscreen
6
CONTINUOUS
10
4.8181345669291336
20
-3.617945118110236
11
4.8218841338582674
21
-3.625444212598425
0
LINE
8
F.Silkscreen
6
CONTINUOUS
10
4.8218841338582674
20
-3.625444212598425
11
4.8222288976377952
21
-3.6263451968503935
0
LINE
8
F.Silkscreen
6
CONTINUOUS
10
4.8222288976377952
20
-3.6263451968503935
11
4.822241417322835
21
-3.6265216141732282
0
LINE
8
F.Silkscreen
6
CONTINUOUS
10
4.822241417322835
20
-3.6265216141732282
11
4.8223090944881886
21
-3.626684960629921
0
LINE
8
F.Silkscreen
6
CONTINUOUS
10
4.8223090944881886
20
-3.626684960629921
11
4.8224036614173231
21
-3.6276450393700785
0
LINE
8
F.Silkscreen
6
CONTINUOUS
10
4.8224036614173231
20
-3.6276450393700785
11
4.8224036614173231
21
-3.6351440944881888
0
LINE
8
F.Silkscreen
6
CONTINUOUS
10
4.8224036614173231
20
-3.6351440944881888
11
4.8223090944881886
21
-3.6361041732283463
0
LINE
8
F.Silkscreen
6
CONTINUOUS
10
4.8223090944881886
20
-3.6361041732283463
11
4.822241417322835
21
-3.6362674803149604
0
LINE
8
F.Silkscreen
6
CONTINUOUS
10
4.822241417322835
20
-3.6362674803149604
11
4.8222288976377952
21
-3.6364439370078738
0
LINE
8
F.Silkscreen
6
CONTINUOUS
10
4.8222288976377952
20
-3.6364439370078738
11
4.8218841338582674
21
-3.6373449212598423
0
LINE
8
F.Silkscreen
6
CONTINUOUS
10
4.8218841338582674
20
-3.6373449212598423
11
4.8181345669291336
21
-3.6448440157480313
0
LINE
8
F.Silkscreen
6
CONTINUOUS
10
4.8181345669291336
20
-3.6448440157480313
11
4.8178745275590549
21
-3.6452570866141731
0
LINE
8
F.Silkscreen
6
CONTINUOUS
10
4.8178745275590549
20
-3.6452570866141731
11
4.8178247637795275
21
-3.645377244094488
0
LINE
8
F.Silkscreen
6
CONTINUOUS
10
4.8178247637795275
20
-3.645377244094488
11
4.8177137007874018
21
-3.6455125196850391
0
LINE
8
F.Silkscreen
6
CONTINUOUS
10
4.8177137007874018
20
-3.6455125196850391
11
4.8176206299212598
21
-3.6456604330708662
0
LINE
8
F.Silkscreen
6
CONTINUOUS
10
4.8176206299212598
20
-3.6456604330708662
11
4.8175225196850393
21
-3.6457454724409448
0
LINE
8
F.Silkscreen
6
CONTINUOUS
10
4.8175225196850393
20
-3.6457454724409448
11
4.817212755905512
21
-3.6461229921259841
0
LINE
8
F.Silkscreen
6
CONTINUOUS
10
4.817212755905512
20
-3.6461229921259841
11
4.8134632283464569
21
-3.649872559055118
0
LINE
8
F.Silkscreen
6
CONTINUOUS
10
4.8134632283464569
20
-3.649872559055118
11
4.8130857086614176
21
-3.6501823622047245
0
LINE
8
F.Silkscreen
6
CONTINUOUS
10
4.8130857086614176
20
-3.6501823622047245
11
4.8130006299212598
21
-3.650280472440945
0
LINE
8
F.Silkscreen
6
CONTINUOUS
10
4.8130006299212598
20
-3.650280472440945
11
4.8128526771653544
21
-3.6503735826771653
0
LINE
8
F.Silkscreen
6
CONTINUOUS
10
4.8128526771653544
20
-3.6503735826771653
11
4.8127174803149604
21
-3.6504845669291339
0
LINE
8
F.Silkscreen
6
CONTINUOUS
10
4.8127174803149604
20
-3.6504845669291339
11
4.8125973622047242
21
-3.6505342913385825
0
LINE
8
F.Silkscreen
6
CONTINUOUS
10
4.8125973622047242
20
-3.6505342913385825
11
4.8121842125984253
21
-3.6507944094488187
0
LINE
8
F.Silkscreen
6
CONTINUOUS
10
4.8121842125984253
20
-3.6507944094488187
11
4.8046851574803151
21
-3.6545439370078738
0
LINE
8
F.Silkscreen
6
CONTINUOUS
10
4.8046851574803151
20
-3.6545439370078738
11
4.8037841338582679
21
-3.6548887401574803
0
LINE
8
F.Silkscreen
6
CONTINUOUS
10
4.8037841338582679
20
-3.6548887401574803
11
4.8036076771653544
21
-3.6549012598425197
0
LINE
8
F.Silkscreen
6
CONTINUOUS
10
4.8036076771653544
20
-3.6549012598425197
11
4.8034443700787399
21
-3.6549689370078737
0
LINE
8
F.Silkscreen
6
CONTINUOUS
10
4.8034443700787399
20
-3.6549689370078737
11
4.8024842913385823
21
-3.6550635039370079
0
LINE
8
F.Silkscreen
6
CONTINUOUS
10
4.8024842913385823
20
-3.6550635039370079
11
4.783736614173228
21
-3.6550635039370079
0
LINE
8
F.Silkscreen
6
CONTINUOUS
10
4.783736614173228
20
-3.6550635039370079
11
4.7832506299212598
21
-3.6550156299212597
0
LINE
8
F.Silkscreen
6
CONTINUOUS
10
4.7832506299212598
20
-3.6550156299212597
11
4.7831211023622044
21
-3.6550248425196847
0
LINE
8
F.Silkscreen
6
CONTINUOUS
10
4.7831211023622044
20
-3.6550248425196847
11
4.7829506299212596
21
-3.6549860629921258
0
LINE
8
F.Silkscreen
6
CONTINUOUS
10
4.7829506299212596
20
-3.6549860629921258
11
4.7827765354330705
21
-3.6549689370078737
0
LINE
8
F.Silkscreen
6
CONTINUOUS
10
4.7827765354330705
20
-3.6549689370078737
11
4.7826563779527556
21
-3.6549191732283464
0
LINE
8
F.Silkscreen
6
CONTINUOUS
10
4.7826563779527556
20
-3.6549191732283464
11
4.782180393700787
21
-3.6548109448818895
0
LINE
8
F.Silkscreen
6
CONTINUOUS
10
4.782180393700787
20
-3.6548109448818895
11
4.7709318110236216
21
-3.6510614173228344
0
LINE
8
F.Silkscreen
6
CONTINUOUS
10
4.7709318110236216
20
-3.6510614173228344
11
4.7700509055118108
21
-3.6506681102362202
0
LINE
8
F.Silkscreen
6
CONTINUOUS
10
4.7700509055118108
20
-3.6506681102362202
11
4.7686002755905514
21
-3.6494100393700788
0
LINE
8
F.Silkscreen
6
CONTINUOUS
10
4.7686002755905514
20
-3.6494100393700788
11
4.7677415354330703
21
-3.6476925196850392
0
LINE
8
F.Silkscreen
6
CONTINUOUS
10
4.7677415354330703
20
-3.6476925196850392
11
4.7676054330708659
21
-3.6457772047244092
0
LINE
8
F.Silkscreen
6
CONTINUOUS
10
4.7676054330708659
20
-3.6457772047244092
11
4.7682126377952754
21
-3.6439555905511809
0
LINE
8
F.Silkscreen
6
CONTINUOUS
10
4.7682126377952754
20
-3.6439555905511809
11
4.7694707086614176
21
-3.6425049606299211
0
LINE
8
F.Silkscreen
6
CONTINUOUS
10
4.7694707086614176
20
-3.6425049606299211
11
4.7711882283464568
21
-3.6416462204724409
0
LINE
8
F.Silkscreen
6
CONTINUOUS
10
4.7711882283464568
20
-3.6416462204724409
11
4.7731035433070863
21
-3.6415101181102361
0
LINE
8
F.Silkscreen
6
CONTINUOUS
10
4.7731035433070863
20
-3.6415101181102361
11
4.7740442519685038
21
-3.6417240157480313
0
LINE
8
F.Silkscreen
6
CONTINUOUS
10
4.7740442519685038
20
-3.6417240157480313
11
4.784535157480315
21
-3.6452209842519685
0
LINE
8
F.Silkscreen
6
CONTINUOUS
10
4.784535157480315
20
-3.6452209842519685
11
4.8013225590551176
21
-3.6452209842519685
0
LINE
8
F.Silkscreen
6
CONTINUOUS
10
4.8013225590551176
20
-3.6452209842519685
11
4.807068149606299
21
-3.642348149606299
0
LINE
8
F.Silkscreen
6
CONTINUOUS
10
4.807068149606299
20
-3.642348149606299
11
4.8096883070866143
21
-3.6397279527559054
0
LINE
8
F.Silkscreen
6
CONTINUOUS
10
4.8096883070866143
20
-3.6397279527559054
11
4.8125611417322833
21
-3.6339823622047245
0
LINE
8
F.Silkscreen
6
CONTINUOUS
10
4.8125611417322833
20
-3.6339823622047245
11
4.8125611417322833
21
-3.6288067716535433
0
LINE
8
F.Silkscreen
6
CONTINUOUS
10
4.8125611417322833
20
-3.6288067716535433
11
4.8096883070866143
21
-3.6230611023622048
0
LINE
8
F.Silkscreen
6
CONTINUOUS
10
4.8096883070866143
20
-3.6230611023622048
11
4.8070682283464565
21
-3.620441023622047
0
LINE
8
F.Silkscreen
6
CONTINUOUS
10
4.8070682283464565
20
-3.620441023622047
11
4.8007666535433069
21
-3.6172902362204722
0
LINE
8
F.Silkscreen
6
CONTINUOUS
10
4.8007666535433069
20
-3.6172902362204722
11
4.7862925590551182
21
-3.6136717322834646
0
LINE
8
F.Silkscreen
6
CONTINUOUS
10
4.7862925590551182
20
-3.6136717322834646
11
4.7862216929133856
21
-3.6136464173228346
0
LINE
8
F.Silkscreen
6
CONTINUOUS
10
4.7862216929133856
20
-3.6136464173228346
11
4.7861862598425198
21
-3.6136438976377954
0
LINE
8
F.Silkscreen
6
CONTINUOUS
10
4.7861862598425198
20
-3.6136438976377954
11
4.7857864566929136
21
-3.613490905511811
0
LINE
8
F.Silkscreen
6
CONTINUOUS
10
4.7857864566929136
20
-3.613490905511811
11
4.7853840944881885
21
-3.613347125984252
0
LINE
8
F.Silkscreen
6
CONTINUOUS
10
4.7853840944881885
20
-3.613347125984252
11
4.7853555511811026
21
-3.6133259842519685
0
LINE
8
F.Silkscreen
6
CONTINUOUS
10
4.7853555511811026
20
-3.6133259842519685
11
4.7852852755905513
21
-3.6132990944881889
0
LINE
8
F.Silkscreen
6
CONTINUOUS
10
4.7852852755905513
20
-3.6132990944881889
11
4.7777862204724411
21
-3.609549527559055
0
LINE
8
F.Silkscreen
6
CONTINUOUS
10
4.7777862204724411
20
-3.609549527559055
11
4.777372952755905
21
-3.6092893700787401
0
LINE
8
F.Silkscreen
6
CONTINUOUS
10
4.777372952755905
20
-3.6092893700787401
11
4.7772529921259839
21
-3.6092396850393702
0
LINE
8
F.Silkscreen
6
CONTINUOUS
10
4.7772529921259839
20
-3.6092396850393702
11
4.7771178740157483
21
-3.6091287795275591
0
LINE
8
F.Silkscreen
6
CONTINUOUS
10
4.7771178740157483
20
-3.6091287795275591
11
4.7769698031496066
21
-3.6090355905511808
0
LINE
8
F.Silkscreen
6
CONTINUOUS
10
4.7769698031496066
20
-3.6090355905511808
11
4.7768846062992125
21
-3.6089373622047245
0
LINE
8
F.Silkscreen
6
CONTINUOUS
10
4.7768846062992125
20
-3.6089373622047245
11
4.7765072440944882
21
-3.6086276771653543
0
LINE
8
F.Silkscreen
6
CONTINUOUS
10
4.7765072440944882
20
-3.6086276771653543
11
4.7727577165354331
21
-3.6048781496062992
0
LINE
8
F.Silkscreen
6
CONTINUOUS
10
4.7727577165354331
20
-3.6048781496062992
11
4.7724479921259846
21
-3.6045007480314961
0
LINE
8
F.Silkscreen
6
CONTINUOUS
10
4.7724479921259846
20
-3.6045007480314961
11
4.7723498031496066
21
-3.6044155905511812
0
LINE
8
F.Silkscreen
6
CONTINUOUS
10
4.7723498031496066
20
-3.6044155905511812
11
4.7722565748031496
21
-3.6042674803149604
0
LINE
8
F.Silkscreen
6
CONTINUOUS
10
4.7722565748031496
20
-3.6042674803149604
11
4.7721457086614176
21
-3.6041324015748031
0
LINE
8
F.Silkscreen
6
CONTINUOUS
10
4.7721457086614176
20
-3.6041324015748031
11
4.7720959842519681
21
-3.6040124015748032
0
LINE
8
F.Silkscreen
6
CONTINUOUS
10
4.7720959842519681
20
-3.6040124015748032
11
4.7718358661417319
21
-3.6035991732283463
0
LINE
8
F.Silkscreen
6
CONTINUOUS
10
4.7718358661417319
20
-3.6035991732283463
11
4.7680863385826768
21
-3.5961001181102361
0
LINE
8
F.Silkscreen
6
CONTINUOUS
10
4.7680863385826768
20
-3.5961001181102361
11
4.7677415354330703
21
-3.5951990944881889
0
LINE
8
F.Silkscreen
6
CONTINUOUS
10
4.7677415354330703
20
-3.5951990944881889
11
4.7677289763779527
21
-3.5950226377952754
0
LINE
8
F.Silkscreen
6
CONTINUOUS
10
4.7677289763779527
20
-3.5950226377952754
11
4.7676613385826769
21
-3.5948593307086614
0
LINE
8
F.Silkscreen
6
CONTINUOUS
10
4.7676613385826769
20
-3.5948593307086614
11
4.7675667716535433
21
-3.5938992519685038
0
LINE
8
F.Silkscreen
6
CONTINUOUS
10
4.7675667716535433
20
-3.5938992519685038
11
4.7675667716535433
21
-3.5864001968503936
0
LINE
8
F.Silkscreen
6
CONTINUOUS
10
4.7675667716535433
20
-3.5864001968503936
11
4.7676613385826769
21
-3.585440118110236
0
LINE
8
F.Silkscreen
6
CONTINUOUS
10
4.7676613385826769
20
-3.585440118110236
11
4.7677289763779527
21
-3.5852767716535432
0
LINE
8
F.Silkscreen
6
CONTINUOUS
10
4.7677289763779527
20
-3.5852767716535432
11
4.7677415354330703
21
-3.5851003543307085
0
LINE
8
F.Silkscreen
6
CONTINUOUS
10
4.7677415354330703
20
-3.5851003543307085
11
4.7680863385826768
21
-3.5841993307086613
0
LINE
8
F.Silkscreen
6
CONTINUOUS
10
4.7680863385826768
20
-3.5841993307086613
11
4.7718358661417319
21
-3.576700275590551
0
LINE
8
F.Silkscreen
6
CONTINUOUS
10
4.7718358661417319
20
-3.576700275590551
11
4.7720959842519681
21
-3.5762870078740159
0
LINE
8
F.Silkscreen
6
CONTINUOUS
10
4.7720959842519681
20
-3.5762870078740159
11
4.7721457086614176
21
-3.5761670472440943
0
LINE
8
F.Silkscreen
6
CONTINUOUS
10
4.7721457086614176
20
-3.5761670472440943
11
4.7722565748031496
21
-3.5760319291338583
0
LINE
8
F.Silkscreen
6
CONTINUOUS
10
4.7722565748031496
20
-3.5760319291338583
11
4.7723498031496066
21
-3.5758838582677166
0
LINE
8
F.Silkscreen
6
CONTINUOUS
10
4.7723498031496066
20
-3.5758838582677166
11
4.7724479921259846
21
-3.5757986614173229
0
LINE
8
F.Silkscreen
6
CONTINUOUS
10
4.7724479921259846
20
-3.5757986614173229
11
4.7727577165354331
21
-3.5754212992125982
0
LINE
8
F.Silkscreen
6
CONTINUOUS
10
4.7727577165354331
20
-3.5754212992125982
11
4.7765072440944882
21
-3.5716717716535431
0
LINE
8
F.Silkscreen
6
CONTINUOUS
10
4.7765072440944882
20
-3.5716717716535431
11
4.7768846062992125
21
-3.5713620472440946
0
LINE
8
F.Silkscreen
6
CONTINUOUS
10
4.7768846062992125
20
-3.5713620472440946
11
4.7769698031496066
21
-3.5712638582677165
0
LINE
8
F.Silkscreen
6
CONTINUOUS
10
4.7769698031496066
20
-3.5712638582677165
11
4.7771178740157483
21
-3.5711706299212596
0
LINE
8
F.Silkscreen
6
CONTINUOUS
10
4.7771178740157483
20
-3.5711706299212596
11
4.7772529921259839
21
-3.5710597637795276
0
LINE
8
F.Silkscreen
6
CONTINUOUS
10
4.7772529921259839
20
-3.5710597637795276
11
4.777372952755905
21
-3.5710100393700785
0
LINE
8
F.Silkscreen
6
CONTINUOUS
10
4.777372952755905
20
-3.5710100393700785
11
4.7777862204724411
21
-3.5707499212598424
0
LINE
8
F.Silkscreen
6
CONTINUOUS
10
4.7777862204724411
20
-3.5707499212598424
11
4.78528531496063
21
-3.5670003543307085
0
LINE
8
F.Silkscreen
6
CONTINUOUS
10
4.78528531496063
20
-3.5670003543307085
11
4.7861862992125985
21
-3.5666555905511812
0
LINE
8
F.Silkscreen
6
CONTINUOUS
10
4.7861862992125985
20
-3.5666555905511812
11
4.7863627165354332
21
-3.5666430314960631
0
LINE
8
F.Silkscreen
6
CONTINUOUS
10
4.7863627165354332
20
-3.5666430314960631
11
4.7865260629921256
21
-3.5665753937007874
0
LINE
8
F.Silkscreen
6
CONTINUOUS
10
4.7865260629921256
20
-3.5665753937007874
11
4.7874861417322832
21
-3.5664808267716537
0
LINE
8
F.Silkscreen
6
CONTINUOUS
10
4.7874861417322832
20
-3.5664808267716537
11
4.8062338188976375
21
-3.5664808267716537
0
LINE
8
F.Silkscreen
6
CONTINUOUS
10
4.8062338188976375
20
-3.5664808267716537
11
4.8067197637795278
21
-3.5665286614173226
0
LINE
8
F.Silkscreen
6
CONTINUOUS
10
4.9604374015748034
20
-3.5665753937007874
11
4.9609246456692908
21
-3.5665753937007874
0
LINE
8
F.Silkscreen
6
CONTINUOUS
10
4.9609246456692908
20
-3.5665753937007874
11
4.9613701968503934
21
-3.5667599212598424
0
LINE
8
F.Silkscreen
6
CONTINUOUS
10
4.9613701968503934
20
-3.5667599212598424
11
4.9618430708661414
21
-3.5668535039370077
0
LINE
8
F.Silkscreen
6
CONTINUOUS
10
4.9618430708661414
20
-3.5668535039370077
11
4.9622482677165349
21
-3.567123622047244
0
LINE
8
F.Silkscreen
6
CONTINUOUS
10
4.9622482677165349
20
-3.567123622047244
11
4.9626986614173223
21
-3.5673101968503937
0
LINE
8
F.Silkscreen
6
CONTINUOUS
10
4.9626986614173223
20
-3.5673101968503937
11
4.9630397637795278
21
-3.5676512992125984
0
LINE
8
F.Silkscreen
6
CONTINUOUS
10
4.9630397637795278
20
-3.5676512992125984
11
4.9634407480314957
21
-3.5679186220472441
0
LINE
8
F.Silkscreen
6
CONTINUOUS
10
4.9634407480314957
20
-3.5679186220472441
11
4.9637117716535428
21
-3.5683233070866143
0
LINE
8
F.Silkscreen
6
CONTINUOUS
10
4.9637117716535428
20
-3.5683233070866143
11
4.9640564566929131
21
-3.5686679921259841
0
LINE
8
F.Silkscreen
6
CONTINUOUS
10
4.9640564566929131
20
-3.5686679921259841
11
4.9642409448818894
21
-3.5691134645669291
0
LINE
8
F.Silkscreen
6
CONTINUOUS
10
4.9642409448818894
20
-3.5691134645669291
11
4.9645092519685035
21
-3.5695140551181104
0
LINE
8
F.Silkscreen
6
CONTINUOUS
10
4.9645092519685035
20
-3.5695140551181104
11
4.9646048031496059
21
-3.5699918503937007
0
LINE
8
F.Silkscreen
6
CONTINUOUS
10
4.9646048031496059
20
-3.5699918503937007
11
4.9647912598425199
21
-3.5704420078740156
0
LINE
8
F.Silkscreen
6
CONTINUOUS
10
4.9647912598425199
20
-3.5704420078740156
11
4.964884803149606
21
-3.5713919685039368
0
LINE
8
F.Silkscreen
6
CONTINUOUS
10
4.964884803149606
20
-3.5713919685039368
11
4.9648858267716536
21
-3.5713969685039371
0
LINE
8
F.Silkscreen
6
CONTINUOUS
10
4.9648858267716536
20
-3.5713969685039371
11
4.9648854724409448
21
-3.5713986614173225
0
LINE
8
F.Silkscreen
6
CONTINUOUS
10
4.9648854724409448
20
-3.5713986614173225
11
4.9648858267716536
21
-3.5714020866141731
0
LINE
8
F.Silkscreen
6
CONTINUOUS
10
4.9648858267716536
20
-3.5714020866141731
11
4.9648858267716536
21
-3.6452209842519685
0
LINE
8
F.Silkscreen
6
CONTINUOUS
10
4.9648858267716536
20
-3.6452209842519685
11
4.9824617716535435
21
-3.6452209842519685
0
LINE
8
F.Silkscreen
6
CONTINUOUS
10
4.9824617716535435
20
-3.6452209842519685
11
4.9834218503937011
21
-3.6453155511811022
0
LINE
8
F.Silkscreen
6
CONTINUOUS
10
4.9834218503937011
20
-3.6453155511811022
11
4.9851958661417326
21
-3.6460503543307086
0
LINE
8
F.Silkscreen
6
CONTINUOUS
10
4.9851958661417326
20
-3.6460503543307086
11
4.9865536614173225
21
-3.6474081496062993
0
LINE
8
F.Silkscreen
6
CONTINUOUS
10
4.9865536614173225
20
-3.6474081496062993
11
4.9872884645669293
21
-3.6491821653543308
0
LINE
8
F.Silkscreen
6
CONTINUOUS
10
4.9872884645669293
20
-3.6491821653543308
11
4.9872884645669293
21
-3.6511023228346455
0
LINE
8
F.Silkscreen
6
CONTINUOUS
10
4.9872884645669293
20
-3.6511023228346455
11
4.9865536614173225
21
-3.652876338582677
0
LINE
8
F.Silkscreen
6
CONTINUOUS
10
4.9865536614173225
20
-3.652876338582677
11
4.9851958661417326
21
-3.6542341338582678
0
LINE
8
F.Silkscreen
6
CONTINUOUS
10
4.9851958661417326
20
-3.6542341338582678
11
4.9834218503937011
21
-3.6549689370078737
0
LINE
8
F.Silkscreen
6
CONTINUOUS
10
4.9834218503937011
20
-3.6549689370078737
11
4.9824617716535435
21
-3.6550635039370079
0
LINE
8
F.Silkscreen
6
CONTINUOUS
10
4.9824617716535435
20
-3.6550635039370079
11
4.9374674015748035
21
-3.6550635039370079
0
LINE
8
F.Silkscreen
6
CONTINUOUS
10
4.9374674015748035
20
-3.6550635039370079
11
4.9365073228346459
21
-3.6549689370078737
0
LINE
8
F.Silkscreen
6
CONTINUOUS
10
4.9365073228346459
20
-3.6549689370078737
11
4.9347333070866144
21
-3.6542341338582678
0
LINE
8
F.Silkscreen
6
CONTINUOUS
10
4.9347333070866144
20
-3.6542341338582678
11
4.9333755118110236
21
-3.652876338582677
0
LINE
8
F.Silkscreen
6
CONTINUOUS
10
4.9333755118110236
20
-3.652876338582677
11
4.9326407086614168
21
-3.6511023228346455
0
LINE
8
F.Silkscreen
6
CONTINUOUS
10
4.9326407086614168
20
-3.6511023228346455
11
4.9326407086614168
21
-3.6491821653543308
0
LINE
8
F.Silkscreen
6
CONTINUOUS
10
4.9326407086614168
20
-3.6491821653543308
11
4.9333755118110236
21
-3.6474081496062993
0
LINE
8
F.Silkscreen
6
CONTINUOUS
10
4.9333755118110236
20
-3.6474081496062993
11
4.9347333070866144
21
-3.6460503543307086
0
LINE
8
F.Silkscreen
6
CONTINUOUS
10
4.9347333070866144
20
-3.6460503543307086
11
4.9365073228346459
21
-3.6453155511811022
0
LINE
8
F.Silkscreen
6
CONTINUOUS
10
4.9365073228346459
20
-3.6453155511811022
11
4.9374674015748035
21
-3.6452209842519685
0
LINE
8
F.Silkscreen
6
CONTINUOUS
10
4.9374674015748035
20
-3.6452209842519685
11
4.9550433070866138
21
-3.6452209842519685
0
LINE
8
F.Silkscreen
6
CONTINUOUS
10
4.9550433070866138
20
-3.6452209842519685
11
4.9550433070866138
21
-3.587032559055118
0
LINE
8
F.Silkscreen
6
CONTINUOUS
10
4.9550433070866138
20
-3.587032559055118
11
4.9484462992125984
21
-3.5936295669291338
0
LINE
8
F.Silkscreen
6
CONTINUOUS
10
4.9484462992125984
20
-3.5936295669291338
11
4.9480688976377953
21
-3.5939392519685041
0
LINE
8
F.Silkscreen
6
CONTINUOUS
10
4.9480688976377953
20
-3.5939392519685041
11
4.94798374015748
21
-3.5940374803149604
0
LINE
8
F.Silkscreen
6
CONTINUOUS
10
4.94798374015748
20
-3.5940374803149604
11
4.9478356299212596
21
-3.5941306692913386
0
LINE
8
F.Silkscreen
6
CONTINUOUS
10
4.9478356299212596
20
-3.5941306692913386
11
4.9477005511811019
21
-3.5942415748031493
0
LINE
8
F.Silkscreen
6
CONTINUOUS
10
4.9477005511811019
20
-3.5942415748031493
11
4.947580551181102
21
-3.5942912598425196
0
LINE
8
F.Silkscreen
6
CONTINUOUS
10
4.947580551181102
20
-3.5942912598425196
11
4.9471673228346456
21
-3.5945514173228346
0
LINE
8
F.Silkscreen
6
CONTINUOUS
10
4.9471673228346456
20
-3.5945514173228346
11
4.9396682677165353
21
-3.5983009448818897
0
LINE
8
F.Silkscreen
6
CONTINUOUS
10
4.9396682677165353
20
-3.5983009448818897
11
4.9387672440944881
21
-3.5986457480314962
0
LINE
8
F.Silkscreen
6
CONTINUOUS
10
4.9387672440944881
20
-3.5986457480314962
11
4.936851889763779
21
-3.5987818897637793
0
LINE
8
F.Silkscreen
6
CONTINUOUS
10
4.936851889763779
20
-3.5987818897637793
11
4.9350302362204728
21
-3.5981746456692911
0
LINE
8
F.Silkscreen
6
CONTINUOUS
10
4.9350302362204728
20
-3.5981746456692911
11
4.9335796456692913
21
-3.596916535433071
0
LINE
8
F.Silkscreen
6
CONTINUOUS
10
4.9335796456692913
20
-3.596916535433071
11
4.9327209055118111
21
-3.5951990944881889
0
LINE
8
F.Silkscreen
6
CONTINUOUS
10
4.9327209055118111
20
-3.5951990944881889
11
4.932584763779527
21
-3.5932837401574802
0
LINE
8
F.Silkscreen
6
CONTINUOUS
10
4.932584763779527
20
-3.5932837401574802
11
4.9331920078740152
21
-3.5914620866141731
0
LINE
8
F.Silkscreen
6
CONTINUOUS
10
4.9331920078740152
20
-3.5914620866141731
11
4.9344501181102363
21
-3.5900114960629921
0
LINE
8
F.Silkscreen
6
CONTINUOUS
10
4.9344501181102363
20
-3.5900114960629921
11
4.9352665354330707
21
-3.5894975590551179
0
LINE
8
F.Silkscreen
6
CONTINUOUS
10
4.9352665354330707
20
-3.5894975590551179
11
4.9420513385826768
21
-3.5861051181102361
0
LINE
8
F.Silkscreen
6
CONTINUOUS
10
4.9420513385826768
20
-3.5861051181102361
11
4.9486410629921256
21
-3.5795153543307086
0
LINE
8
F.Silkscreen
6
CONTINUOUS
10
4.9486410629921256
20
-3.5795153543307086
11
4.9558698031496062
21
-3.5686722834645668
0
LINE
8
F.Silkscreen
6
CONTINUOUS
10
4.9558698031496062
20
-3.5686722834645668
11
4.9558720078740155
21
-3.5686695669291337
0
LINE
8
F.Silkscreen
6
CONTINUOUS
10
4.9558720078740155
20
-3.5686695669291337
11
4.9558726771653543
21
-3.5686679921259841
0
LINE
8
F.Silkscreen
6
CONTINUOUS
10
4.9558726771653543
20
-3.5686679921259841
11
4.9558761811023624
21
-3.5686644488188977
0
LINE
8
F.Silkscreen
6
CONTINUOUS
10
4.9558761811023624
20
-3.5686644488188977
11
4.9564810629921254
21
-3.5679259055118111
0
LINE
8
F.Silkscreen
6
CONTINUOUS
10
4.9564810629921254
20
-3.5679259055118111
11
4.9568858267716536
21
-3.567654803149606
0
LINE
8
F.Silkscreen
6
CONTINUOUS
10
4.9568858267716536
20
-3.567654803149606
11
4.9572304724409451
21
-3.5673101968503937
0
LINE
8
F.Silkscreen
6
CONTINUOUS
10
4.9572304724409451
20
-3.5673101968503937
11
4.957675984251968
21
-3.5671256299212599
0
LINE
8
F.Silkscreen
6
CONTINUOUS
10
4.957675984251968
20
-3.5671256299212599
11
4.9580764960629917
21
-3.5668574409448817
0
LINE
8
F.Silkscreen
6
CONTINUOUS
10
4.9580764960629917
20
-3.5668574409448817
11
4.9585542519685042
21
-3.5667618503937009
0
LINE
8
F.Silkscreen
6
CONTINUOUS
10
4.9585542519685042
20
-3.5667618503937009
11
4.9590044881889765
21
-3.5665753937007874
0
LINE
8
F.Silkscreen
6
CONTINUOUS
10
4.9590044881889765
20
-3.5665753937007874
11
4.9594866141732279
21
-3.5665753937007874
0
LINE
8
F.Silkscreen
6
CONTINUOUS
10
4.9594866141732279
20
-3.5665753937007874
11
4.9599594094488184
21
-3.5664808267716537
0
LINE
8
F.Silkscreen
6
CONTINUOUS
10
4.9599594094488184
20
-3.5664808267716537
11
4.9604374015748034
21
-3.5665753937007874
0
LINE
8
F.Silkscreen
6
CONTINUOUS
10
4.9132726377952753
20
-3.5669290157480313
11
4.9148282283464564
21
-3.5680547637795277
0
LINE
8
F.Silkscreen
6
CONTINUOUS
10
4.9148282283464564
20
-3.5680547637795277
11
4.9158346062992129
21
-3.5696901181102363
0
LINE
8
F.Silkscreen
6
CONTINUOUS
10
4.9158346062992129
20
-3.5696901181102363
11
4.9161385039370078
21
-3.5715860629921261
0
LINE
8
F.Silkscreen
6
CONTINUOUS
10
4.9161385039370078
20
-3.5715860629921261
11
4.9160081496062995
21
-3.5725419685039368
0
LINE
8
F.Silkscreen
6
CONTINUOUS
10
4.9160081496062995
20
-3.5725419685039368
11
4.8972604724409452
21
-3.6512821259842521
0
LINE
8
F.Silkscreen
6
CONTINUOUS
10
4.8972604724409452
20
-3.6512821259842521
11
4.8971468897637793
21
-3.6516115748031495
0
LINE
8
F.Silkscreen
6
CONTINUOUS
10
4.8971468897637793
20
-3.6516115748031495
11
4.8971312204724411
21
-3.6517296850393701
0
LINE
8
F.Silkscreen
6
CONTINUOUS
10
4.8971312204724411
20
-3.6517296850393701
11
4.8970693700787402
21
-3.6518364566929131
0
LINE
8
F.Silkscreen
6
CONTINUOUS
10
4.8970693700787402
20
-3.6518364566929131
11
4.8969461023622047
21
-3.6521941732283465
0
LINE
8
F.Silkscreen
6
CONTINUOUS
10
4.8969461023622047
20
-3.6521941732283465
11
4.8965271259842522
21
-3.6527730708661417
0
LINE
8
F.Silkscreen
6
CONTINUOUS
10
4.8965271259842522
20
-3.6527730708661417
11
4.896169133858268
21
-3.6533914960629921
0
LINE
8
F.Silkscreen
6
CONTINUOUS
10
4.896169133858268
20
-3.6533914960629921
11
4.8959684645669288
21
-3.6535450393700786
0
LINE
8
F.Silkscreen
6
CONTINUOUS
10
4.8959684645669288
20
-3.6535450393700786
11
4.8958203543307084
21
-3.6537497637795275
0
LINE
8
F.Silkscreen
6
CONTINUOUS
10
4.8958203543307084
20
-3.6537497637795275
11
4.8952116535433072
21
-3.6541243307086613
0
LINE
8
F.Silkscreen
6
CONTINUOUS
10
4.8952116535433072
20
-3.6541243307086613
11
4.8946443307086609
21
-3.6545585826771654
0
LINE
8
F.Silkscreen
6
CONTINUOUS
10
4.8946443307086609
20
-3.6545585826771654
11
4.8944002362204726
21
-3.6546236614173226
0
LINE
8
F.Silkscreen
6
CONTINUOUS
10
4.8944002362204726
20
-3.6546236614173226
11
4.8941850000000002
21
-3.6547561417322836
0
LINE
8
F.Silkscreen
6
CONTINUOUS
10
4.8941850000000002
20
-3.6547561417322836
11
4.8934793700787402
21
-3.6548692125984252
0
LINE
8
F.Silkscreen
6
CONTINUOUS
10
4.8934793700787402
20
-3.6548692125984252
11
4.8927890157480318
21
-3.6550533464566928
0
LINE
8
F.Silkscreen
6
CONTINUOUS
10
4.8927890157480318
20
-3.6550533464566928
11
4.892538464566929
21
-3.6550200393700787
0
LINE
8
F.Silkscreen
6
CONTINUOUS
10
4.892538464566929
20
-3.6550200393700787
11
4.89228905511811
21
-3.6550600393700785
0
LINE
8
F.Silkscreen
6
CONTINUOUS
10
4.89228905511811
20
-3.6550600393700785
11
4.891593976377953
21
-3.6548945275590552
0
LINE
8
F.Silkscreen
6
CONTINUOUS
10
4.891593976377953
20
-3.6548945275590552
11
4.8908855905511812
21
-3.6548004330708661
0
LINE
8
F.Silkscreen
6
CONTINUOUS
10
4.8908855905511812
20
-3.6548004330708661
11
4.8906669291338583
21
-3.6546738188976375
0
LINE
8
F.Silkscreen
6
CONTINUOUS
10
4.8906669291338583
20
-3.6546738188976375
11
4.8904211023622048
21
-3.6546153149606297
0
LINE
8
F.Silkscreen
6
CONTINUOUS
10
4.8904211023622048
20
-3.6546153149606297
11
4.8898421653543309
21
-3.6541963385826772
0
LINE
8
F.Silkscreen
6
CONTINUOUS
10
4.8898421653543309
20
-3.6541963385826772
11
4.8892237795275593
21
-3.653838346456693
0
LINE
8
F.Silkscreen
6
CONTINUOUS
10
4.8892237795275593
20
-3.653838346456693
11
4.889070196850394
21
-3.6536376771653543
0
LINE
8
F.Silkscreen
6
CONTINUOUS
10
4.889070196850394
20
-3.6536376771653543
11
4.8888655118110238
21
-3.6534895669291338
0
LINE
8
F.Silkscreen
6
CONTINUOUS
10
4.8888655118110238
20
-3.6534895669291338
11
4.8884909055118113
21
-3.6528808661417322
0
LINE
8
F.Silkscreen
6
CONTINUOUS
10
4.8884909055118113
20
-3.6528808661417322
11
4.888056692913386
21
-3.6523135433070864
0
LINE
8
F.Silkscreen
6
CONTINUOUS
10
4.888056692913386
20
-3.6523135433070864
11
4.887923897637795
21
-3.6519594488188973
0
LINE
8
F.Silkscreen
6
CONTINUOUS
10
4.887923897637795
20
-3.6519594488188973
11
4.8878591338582673
21
-3.6518542125984252
0
LINE
8
F.Silkscreen
6
CONTINUOUS
10
4.8878591338582673
20
-3.6518542125984252
11
4.8878402362204723
21
-3.6517363385826771
0
LINE
8
F.Silkscreen
6
CONTINUOUS
10
4.8878402362204723
20
-3.6517363385826771
11
4.8877179527559056
21
-3.6514102755905511
0
LINE
8
F.Silkscreen
6
CONTINUOUS
10
4.8877179527559056
20
-3.6514102755905511
11
4.8774748818897633
21
-3.6129987795275591
0
LINE
8
F.Silkscreen
6
CONTINUOUS
10
4.8774748818897633
20
-3.6129987795275591
11
4.8672318503937007
21
-3.6514102755905511
0
LINE
8
F.Silkscreen
6
CONTINUOUS
10
4.8672318503937007
20
-3.6514102755905511
11
4.8671095275590552
21
-3.6517363779527559
0
LINE
8
F.Silkscreen
6
CONTINUOUS
10
4.8671095275590552
20
-3.6517363779527559
11
4.867090669291338
21
-3.6518542125984252
0
LINE
8
F.Silkscreen
6
CONTINUOUS
10
4.867090669291338
20
-3.6518542125984252
11
4.8670259055118112
21
-3.651959409448819
0
LINE
8
F.Silkscreen
6
CONTINUOUS
10
4.8670259055118112
20
-3.651959409448819
11
4.8668931102362203
21
-3.6523135826771651
0
LINE
8
F.Silkscreen
6
CONTINUOUS
10
4.8668931102362203
20
-3.6523135826771651
11
4.8664588582677162
21
-3.6528808661417322
0
LINE
8
F.Silkscreen
6
CONTINUOUS
10
4.8664588582677162
20
-3.6528808661417322
11
4.8660842913385824
21
-3.6534896062992126
0
LINE
8
F.Silkscreen
6
CONTINUOUS
10
4.8660842913385824
20
-3.6534896062992126
11
4.8658795275590547
21
-3.6536377559055118
0
LINE
8
F.Silkscreen
6
CONTINUOUS
10
4.8658795275590547
20
-3.6536377559055118
11
4.865726023622047
21
-3.653838346456693
0
LINE
8
F.Silkscreen
6
CONTINUOUS
10
4.865726023622047
20
-3.653838346456693
11
4.8651076771653541
21
-3.6541962992125985
0
LINE
8
F.Silkscreen
6
CONTINUOUS
10
4.8651076771653541
20
-3.6541962992125985
11
4.8645287007874014
21
-3.6546153149606297
0
LINE
8
F.Silkscreen
6
CONTINUOUS
10
4.8645287007874014
20
-3.6546153149606297
11
4.8642828346456692
21
-3.6546738188976375
0
LINE
8
F.Silkscreen
6
CONTINUOUS
10
4.8642828346456692
20
-3.6546738188976375
11
4.864064212598425
21
-3.6548004330708661
0
LINE
8
F.Silkscreen
6
CONTINUOUS
10
4.864064212598425
20
-3.6548004330708661
11
4.8633559842519682
21
-3.6548945275590552
0
LINE
8
F.Silkscreen
6
CONTINUOUS
10
4.8633559842519682
20
-3.6548945275590552
11
4.8626607480314963
21
-3.6550600787401573
0
LINE
8
F.Silkscreen
6
CONTINUOUS
10
4.8626607480314963
20
-3.6550600787401573
11
4.8624111811023623
21
-3.6550200393700787
0
LINE
8
F.Silkscreen
6
CONTINUOUS
10
4.8624111811023623
20
-3.6550200393700787
11
4.8621607874015744
21
-3.6550533464566928
0
LINE
8
F.Silkscreen
6
CONTINUOUS
10
4.8621607874015744
20
-3.6550533464566928
11
4.8614705118110235
21
-3.654869251968504
0
LINE
8
F.Silkscreen
6
CONTINUOUS
10
4.8614705118110235
20
-3.654869251968504
11
4.860764803149606
21
-3.6547561417322836
0
LINE
8
F.Silkscreen
6
CONTINUOUS
10
4.860764803149606
20
-3.6547561417322836
11
4.8605495275590549
21
-3.6546236614173226
0
LINE
8
F.Silkscreen
6
CONTINUOUS
10
4.8605495275590549
20
-3.6546236614173226
11
4.8603054330708657
21
-3.6545585826771654
0
LINE
8
F.Silkscreen
6
CONTINUOUS
10
4.8603054330708657
20
-3.6545585826771654
11
4.859737992125984
21
-3.6541242519685038
0
LINE
8
F.Silkscreen
6
CONTINUOUS
10
4.859737992125984
20
-3.6541242519685038
11
4.8591294488188979
21
-3.6537497637795275
0
LINE
8
F.Silkscreen
6
CONTINUOUS
10
4.8591294488188979
20
-3.6537497637795275
11
4.8589812992125987
21
-3.6535450787401573
0
LINE
8
F.Silkscreen
6
CONTINUOUS
10
4.8589812992125987
20
-3.6535450787401573
11
4.8587806692913382
21
-3.6533914960629921
0
LINE
8
F.Silkscreen
6
CONTINUOUS
10
4.8587806692913382
20
-3.6533914960629921
11
4.8584226377952753
21
-3.6527730708661417
0
LINE
8
F.Silkscreen
6
CONTINUOUS
10
4.8584226377952753
20
-3.6527730708661417
11
4.8580037007874015
21
-3.6521941732283465
0
LINE
8
F.Silkscreen
6
CONTINUOUS
10
4.8580037007874015
20
-3.6521941732283465
11
4.8578803937007873
21
-3.6518364566929131
0
LINE
8
F.Silkscreen
6
CONTINUOUS
10
4.8578803937007873
20
-3.6518364566929131
11
4.8578185826771652
21
-3.6517296850393701
0
LINE
8
F.Silkscreen
6
CONTINUOUS
10
4.8578185826771652
20
-3.6517296850393701
11
4.8578028740157482
21
-3.6516115748031495
0
LINE
8
F.Silkscreen
6
CONTINUOUS
10
4.8578028740157482
20
-3.6516115748031495
11
4.857689330708661
21
-3.6512821259842521
0
LINE
8
F.Silkscreen
6
CONTINUOUS
10
4.857689330708661
20
-3.6512821259842521
11
4.8389416929133855
21
-3.5725419685039368
0
LINE
8
F.Silkscreen
6
CONTINUOUS
10
4.8389416929133855
20
-3.5725419685039368
11
4.8388113385826772
21
-3.5715860629921261
0
LINE
8
F.Silkscreen
6
CONTINUOUS
10
4.8388113385826772
20
-3.5715860629921261
11
4.8391152362204721
21
-3.5696901181102363
0
LINE
8
F.Silkscreen
6
CONTINUOUS
10
4.8391152362204721
20
-3.5696901181102363
11
4.8401216141732286
21
-3.5680547244094489
0
LINE
8
F.Silkscreen
6
CONTINUOUS
10
4.8401216141732286
20
-3.5680547244094489
11
4.8416772047244097
21
-3.5669290157480313
0
LINE
8
F.Silkscreen
6
CONTINUOUS
10
4.8416772047244097
20
-3.5669290157480313
11
4.8435451574803148
21
-3.5664842913385826
0
LINE
8
F.Silkscreen
6
CONTINUOUS
10
4.8435451574803148
20
-3.5664842913385826
11
4.845441102362205
21
-3.5667881889763779
0
LINE
8
F.Silkscreen
6
CONTINUOUS
10
4.845441102362205
20
-3.5667881889763779
11
4.847076496062992
21
-3.567794566929134
0
LINE
8
F.Silkscreen
6
CONTINUOUS
10
4.847076496062992
20
-3.567794566929134
11
4.8482022047244095
21
-3.569350157480315
0
LINE
8
F.Silkscreen
6
CONTINUOUS
10
4.8482022047244095
20
-3.569350157480315
11
4.8485165748031491
21
-3.5702622047244095
0
LINE
8
F.Silkscreen
6
CONTINUOUS
10
4.8485165748031491
20
-3.5702622047244095
11
4.8627468897637796
21
-3.6300296850393701
0
LINE
8
F.Silkscreen
6
CONTINUOUS
10
4.8627468897637796
20
-3.6300296850393701
11
4.8727198425196852
21
-3.5926312204724407
0
LINE
8
F.Silkscreen
6
CONTINUOUS
10
4.8727198425196852
20
-3.5926312204724407
11
4.8728041338582679
21
-3.592406338582677
0
LINE
8
F.Silkscreen
6
CONTINUOUS
10
4.8728041338582679
20
-3.592406338582677
11
4.8728167322834643
21
-3.5923118110236221
0
LINE
8
F.Silkscreen
6
CONTINUOUS
10
4.8728167322834643
20
-3.5923118110236221
11
4.8728816929133858
21
-3.5921995669291338
0
LINE
8
F.Silkscreen
6
CONTINUOUS
10
4.8728816929133858
20
-3.5921995669291338
11
4.8730585826771655
21
-3.5917279133858266
0
LINE
8
F.Silkscreen
6
CONTINUOUS
10
4.8730585826771655
20
-3.5917279133858266
11
4.8734534251968507
21
-3.5912120078740157
0
LINE
8
F.Silkscreen
6
CONTINUOUS
10
4.8734534251968507
20
-3.5912120078740157
11
4.8737788188976374
21
-3.5906500000000001
0
LINE
8
F.Silkscreen
6
CONTINUOUS
10
4.8737788188976374
20
-3.5906500000000001
11
4.8740318503937008
21
-3.5904562992125983
0
LINE
8
F.Silkscreen
6
CONTINUOUS
10
4.8740318503937008
20
-3.5904562992125983
11
4.8742256692913388
21
-3.5902031102362204
0
LINE
8
F.Silkscreen
6
CONTINUOUS
10
4.8742256692913388
20
-3.5902031102362204
11
4.874788070866142
21
-3.5898774803149607
0
LINE
8
F.Silkscreen
6
CONTINUOUS
10
4.874788070866142
20
-3.5898774803149607
11
4.8753036220472437
21
-3.5894829133858268
0
LINE
8
F.Silkscreen
6
CONTINUOUS
10
4.8753036220472437
20
-3.5894829133858268
11
4.875611456692913
21
-3.5894007874015745
0
LINE
8
F.Silkscreen
6
CONTINUOUS
10
4.875611456692913
20
-3.5894007874015745
11
4.8758874803149608
21
-3.5892410236220473
0
LINE
8
F.Silkscreen
6
CONTINUOUS
10
4.8758874803149608
20
-3.5892410236220473
11
4.8765315354330712
21
-3.5891554330708662
0
LINE
8
F.Silkscreen
6
CONTINUOUS
10
4.8765315354330712
20
-3.5891554330708662
11
4.8771589370078736
21
-3.588988149606299
0
LINE
8
F.Silkscreen
6
CONTINUOUS
10
4.8771589370078736
20
-3.588988149606299
11
4.8774748818897633
21
-3.589030118110236
0
LINE
8
F.Silkscreen
6
CONTINUOUS
10
4.8774748818897633
20
-3.589030118110236
11
4.8777909055118105
21
-3.588988149606299
0
LINE
8
F.Silkscreen
6
CONTINUOUS
10
4.8777909055118105
20
-3.588988149606299
11
4.8784185826771651
21
-3.5891555118110237
0
LINE
8
F.Silkscreen
6
CONTINUOUS
10
4.8784185826771651
20
-3.5891555118110237
11
4.8790623622047242
21
-3.5892410629921261
0
LINE
8
F.Silkscreen
6
CONTINUOUS
10
4.8790623622047242
20
-3.5892410629921261
11
4.8793381102362208
21
-3.589400708661417
0
LINE
8
F.Silkscreen
6
CONTINUOUS
10
4.8793381102362208
20
-3.589400708661417
11
4.8796462598425192
21
-3.5894828740157481
0
LINE
8
F.Silkscreen
6
CONTINUOUS
10
4.8796462598425192
20
-3.5894828740157481
11
4.8801622047244093
21
-3.5898777952755903
0
LINE
8
F.Silkscreen
6
CONTINUOUS
10
4.8801622047244093
20
-3.5898777952755903
11
4.8807241732283462
21
-3.5902031496062992
0
LINE
8
F.Silkscreen
6
CONTINUOUS
10
4.8807241732283462
20
-3.5902031496062992
11
4.8809178740157479
21
-3.5904562204724408
0
LINE
8
F.Silkscreen
6
CONTINUOUS
10
4.8809178740157479
20
-3.5904562204724408
11
4.8811710236220467
21
-3.5906500000000001
0
LINE
8
F.Silkscreen
6
CONTINUOUS
10
4.8811710236220467
20
-3.5906500000000001
11
4.8814965354330706
21
-3.5912122440944882
0
LINE
8
F.Silkscreen
6
CONTINUOUS
10
4.8814965354330706
20
-3.5912122440944882
11
4.8818912598425195
21
-3.5917279527559054
0
LINE
8
F.Silkscreen
6
CONTINUOUS
10
4.8818912598425195
20
-3.5917279527559054
11
4.8820680708661417
21
-3.5921994094488188
0
LINE
8
F.Silkscreen
6
CONTINUOUS
10
4.8820680708661417
20
-3.5921994094488188
11
4.8821331102362207
21
-3.5923117716535433
0
LINE
8
F.Silkscreen
6
CONTINUOUS
10
4.8821331102362207
20
-3.5923117716535433
11
4.8821456692913383
21
-3.5924063779527557
0
LINE
8
F.Silkscreen
6
CONTINUOUS
10
4.8821456692913383
20
-3.5924063779527557
11
4.8822299999999998
21
-3.5926312204724407
0
LINE
8
F.Silkscreen
6
CONTINUOUS
10
4.8822299999999998
20
-3.5926312204724407
11
4.8922028740157479
21
-3.6300296456692913
0
LINE
8
F.Silkscreen
6
CONTINUOUS
10
4.8922028740157479
20
-3.6300296456692913
11
4.906433267716535
21
-3.5702622047244095
0
LINE
8
F.Silkscreen
6
CONTINUOUS
10
4.906433267716535
20
-3.5702622047244095
11
4.9067476377952755
21
-3.569350157480315
0
LINE
8
F.Silkscreen
6
CONTINUOUS
10
4.9067476377952755
20
-3.569350157480315
11
4.907873346456693
21
-3.567794566929134
0
LINE
8
F.Silkscreen
6
CONTINUOUS
10
4.907873346456693
20
-3.567794566929134
11
4.90950874015748
21
-3.5667881889763779
0
LINE
8
F.Silkscreen
6
CONTINUOUS
10
4.90950874015748
20
-3.5667881889763779
11
4.9114046850393702
21
-3.5664842913385826
0
LINE
8
F.Silkscreen
6
CONTINUOUS
10
4.9114046850393702
20
-3.5664842913385826
11
4.9132726377952753
21
-3.5669290157480313
0
LINE
8
F.Silkscreen
6
CONTINUOUS
10
4.2042271653543306
20
-3.2328666929133858
11
4.2043904724409451
21
-3.2329343307086615
0
LINE
8
F.Silkscreen
6
CONTINUOUS
10
4.2043904724409451
20
-3.2329343307086615
11
4.2045669291338585
21
-3.2329468897637796
0
LINE
8
F.Silkscreen
6
CONTINUOUS
10
4.2045669291338585
20
-3.2329468897637796
11
4.2054679527559058
21
-3.2332916929133857
0
LINE
8
F.Silkscreen
6
CONTINUOUS
10
4.2054679527559058
20
-3.2332916929133857
11
4.212967007874016
21
-3.2370412204724408
0
LINE
8
F.Silkscreen
6
CONTINUOUS
10
4.212967007874016
20
-3.2370412204724408
11
4.2133802362204724
21
-3.237301338582677
0
LINE
8
F.Silkscreen
6
CONTINUOUS
10
4.2133802362204724
20
-3.237301338582677
11
4.2135002362204723
21
-3.237351062992126
0
LINE
8
F.Silkscreen
6
CONTINUOUS
10
4.2135002362204723
20
-3.237351062992126
11
4.21363531496063
21
-3.237461929133858
0
LINE
8
F.Silkscreen
6
CONTINUOUS
10
4.21363531496063
20
-3.237461929133858
11
4.2137834251968505
21
-3.237555157480315
0
LINE
8
F.Silkscreen
6
CONTINUOUS
10
4.2137834251968505
20
-3.237555157480315
11
4.2138685826771649
21
-3.237653346456693
0
LINE
8
F.Silkscreen
6
CONTINUOUS
10
4.2138685826771649
20
-3.237653346456693
11
4.2142459842519688
21
-3.2379630708661415
0
LINE
8
F.Silkscreen
6
CONTINUOUS
10
4.2142459842519688
20
-3.2379630708661415
11
4.2217450787401578
21
-3.2454621259842518
0
LINE
8
F.Silkscreen
6
CONTINUOUS
10
4.2217450787401578
20
-3.2454621259842518
11
4.2223570866141733
21
-3.2462078740157478
0
LINE
8
F.Silkscreen
6
CONTINUOUS
10
4.2223570866141733
20
-3.2462078740157478
11
4.2224971259842521
21
-3.2465459448818899
0
LINE
8
F.Silkscreen
6
CONTINUOUS
10
4.2224971259842521
20
-3.2465459448818899
11
4.2227149212598425
21
-3.2468399212598427
0
LINE
8
F.Silkscreen
6
CONTINUOUS
10
4.2227149212598425
20
-3.2468399212598427
11
4.2230395275590551
21
-3.2477483858267715
0
LINE
8
F.Silkscreen
6
CONTINUOUS
10
4.2230395275590551
20
-3.2477483858267715
11
4.2267890551181102
21
-3.2627464960629919
0
LINE
8
F.Silkscreen
6
CONTINUOUS
10
4.2267890551181102
20
-3.2627464960629919
11
4.2268136614173226
21
-3.2629129921259841
0
LINE
8
F.Silkscreen
6
CONTINUOUS
10
4.2268136614173226
20
-3.2629129921259841
11
4.2268414173228344
21
-3.2629799999999998
0
LINE
8
F.Silkscreen
6
CONTINUOUS
10
4.2268414173228344
20
-3.2629799999999998
11
4.2268770078740152
21
-3.2633413779527558
0
LINE
8
F.Silkscreen
6
CONTINUOUS
10
4.2268770078740152
20
-3.2633413779527558
11
4.2269301574803144
21
-3.2637008267716534
0
LINE
8
F.Silkscreen
6
CONTINUOUS
10
4.2269301574803144
20
-3.2637008267716534
11
4.2269194488188973
21
-3.2637725590551181
0
LINE
8
F.Silkscreen
6
CONTINUOUS
10
4.2269194488188973
20
-3.2637725590551181
11
4.226935984251968
21
-3.2639400787401573
0
LINE
8
F.Silkscreen
6
CONTINUOUS
10
4.226935984251968
20
-3.2639400787401573
11
4.226935984251968
21
-3.2901868110236219
0
LINE
8
F.Silkscreen
6
CONTINUOUS
10
4.226935984251968
20
-3.2901868110236219
11
4.2269194488188973
21
-3.2903542913385828
0
LINE
8
F.Silkscreen
6
CONTINUOUS
10
4.2269194488188973
20
-3.2903542913385828
11
4.2269301574803144
21
-3.2904260629921258
0
LINE
8
F.Silkscreen
6
CONTINUOUS
10
4.2269301574803144
20
-3.2904260629921258
11
4.2268770078740152
21
-3.2907854724409447
0
LINE
8
F.Silkscreen
6
CONTINUOUS
10
4.2268770078740152
20
-3.2907854724409447
11
4.2268414173228344
21
-3.2911468897637794
0
LINE
8
F.Silkscreen
6
CONTINUOUS
10
4.2268414173228344
20
-3.2911468897637794
11
4.2268136614173226
21
-3.2912138582677164
0
LINE
8
F.Silkscreen
6
CONTINUOUS
10
4.2268136614173226
20
-3.2912138582677164
11
4.2267890551181102
21
-3.2913803937007873
0
LINE
8
F.Silkscreen
6
CONTINUOUS
10
4.2267890551181102
20
-3.2913803937007873
11
4.2230395275590551
21
-3.3063785039370077
0
LINE
8
F.Silkscreen
6
CONTINUOUS
10
4.2230395275590551
20
-3.3063785039370077
11
4.2227149212598425
21
-3.307286968503937
0
LINE
8
F.Silkscreen
6
CONTINUOUS
10
4.2227149212598425
20
-3.307286968503937
11
4.2224970472440946
21
-3.3075809842519686
0
LINE
8
F.Silkscreen
6
CONTINUOUS
10
4.2224970472440946
20
-3.3075809842519686
11
4.2223570472440946
21
-3.3079190157480314
0
LINE
8
F.Silkscreen
6
CONTINUOUS
10
4.2223570472440946
20
-3.3079190157480314
11
4.2217450393700791
21
-3.3086647637795275
0
LINE
8
F.Silkscreen
6
CONTINUOUS
10
4.2217450393700791
20
-3.3086647637795275
11
4.2142460236220476
21
-3.3161638582677164
0
LINE
8
F.Silkscreen
6
CONTINUOUS
10
4.2142460236220476
20
-3.3161638582677164
11
4.2138685039370074
21
-3.3164736614173229
0
LINE
8
F.Silkscreen
6
CONTINUOUS
10
4.2138685039370074
20
-3.3164736614173229
11
4.2137834251968505
21
-3.3165717716535434
0
LINE
8
F.Silkscreen
6
CONTINUOUS
10
4.2137834251968505
20
-3.3165717716535434
11
4.2136354724409451
21
-3.3166648818897637
0
LINE
8
F.Silkscreen
6
CONTINUOUS
10
4.2136354724409451
20
-3.3166648818897637
11
4.2135002755905511
21
-3.3167758661417324
0
LINE
8
F.Silkscreen
6
CONTINUOUS
10
4.2135002755905511
20
-3.3167758661417324
11
4.2133801574803149
21
-3.316825590551181
0
LINE
8
F.Silkscreen
6
CONTINUOUS
10
4.2133801574803149
20
-3.316825590551181
11
4.212967007874016
21
-3.3170857086614172
0
LINE
8
F.Silkscreen
6
CONTINUOUS
10
4.212967007874016
20
-3.3170857086614172
11
4.2054679527559058
21
-3.3208352362204723
0
LINE
8
F.Silkscreen
6
CONTINUOUS
10
4.2054679527559058
20
-3.3208352362204723
11
4.2045669291338585
21
-3.3211800393700788
0
LINE
8
F.Silkscreen
6
CONTINUOUS
10
4.2045669291338585
20
-3.3211800393700788
11
4.2043904724409451
21
-3.3211925590551181
0
LINE
8
F.Silkscreen
6
CONTINUOUS
10
4.2043904724409451
20
-3.3211925590551181
11
4.2042271653543306
21
-3.3212602362204722
0
LINE
8
F.Silkscreen
6
CONTINUOUS
10
4.2042271653543306
20
-3.3212602362204722
11
4.203267086614173
21
-3.3213548031496063
0
LINE
8
F.Silkscreen
6
CONTINUOUS
10
4.203267086614173
20
-3.3213548031496063
11
4.1882689370078738
21
-3.3213548031496063
0
LINE
8
F.Silkscreen
6
CONTINUOUS
10
4.1882689370078738
20
-3.3213548031496063
11
4.1873088582677163
21
-3.3212602362204722
0
LINE
8
F.Silkscreen
6
CONTINUOUS
10
4.1873088582677163
20
-3.3212602362204722
11
4.1871455118110239
21
-3.3211925590551181
0
LINE
8
F.Silkscreen
6
CONTINUOUS
10
4.1871455118110239
20
-3.3211925590551181
11
4.1869690944881892
21
-3.3211800393700788
0
LINE
8
F.Silkscreen
6
CONTINUOUS
10
4.1869690944881892
20
-3.3211800393700788
11
4.1860681102362207
21
-3.320835275590551
0
LINE
8
F.Silkscreen
6
CONTINUOUS
10
4.1860681102362207
20
-3.320835275590551
11
4.1785690157480317
21
-3.3170857086614172
0
LINE
8
F.Silkscreen
6
CONTINUOUS
10
4.1785690157480317
20
-3.3170857086614172
11
4.1781558267716532
21
-3.316825590551181
0
LINE
8
F.Silkscreen
6
CONTINUOUS
10
4.1781558267716532
20
-3.316825590551181
11
4.1780357480314958
21
-3.3167758661417324
0
LINE
8
F.Silkscreen
6
CONTINUOUS
10
4.1780357480314958
20
-3.3167758661417324
11
4.177900511811024
21
-3.3166648818897637
0
LINE
8
F.Silkscreen
6
CONTINUOUS
10
4.177900511811024
20
-3.3166648818897637
11
4.1777525984251964
21
-3.3165717716535434
0
LINE
8
F.Silkscreen
6
CONTINUOUS
10
4.1777525984251964
20
-3.3165717716535434
11
4.1776674803149607
21
-3.3164736614173229
0
LINE
8
F.Silkscreen
6
CONTINUOUS
10
4.1776674803149607
20
-3.3164736614173229
11
4.1772900000000002
21
-3.3161638582677164
0
LINE
8
F.Silkscreen
6
CONTINUOUS
10
4.1772900000000002
20
-3.3161638582677164
11
4.1697909448818899
21
-3.3086647637795275
0
LINE
8
F.Silkscreen
6
CONTINUOUS
10
4.1697909448818899
20
-3.3086647637795275
11
4.1691789370078736
21
-3.3079190157480314
0
LINE
8
F.Silkscreen
6
CONTINUOUS
10
4.1691789370078736
20
-3.3079190157480314
11
4.1690388976377948
21
-3.3075809055118111
0
LINE
8
F.Silkscreen
6
CONTINUOUS
10
4.1690388976377948
20
-3.3075809055118111
11
4.1688211023622044
21
-3.307286968503937
0
LINE
8
F.Silkscreen
6
CONTINUOUS
10
4.1688211023622044
20
-3.307286968503937
11
4.1684964960629918
21
-3.3063785039370077
0
LINE
8
F.Silkscreen
6
CONTINUOUS
10
4.1684964960629918
20
-3.3063785039370077
11
4.1647469685039367
21
-3.2913803937007873
0
LINE
8
F.Silkscreen
6
CONTINUOUS
10
4.1647469685039367
20
-3.2913803937007873
11
4.1647223228346455
21
-3.2912138582677164
0
LINE
8
F.Silkscreen
6
CONTINUOUS
10
4.1647223228346455
20
-3.2912138582677164
11
4.1646946062992125
21
-3.2911468897637794
0
LINE
8
F.Silkscreen
6
CONTINUOUS
10
4.1646946062992125
20
-3.2911468897637794
11
4.1646589763779529
21
-3.2907853937007872
0
LINE
8
F.Silkscreen
6
CONTINUOUS
10
4.1646589763779529
20
-3.2907853937007872
11
4.1646058661417324
21
-3.2904260236220471
0
LINE
8
F.Silkscreen
6
CONTINUOUS
10
4.1646058661417324
20
-3.2904260236220471
11
4.1646165354330709
21
-3.2903542913385828
0
LINE
8
F.Silkscreen
6
CONTINUOUS
10
4.1646165354330709
20
-3.2903542913385828
11
4.1646000393700788
21
-3.2901868110236219
0
LINE
8
F.Silkscreen
6
CONTINUOUS
10
4.1646000393700788
20
-3.2901868110236219
11
4.1646000393700788
21
-3.2639400787401573
0
LINE
8
F.Silkscreen
6
CONTINUOUS
10
4.1646000393700788
20
-3.2639400787401573
11
4.1646165354330709
21
-3.2637725590551181
0
LINE
8
F.Silkscreen
6
CONTINUOUS
10
4.1646165354330709
20
-3.2637725590551181
11
4.1646058661417324
21
-3.2637008661417322
0
LINE
8
F.Silkscreen
6
CONTINUOUS
10
4.1646058661417324
20
-3.2637008661417322
11
4.1646589763779529
21
-3.2633414566929133
0
LINE
8
F.Silkscreen
6
CONTINUOUS
10
4.1646589763779529
20
-3.2633414566929133
11
4.1646946062992125
21
-3.2629799999999998
0
LINE
8
F.Silkscreen
6
CONTINUOUS
10
4.1646946062992125
20
-3.2629799999999998
11
4.1647223228346455
21
-3.2629129921259841
0
LINE
8
F.Silkscreen
6
CONTINUOUS
10
4.1647223228346455
20
-3.2629129921259841
11
4.1647469685039367
21
-3.2627464960629919
0
LINE
8
F.Silkscreen
6
CONTINUOUS
10
4.1647469685039367
20
-3.2627464960629919
11
4.1684964960629918
21
-3.2477483858267715
0
LINE
8
F.Silkscreen
6
CONTINUOUS
10
4.1684964960629918
20
-3.2477483858267715
11
4.1688211023622044
21
-3.2468399212598427
0
LINE
8
F.Silkscreen
6
CONTINUOUS
10
4.1688211023622044
20
-3.2468399212598427
11
4.1690389370078735
21
-3.2465458661417324
0
LINE
8
F.Silkscreen
6
CONTINUOUS
10
4.1690389370078735
20
-3.2465458661417324
11
4.1691789763779523
21
-3.2462078740157478
0
LINE
8
F.Silkscreen
6
CONTINUOUS
10
4.1691789763779523
20
-3.2462078740157478
11
4.1697909842519687
21
-3.2454621259842518
0
LINE
8
F.Silkscreen
6
CONTINUOUS
10
4.1697909842519687
20
-3.2454621259842518
11
4.1772900393700789
21
-3.2379630314960628
0
LINE
8
F.Silkscreen
6
CONTINUOUS
10
4.1772900393700789
20
-3.2379630314960628
11
4.1776675196850395
21
-3.2376532283464567
0
LINE
8
F.Silkscreen
6
CONTINUOUS
10
4.1776675196850395
20
-3.2376532283464567
11
4.1777525984251964
21
-3.237555157480315
0
LINE
8
F.Silkscreen
6
CONTINUOUS
10
4.1777525984251964
20
-3.237555157480315
11
4.1779004724409452
21
-3.2374620472440943
0
LINE
8
F.Silkscreen
6
CONTINUOUS
10
4.1779004724409452
20
-3.2374620472440943
11
4.1780357874015746
21
-3.2373510236220473
0
LINE
8
F.Silkscreen
6
CONTINUOUS
10
4.1780357874015746
20
-3.2373510236220473
11
4.1781559055118107
21
-3.2373012204724407
0
LINE
8
F.Silkscreen
6
CONTINUOUS
10
4.1781559055118107
20
-3.2373012204724407
11
4.1785690157480317
21
-3.2370412204724408
0
LINE
8
F.Silkscreen
6
CONTINUOUS
10
4.1785690157480317
20
-3.2370412204724408
11
4.1860681102362207
21
-3.2332916535433069
0
LINE
8
F.Silkscreen
6
CONTINUOUS
10
4.1860681102362207
20
-3.2332916535433069
11
4.1869690944881892
21
-3.2329468897637796
0
LINE
8
F.Silkscreen
6
CONTINUOUS
10
4.1869690944881892
20
-3.2329468897637796
11
4.1871455118110239
21
-3.2329343307086615
0
LINE
8
F.Silkscreen
6
CONTINUOUS
10
4.1871455118110239
20
-3.2329343307086615
11
4.1873088582677163
21
-3.2328666929133858
0
LINE
8
F.Silkscreen
6
CONTINUOUS
10
4.1873088582677163
20
-3.2328666929133858
11
4.1882689370078738
21
-3.2327721259842517
0
LINE
8
F.Silkscreen
6
CONTINUOUS
10
4.1882689370078738
20
-3.2327721259842517
11
4.203267086614173
21
-3.2327721259842517
0
LINE
8
F.Silkscreen
6
CONTINUOUS
10
4.203267086614173
20
-3.2327721259842517
11
4.2042271653543306
21
-3.2328666929133858
0
LINE
8
F.Silkscreen
6
CONTINUOUS
10
4.1836850393700784
20
-3.2454874409448817
11
4.177714527559055
21
-3.2514579133858268
0
LINE
8
F.Silkscreen
6
CONTINUOUS
10
4.177714527559055
20
-3.2514579133858268
11
4.1744425590551177
21
-3.2645459448818896
0
LINE
8
F.Silkscreen
6
CONTINUOUS
10
4.1744425590551177
20
-3.2645459448818896
11
4.1744425590551177
21
-3.2895809448818896
0
LINE
8
F.Silkscreen
6
CONTINUOUS
10
4.1744425590551177
20
-3.2895809448818896
11
4.177714527559055
21
-3.3026689370078741
0
LINE
8
F.Silkscreen
6
CONTINUOUS
10
4.177714527559055
20
-3.3026689370078741
11
4.1836849999999997
21
-3.3086394488188975
0
LINE
8
F.Silkscreen
6
CONTINUOUS
10
4.1836849999999997
20
-3.3086394488188975
11
4.1894306692913386
21
-3.3115122834645669
0
LINE
8
F.Silkscreen
6
CONTINUOUS
10
4.1894306692913386
20
-3.3115122834645669
11
4.2021053543307083
21
-3.3115122834645669
0
LINE
8
F.Silkscreen
6
CONTINUOUS
10
4.2021053543307083
20
-3.3115122834645669
11
4.2078509448818897
21
-3.3086394488188975
0
LINE
8
F.Silkscreen
6
CONTINUOUS
10
4.2078509448818897
20
-3.3086394488188975
11
4.2138214566929131
21
-3.3026688976377954
0
LINE
8
F.Silkscreen
6
CONTINUOUS
10
4.2138214566929131
20
-3.3026688976377954
11
4.2170934645669291
21
-3.2895809448818896
0
LINE
8
F.Silkscreen
6
CONTINUOUS
10
4.2170934645669291
20
-3.2895809448818896
11
4.2170934645669291
21
-3.2645459448818896
0
LINE
8
F.Silkscreen
6
CONTINUOUS
10
4.2170934645669291
20
-3.2645459448818896
11
4.2138214566929131
21
-3.2514579527559055
0
LINE
8
F.Silkscreen
6
CONTINUOUS
10
4.2138214566929131
20
-3.2514579527559055
11
4.2078510236220472
21
-3.2454874803149605
0
LINE
8
F.Silkscreen
6
CONTINUOUS
10
4.2078510236220472
20
-3.2454874803149605
11
4.2021053543307083
21
-3.2426146456692915
0
LINE
8
F.Silkscreen
6
CONTINUOUS
10
4.2021053543307083
20
-3.2426146456692915
11
4.1894306692913386
21
-3.2426146456692915
0
LINE
8
F.Silkscreen
6
CONTINUOUS
10
4.1894306692913386
20
-3.2426146456692915
11
4.1836850393700784
21
-3.2454874409448817
0
LINE
8
F.Silkscreen
6
CONTINUOUS
10
4.3349735039370074
20
-3.2328666929133858
11
4.3354607480314957
21
-3.2328666929133858
0
LINE
8
F.Silkscreen
6
CONTINUOUS
10
4.3354607480314957
20
-3.2328666929133858
11
4.3359062992125983
21
-3.2330512204724409
0
LINE
8
F.Silkscreen
6
CONTINUOUS
10
4.3359062992125983
20
-3.2330512204724409
11
4.3363791732283463
21
-3.2331448031496062
0
LINE
8
F.Silkscreen
6
CONTINUOUS
10
4.3363791732283463
20
-3.2331448031496062
11
4.3367843700787398
21
-3.2334149212598424
0
LINE
8
F.Silkscreen
6
CONTINUOUS
10
4.3367843700787398
20
-3.2334149212598424
11
4.3372347637795272
21
-3.2336014960629922
0
LINE
8
F.Silkscreen
6
CONTINUOUS
10
4.3372347637795272
20
-3.2336014960629922
11
4.3375758661417319
21
-3.2339425984251968
0
LINE
8
F.Silkscreen
6
CONTINUOUS
10
4.3375758661417319
20
-3.2339425984251968
11
4.3379768503937006
21
-3.2342099212598425
0
LINE
8
F.Silkscreen
6
CONTINUOUS
10
4.3379768503937006
20
-3.2342099212598425
11
4.3382478740157477
21
-3.2346146062992127
0
LINE
8
F.Silkscreen
6
CONTINUOUS
10
4.3382478740157477
20
-3.2346146062992127
11
4.338592559055118
21
-3.2349592913385825
0
LINE
8
F.Silkscreen
6
CONTINUOUS
10
4.338592559055118
20
-3.2349592913385825
11
4.3387770472440943
21
-3.2354047637795276
0
LINE
8
F.Silkscreen
6
CONTINUOUS
10
4.3387770472440943
20
-3.2354047637795276
11
4.3390453543307084
21
-3.2358053543307084
0
LINE
8
F.Silkscreen
6
CONTINUOUS
10
4.3390453543307084
20
-3.2358053543307084
11
4.3391409055118109
21
-3.2362831496062991
0
LINE
8
F.Silkscreen
6
CONTINUOUS
10
4.3391409055118109
20
-3.2362831496062991
11
4.3393273622047239
21
-3.236733307086614
0
LINE
8
F.Silkscreen
6
CONTINUOUS
10
4.3393273622047239
20
-3.236733307086614
11
4.3394209055118109
21
-3.2376832677165353
0
LINE
8
F.Silkscreen
6
CONTINUOUS
10
4.3394209055118109
20
-3.2376832677165353
11
4.3394219291338585
21
-3.2376882677165355
0
LINE
8
F.Silkscreen
6
CONTINUOUS
10
4.3394219291338585
20
-3.2376882677165355
11
4.3394215748031497
21
-3.237689960629921
0
LINE
8
F.Silkscreen
6
CONTINUOUS
10
4.3394215748031497
20
-3.237689960629921
11
4.3394219291338585
21
-3.2376933858267716
0
LINE
8
F.Silkscreen
6
CONTINUOUS
10
4.3394219291338585
20
-3.2376933858267716
11
4.3394219291338585
21
-3.3115122834645669
0
LINE
8
F.Silkscreen
6
CONTINUOUS
10
4.3394219291338585
20
-3.3115122834645669
11
4.3569978740157476
21
-3.3115122834645669
0
LINE
8
F.Silkscreen
6
CONTINUOUS
10
4.3569978740157476
20
-3.3115122834645669
11
4.3579579527559051
21
-3.3116068503937006
0
LINE
8
F.Silkscreen
6
CONTINUOUS
10
4.3579579527559051
20
-3.3116068503937006
11
4.3597319685039366
21
-3.312341653543307
0
LINE
8
F.Silkscreen
6
CONTINUOUS
10
4.3597319685039366
20
-3.312341653543307
11
4.3610897637795274
21
-3.3136994488188978
0
LINE
8
F.Silkscreen
6
CONTINUOUS
10
4.3610897637795274
20
-3.3136994488188978
11
4.3618245669291333
21
-3.3154734645669293
0
LINE
8
F.Silkscreen
6
CONTINUOUS
10
4.3618245669291333
20
-3.3154734645669293
11
4.3618245669291333
21
-3.317393622047244
0
LINE
8
F.Silkscreen
6
CONTINUOUS
10
4.3618245669291333
20
-3.317393622047244
11
4.3610897637795274
21
-3.3191676377952755
0
LINE
8
F.Silkscreen
6
CONTINUOUS
10
4.3610897637795274
20
-3.3191676377952755
11
4.3597319685039366
21
-3.3205254330708662
0
LINE
8
F.Silkscreen
6
CONTINUOUS
10
4.3597319685039366
20
-3.3205254330708662
11
4.3579579527559051
21
-3.3212602362204722
0
LINE
8
F.Silkscreen
6
CONTINUOUS
10
4.3579579527559051
20
-3.3212602362204722
11
4.3569978740157476
21
-3.3213548031496063
0
LINE
8
F.Silkscreen
6
CONTINUOUS
10
4.3569978740157476
20
-3.3213548031496063
11
4.3120035039370075
21
-3.3213548031496063
0
LINE
8
F.Silkscreen
6
CONTINUOUS
10
4.3120035039370075
20
-3.3213548031496063
11
4.3110434251968499
21
-3.3212602362204722
0
LINE
8
F.Silkscreen
6
CONTINUOUS
10
4.3110434251968499
20
-3.3212602362204722
11
4.3092694094488184
21
-3.3205254330708662
0
LINE
8
F.Silkscreen
6
CONTINUOUS
10
4.3092694094488184
20
-3.3205254330708662
11
4.3079116141732285
21
-3.3191676377952755
0
LINE
8
F.Silkscreen
6
CONTINUOUS
10
4.3079116141732285
20
-3.3191676377952755
11
4.3071768110236217
21
-3.317393622047244
0
LINE
8
F.Silkscreen
6
CONTINUOUS
10
4.3071768110236217
20
-3.317393622047244
11
4.3071768110236217
21
-3.3154734645669293
0
LINE
8
F.Silkscreen
6
CONTINUOUS
10
4.3071768110236217
20
-3.3154734645669293
11
4.3079116141732285
21
-3.3136994488188978
0
LINE
8
F.Silkscreen
6
CONTINUOUS
10
4.3079116141732285
20
-3.3136994488188978
11
4.3092694094488184
21
-3.312341653543307
0
LINE
8
F.Silkscreen
6
CONTINUOUS
10
4.3092694094488184
20
-3.312341653543307
11
4.3110434251968499
21
-3.3116068503937006
0
LINE
8
F.Silkscreen
6
CONTINUOUS
10
4.3110434251968499
20
-3.3116068503937006
11
4.3120035039370075
21
-3.3115122834645669
0
LINE
8
F.Silkscreen
6
CONTINUOUS
10
4.3120035039370075
20
-3.3115122834645669
11
4.3295794094488187
21
-3.3115122834645669
0
LINE
8
F.Silkscreen
6
CONTINUOUS
10
4.3295794094488187
20
-3.3115122834645669
11
4.3295794094488187
21
-3.2533238582677164
0
LINE
8
F.Silkscreen
6
CONTINUOUS
10
4.3295794094488187
20
-3.2533238582677164
11
4.3229824015748033
21
-3.2599208661417323
0
LINE
8
F.Silkscreen
6
CONTINUOUS
10
4.3229824015748033
20
-3.2599208661417323
11
4.3226050000000003
21
-3.2602305511811025
0
LINE
8
F.Silkscreen
6
CONTINUOUS
10
4.3226050000000003
20
-3.2602305511811025
11
4.3225198425196849
21
-3.2603287795275588
0
LINE
8
F.Silkscreen
6
CONTINUOUS
10
4.3225198425196849
20
-3.2603287795275588
11
4.3223717322834645
21
-3.2604219685039371
0
LINE
8
F.Silkscreen
6
CONTINUOUS
10
4.3223717322834645
20
-3.2604219685039371
11
4.3222366535433068
21
-3.2605328740157478
0
LINE
8
F.Silkscreen
6
CONTINUOUS
10
4.3222366535433068
20
-3.2605328740157478
11
4.3221166535433069
21
-3.2605825590551181
0
LINE
8
F.Silkscreen
6
CONTINUOUS
10
4.3221166535433069
20
-3.2605825590551181
11
4.3217034251968505
21
-3.260842716535433
0
LINE
8
F.Silkscreen
6
CONTINUOUS
10
4.3217034251968505
20
-3.260842716535433
11
4.3142043700787402
21
-3.2645922440944881
0
LINE
8
F.Silkscreen
6
CONTINUOUS
10
4.3142043700787402
20
-3.2645922440944881
11
4.313303346456693
21
-3.2649370472440946
0
LINE
8
F.Silkscreen
6
CONTINUOUS
10
4.313303346456693
20
-3.2649370472440946
11
4.3113879921259839
21
-3.2650731889763778
0
LINE
8
F.Silkscreen
6
CONTINUOUS
10
4.3113879921259839
20
-3.2650731889763778
11
4.3095663385826768
21
-3.2644659448818896
0
LINE
8
F.Silkscreen
6
CONTINUOUS
10
4.3095663385826768
20
-3.2644659448818896
11
4.3081157480314962
21
-3.2632078346456694
0
LINE
8
F.Silkscreen
6
CONTINUOUS
10
4.3081157480314962
20
-3.2632078346456694
11
4.307257007874016
21
-3.2614903937007873
0
LINE
8
F.Silkscreen
6
CONTINUOUS
10
4.307257007874016
20
-3.2614903937007873
11
4.307120866141732
21
-3.2595750393700786
0
LINE
8
F.Silkscreen
6
CONTINUOUS
10
4.307120866141732
20
-3.2595750393700786
11
4.3077281102362202
21
-3.2577533858267715
0
LINE
8
F.Silkscreen
6
CONTINUOUS
10
4.3077281102362202
20
-3.2577533858267715
11
4.3089862204724412
21
-3.2563027952755905
0
LINE
8
F.Silkscreen
6
CONTINUOUS
10
4.3089862204724412
20
-3.2563027952755905
11
4.3098026377952756
21
-3.2557888582677164
0
LINE
8
F.Silkscreen
6
CONTINUOUS
10
4.3098026377952756
20
-3.2557888582677164
11
4.3165874409448817
21
-3.2523964173228346
0
LINE
8
F.Silkscreen
6
CONTINUOUS
10
4.3165874409448817
20
-3.2523964173228346
11
4.3231771653543305
21
-3.245806653543307
0
LINE
8
F.Silkscreen
6
CONTINUOUS
10
4.3231771653543305
20
-3.245806653543307
11
4.3304059055118111
21
-3.2349635826771652
0
LINE
8
F.Silkscreen
6
CONTINUOUS
10
4.3304059055118111
20
-3.2349635826771652
11
4.3304081102362204
21
-3.2349608661417322
0
LINE
8
F.Silkscreen
6
CONTINUOUS
10
4.3304081102362204
20
-3.2349608661417322
11
4.3304087795275592
21
-3.2349592913385825
0
LINE
8
F.Silkscreen
6
CONTINUOUS
10
4.3304087795275592
20
-3.2349592913385825
11
4.3304122834645664
21
-3.2349557480314961
0
LINE
8
F.Silkscreen
6
CONTINUOUS
10
4.3304122834645664
20
-3.2349557480314961
11
4.3310171653543303
21
-3.2342172047244095
0
LINE
8
F.Silkscreen
6
CONTINUOUS
10
4.3310171653543303
20
-3.2342172047244095
11
4.3314219291338585
21
-3.2339461023622045
0
LINE
8
F.Silkscreen
6
CONTINUOUS
10
4.3314219291338585
20
-3.2339461023622045
11
4.3317665748031491
21
-3.2336014960629922
0
LINE
8
F.Silkscreen
6
CONTINUOUS
10
4.3317665748031491
20
-3.2336014960629922
11
4.3322120866141729
21
-3.2334169291338584
0
LINE
8
F.Silkscreen
6
CONTINUOUS
10
4.3322120866141729
20
-3.2334169291338584
11
4.3326125984251966
21
-3.2331487401574801
0
LINE
8
F.Silkscreen
6
CONTINUOUS
10
4.3326125984251966
20
-3.2331487401574801
11
4.3330903543307082
21
-3.2330531496062993
0
LINE
8
F.Silkscreen
6
CONTINUOUS
10
4.3330903543307082
20
-3.2330531496062993
11
4.3335405905511806
21
-3.2328666929133858
0
LINE
8
F.Silkscreen
6
CONTINUOUS
10
4.3335405905511806
20
-3.2328666929133858
11
4.3340227165354328
21
-3.2328666929133858
0
LINE
8
F.Silkscreen
6
CONTINUOUS
10
4.3340227165354328
20
-3.2328666929133858
11
4.3344955118110233
21
-3.2327721259842517
0
LINE
8
F.Silkscreen
6
CONTINUOUS
10
4.3344955118110233
20
-3.2327721259842517
11
4.3349735039370074
21
-3.2328666929133858
0
LINE
8
F.Silkscreen
6
CONTINUOUS
10
4.1254870078740158
20
-3.2328666929133858
11
4.1256503149606294
21
-3.2329343307086615
0
LINE
8
F.Silkscreen
6
CONTINUOUS
10
4.1256503149606294
20
-3.2329343307086615
11
4.1258267716535428
21
-3.2329468897637796
0
LINE
8
F.Silkscreen
6
CONTINUOUS
10
4.1258267716535428
20
-3.2329468897637796
11
4.1267277952755901
21
-3.2332916929133857
0
LINE
8
F.Silkscreen
6
CONTINUOUS
10
4.1267277952755901
20
-3.2332916929133857
11
4.1342268503937003
21
-3.2370412204724408
0
LINE
8
F.Silkscreen
6
CONTINUOUS
10
4.1342268503937003
20
-3.2370412204724408
11
4.1346400787401576
21
-3.237301338582677
0
LINE
8
F.Silkscreen
6
CONTINUOUS
10
4.1346400787401576
20
-3.237301338582677
11
4.1347600787401575
21
-3.237351062992126
0
LINE
8
F.Silkscreen
6
CONTINUOUS
10
4.1347600787401575
20
-3.237351062992126
11
4.1348951574803152
21
-3.237461929133858
0
LINE
8
F.Silkscreen
6
CONTINUOUS
10
4.1348951574803152
20
-3.237461929133858
11
4.1350432677165356
21
-3.237555157480315
0
LINE
8
F.Silkscreen
6
CONTINUOUS
10
4.1350432677165356
20
-3.237555157480315
11
4.1351284251968501
21
-3.237653346456693
0
LINE
8
F.Silkscreen
6
CONTINUOUS
10
4.1351284251968501
20
-3.237653346456693
11
4.1355058267716531
21
-3.2379630708661415
0
LINE
8
F.Silkscreen
6
CONTINUOUS
10
4.1355058267716531
20
-3.2379630708661415
11
4.1392553543307082
21
-3.2417125984251967
0
LINE
8
F.Silkscreen
6
CONTINUOUS
10
4.1392553543307082
20
-3.2417125984251967
11
4.1395650393700789
21
-3.2420899606299214
0
LINE
8
F.Silkscreen
6
CONTINUOUS
10
4.1395650393700789
20
-3.2420899606299214
11
4.1396632677165357
21
-3.242175157480315
0
LINE
8
F.Silkscreen
6
CONTINUOUS
10
4.1396632677165357
20
-3.242175157480315
11
4.139756456692913
21
-3.2423232283464567
0
LINE
8
F.Silkscreen
6
CONTINUOUS
10
4.139756456692913
20
-3.2423232283464567
11
4.1398673622047246
21
-3.2424583464566927
0
LINE
8
F.Silkscreen
6
CONTINUOUS
10
4.1398673622047246
20
-3.2424583464566927
11
4.1399170472440945
21
-3.2425783070866143
0
LINE
8
F.Silkscreen
6
CONTINUOUS
10
4.1399170472440945
20
-3.2425783070866143
11
4.1401772047244094
21
-3.2429915748031495
0
LINE
8
F.Silkscreen
6
CONTINUOUS
10
4.1401772047244094
20
-3.2429915748031495
11
4.1439267716535433
21
-3.2504906692913385
0
LINE
8
F.Silkscreen
6
CONTINUOUS
10
4.1439267716535433
20
-3.2504906692913385
11
4.144271535433071
21
-3.2513916535433069
0
LINE
8
F.Silkscreen
6
CONTINUOUS
10
4.144271535433071
20
-3.2513916535433069
11
4.1442840551181099
21
-3.2515680708661416
0
LINE
8
F.Silkscreen
6
CONTINUOUS
10
4.1442840551181099
20
-3.2515680708661416
11
4.1443517322834644
21
-3.2517314173228344
0
LINE
8
F.Silkscreen
6
CONTINUOUS
10
4.1443517322834644
20
-3.2517314173228344
11
4.1444462992125981
21
-3.252691496062992
0
LINE
8
F.Silkscreen
6
CONTINUOUS
10
4.1444462992125981
20
-3.252691496062992
11
4.1444462992125981
21
-3.2639400787401573
0
LINE
8
F.Silkscreen
6
CONTINUOUS
10
4.1444462992125981
20
-3.2639400787401573
11
4.1443517322834644
21
-3.2649001574803149
0
LINE
8
F.Silkscreen
6
CONTINUOUS
10
4.1443517322834644
20
-3.2649001574803149
11
4.1442840551181099
21
-3.265063464566929
0
LINE
8
F.Silkscreen
6
CONTINUOUS
10
4.1442840551181099
20
-3.265063464566929
11
4.144271535433071
21
-3.2652399212598424
0
LINE
8
F.Silkscreen
6
CONTINUOUS
10
4.144271535433071
20
-3.2652399212598424
11
4.1439267716535433
21
-3.2661409055118109
0
LINE
8
F.Silkscreen
6
CONTINUOUS
10
4.1439267716535433
20
-3.2661409055118109
11
4.1401772047244094
21
-3.2736399999999999
0
LINE
8
F.Silkscreen
6
CONTINUOUS
10
4.1401772047244094
20
-3.2736399999999999
11
4.1399171653543307
21
-3.2740530708661417
0
LINE
8
F.Silkscreen
6
CONTINUOUS
10
4.1399171653543307
20
-3.2740530708661417
11
4.1398674015748034
21
-3.2741732283464566
0
LINE
8
F.Silkscreen
6
CONTINUOUS
10
4.1398674015748034
20
-3.2741732283464566
11
4.1397563385826768
21
-3.2743085039370077
0
LINE
8
F.Silkscreen
6
CONTINUOUS
10
4.1397563385826768
20
-3.2743085039370077
11
4.1396632677165357
21
-3.2744564173228348
0
LINE
8
F.Silkscreen
6
CONTINUOUS
10
4.1396632677165357
20
-3.2744564173228348
11
4.1395651574803152
21
-3.2745414566929134
0
LINE
8
F.Silkscreen
6
CONTINUOUS
10
4.1395651574803152
20
-3.2745414566929134
11
4.139255393700787
21
-3.2749189763779527
0
LINE
8
F.Silkscreen
6
CONTINUOUS
10
4.139255393700787
20
-3.2749189763779527
11
4.1355058661417319
21
-3.2786685433070866
0
LINE
8
F.Silkscreen
6
CONTINUOUS
10
4.1355058661417319
20
-3.2786685433070866
11
4.1351283464566926
21
-3.2789783464566931
0
LINE
8
F.Silkscreen
6
CONTINUOUS
10
4.1351283464566926
20
-3.2789783464566931
11
4.1350432677165356
21
-3.2790764566929131
0
LINE
8
F.Silkscreen
6
CONTINUOUS
10
4.1350432677165356
20
-3.2790764566929131
11
4.1348953149606302
21
-3.2791695669291339
0
LINE
8
F.Silkscreen
6
CONTINUOUS
10
4.1348953149606302
20
-3.2791695669291339
11
4.1347601181102362
21
-3.2792805511811021
0
LINE
8
F.Silkscreen
6
CONTINUOUS
10
4.1347601181102362
20
-3.2792805511811021
11
4.1346400000000001
21
-3.2793302755905511
0
LINE
8
F.Silkscreen
6
CONTINUOUS
10
4.1346400000000001
20
-3.2793302755905511
11
4.1342268503937003
21
-3.2795903937007873
0
LINE
8
F.Silkscreen
6
CONTINUOUS
10
4.1342268503937003
20
-3.2795903937007873
11
4.1267277952755901
21
-3.2833399212598424
0
LINE
8
F.Silkscreen
6
CONTINUOUS
10
4.1267277952755901
20
-3.2833399212598424
11
4.1258267716535428
21
-3.2836847244094489
0
LINE
8
F.Silkscreen
6
CONTINUOUS
10
4.1258267716535428
20
-3.2836847244094489
11
4.1256503149606294
21
-3.2836972440944883
0
LINE
8
F.Silkscreen
6
CONTINUOUS
10
4.1256503149606294
20
-3.2836972440944883
11
4.1254870078740158
21
-3.2837649212598423
0
LINE
8
F.Silkscreen
6
CONTINUOUS
10
4.1254870078740158
20
-3.2837649212598423
11
4.1245269291338582
21
-3.2838594881889764
0
LINE
8
F.Silkscreen
6
CONTINUOUS
10
4.1245269291338582
20
-3.2838594881889764
11
4.099451929133858
21
-3.2838594881889764
0
LINE
8
F.Silkscreen
6
CONTINUOUS
10
4.099451929133858
20
-3.2838594881889764
11
4.099451929133858
21
-3.3164335433070864
0
LINE
8
F.Silkscreen
6
CONTINUOUS
10
4.099451929133858
20
-3.3164335433070864
11
4.0993573622047244
21
-3.317393622047244
0
LINE
8
F.Silkscreen
6
CONTINUOUS
10
4.0993573622047244
20
-3.317393622047244
11
4.0986225590551184
21
-3.3191676377952755
0
LINE
8
F.Silkscreen
6
CONTINUOUS
10
4.0986225590551184
20
-3.3191676377952755
11
4.0972647637795276
21
-3.3205254330708662
0
LINE
8
F.Silkscreen
6
CONTINUOUS
10
4.0972647637795276
20
-3.3205254330708662
11
4.0954907480314962
21
-3.3212602362204722
0
LINE
8
F.Silkscreen
6
CONTINUOUS
10
4.0954907480314962
20
-3.3212602362204722
11
4.093570590551181
21
-3.3212602362204722
0
LINE
8
F.Silkscreen
6
CONTINUOUS
10
4.093570590551181
20
-3.3212602362204722
11
4.0917965748031495
21
-3.3205254330708662
0
LINE
8
F.Silkscreen
6
CONTINUOUS
10
4.0917965748031495
20
-3.3205254330708662
11
4.0904387795275587
21
-3.3191676377952755
0
LINE
8
F.Silkscreen
6
CONTINUOUS
10
4.0904387795275587
20
-3.3191676377952755
11
4.0897039763779528
21
-3.317393622047244
0
LINE
8
F.Silkscreen
6
CONTINUOUS
10
4.0897039763779528
20
-3.317393622047244
11
4.0896094094488191
21
-3.3164335433070864
0
LINE
8
F.Silkscreen
6
CONTINUOUS
10
4.0896094094488191
20
-3.3164335433070864
11
4.0896094094488191
21
-3.2376933858267716
0
LINE
8
F.Silkscreen
6
CONTINUOUS
10
4.0896094094488191
20
-3.2376933858267716
11
4.0897039763779528
21
-3.236733307086614
0
LINE
8
F.Silkscreen
6
CONTINUOUS
10
4.0897039763779528
20
-3.236733307086614
11
4.0904387795275587
21
-3.2349592913385825
0
LINE
8
F.Silkscreen
6
CONTINUOUS
10
4.0904387795275587
20
-3.2349592913385825
11
4.0917965748031495
21
-3.2336014960629922
0
LINE
8
F.Silkscreen
6
CONTINUOUS
10
4.0917965748031495
20
-3.2336014960629922
11
4.093570590551181
21
-3.2328666929133858
0
LINE
8
F.Silkscreen
6
CONTINUOUS
10
4.093570590551181
20
-3.2328666929133858
11
4.0945306692913386
21
-3.2327721259842517
0
LINE
8
F.Silkscreen
6
CONTINUOUS
10
4.0945306692913386
20
-3.2327721259842517
11
4.1245269291338582
21
-3.2327721259842517
0
LINE
8
F.Silkscreen
6
CONTINUOUS
10
4.1245269291338582
20
-3.2327721259842517
11
4.1254870078740158
21
-3.2328666929133858
0
LINE
8
F.Silkscreen
6
CONTINUOUS
10
4.099451929133858
20
-3.2740169685039371
11
4.1233651968503935
21
-3.2740169685039371
0
LINE
8
F.Silkscreen
6
CONTINUOUS
10
4.1233651968503935
20
-3.2740169685039371
11
4.1291107874015749
21
-3.2711441338582676
0
LINE
8
F.Silkscreen
6
CONTINUOUS
10
4.1291107874015749
20
-3.2711441338582676
11
4.1317309448818893
21
-3.268523937007874
0
LINE
8
F.Silkscreen
6
CONTINUOUS
10
4.1317309448818893
20
-3.268523937007874
11
4.1346037795275592
21
-3.2627783464566926
0
LINE
8
F.Silkscreen
6
CONTINUOUS
10
4.1346037795275592
20
-3.2627783464566926
11
4.1346037795275592
21
-3.2538532283464567
0
LINE
8
F.Silkscreen
6
CONTINUOUS
10
4.1346037795275592
20
-3.2538532283464567
11
4.1317309448818893
21
-3.2481075590551178
0
LINE
8
F.Silkscreen
6
CONTINUOUS
10
4.1317309448818893
20
-3.2481075590551178
11
4.1291108661417324
21
-3.2454874803149605
0
LINE
8
F.Silkscreen
6
CONTINUOUS
10
4.1291108661417324
20
-3.2454874803149605
11
4.1233651968503935
21
-3.2426146456692915
0
LINE
8
F.Silkscreen
6
CONTINUOUS
10
4.1233651968503935
20
-3.2426146456692915
11
4.099451929133858
21
-3.2426146456692915
0
LINE
8
F.Silkscreen
6
CONTINUOUS
10
4.099451929133858
20
-3.2426146456692915
11
4.099451929133858
21
-3.2740169685039371
0
LINE
8
F.Silkscreen
6
CONTINUOUS
10
4.2904663779527556
20
-3.2328666929133858
11
4.2922403937007871
21
-3.2336014960629922
0
LINE
8
F.Silkscreen
6
CONTINUOUS
10
4.2922403937007871
20
-3.2336014960629922
11
4.2935981889763779
21
-3.2349592913385825
0
LINE
8
F.Silkscreen
6
CONTINUOUS
10
4.2935981889763779
20
-3.2349592913385825
11
4.2943329921259838
21
-3.236733307086614
0
LINE
8
F.Silkscreen
6
CONTINUOUS
10
4.2943329921259838
20
-3.236733307086614
11
4.2943329921259838
21
-3.2386534645669292
0
LINE
8
F.Silkscreen
6
CONTINUOUS
10
4.2943329921259838
20
-3.2386534645669292
11
4.2935981889763779
21
-3.2404274803149606
0
LINE
8
F.Silkscreen
6
CONTINUOUS
10
4.2935981889763779
20
-3.2404274803149606
11
4.2922403937007871
21
-3.241785275590551
0
LINE
8
F.Silkscreen
6
CONTINUOUS
10
4.2922403937007871
20
-3.241785275590551
11
4.2904663779527556
21
-3.2425200787401574
0
LINE
8
F.Silkscreen
6
CONTINUOUS
10
4.2904663779527556
20
-3.2425200787401574
11
4.2895062992125981
21
-3.2426146456692915
0
LINE
8
F.Silkscreen
6
CONTINUOUS
10
4.2895062992125981
20
-3.2426146456692915
11
4.271930354330709
21
-3.2426146456692915
0
LINE
8
F.Silkscreen
6
CONTINUOUS
10
4.271930354330709
20
-3.2426146456692915
11
4.271930354330709
21
-3.3164335433070864
0
LINE
8
F.Silkscreen
6
CONTINUOUS
10
4.271930354330709
20
-3.3164335433070864
11
4.2718357874015744
21
-3.317393622047244
0
LINE
8
F.Silkscreen
6
CONTINUOUS
10
4.2718357874015744
20
-3.317393622047244
11
4.2711009842519685
21
-3.3191676377952755
0
LINE
8
F.Silkscreen
6
CONTINUOUS
10
4.2711009842519685
20
-3.3191676377952755
11
4.2697431889763777
21
-3.3205254330708662
0
LINE
8
F.Silkscreen
6
CONTINUOUS
10
4.2697431889763777
20
-3.3205254330708662
11
4.2679691732283462
21
-3.3212602362204722
0
LINE
8
F.Silkscreen
6
CONTINUOUS
10
4.2679691732283462
20
-3.3212602362204722
11
4.2660490157480311
21
-3.3212602362204722
0
LINE
8
F.Silkscreen
6
CONTINUOUS
10
4.2660490157480311
20
-3.3212602362204722
11
4.2642749999999996
21
-3.3205254330708662
0
LINE
8
F.Silkscreen
6
CONTINUOUS
10
4.2642749999999996
20
-3.3205254330708662
11
4.2629172047244097
21
-3.3191676377952755
0
LINE
8
F.Silkscreen
6
CONTINUOUS
10
4.2629172047244097
20
-3.3191676377952755
11
4.2621824015748029
21
-3.317393622047244
0
LINE
8
F.Silkscreen
6
CONTINUOUS
10
4.2621824015748029
20
-3.317393622047244
11
4.2620878346456692
21
-3.3164335433070864
0
LINE
8
F.Silkscreen
6
CONTINUOUS
10
4.2620878346456692
20
-3.3164335433070864
11
4.2620878346456692
21
-3.2426146456692915
0
LINE
8
F.Silkscreen
6
CONTINUOUS
10
4.2620878346456692
20
-3.2426146456692915
11
4.244511929133858
21
-3.2426146456692915
0
LINE
8
F.Silkscreen
6
CONTINUOUS
10
4.244511929133858
20
-3.2426146456692915
11
4.2435518503937004
21
-3.2425200787401574
0
LINE
8
F.Silkscreen
6
CONTINUOUS
10
4.2435518503937004
20
-3.2425200787401574
11
4.2417778346456689
21
-3.241785275590551
0
LINE
8
F.Silkscreen
6
CONTINUOUS
10
4.2417778346456689
20
-3.241785275590551
11
4.2404200393700791
21
-3.2404274803149606
0
LINE
8
F.Silkscreen
6
CONTINUOUS
10
4.2404200393700791
20
-3.2404274803149606
11
4.2396852362204722
21
-3.2386534645669292
0
LINE
8
F.Silkscreen
6
CONTINUOUS
10
4.2396852362204722
20
-3.2386534645669292
11
4.2396852362204722
21
-3.236733307086614
0
LINE
8
F.Silkscreen
6
CONTINUOUS
10
4.2396852362204722
20
-3.236733307086614
11
4.2404200393700791
21
-3.2349592913385825
0
LINE
8
F.Silkscreen
6
CONTINUOUS
10
4.2404200393700791
20
-3.2349592913385825
11
4.2417778346456689
21
-3.2336014960629922
0
LINE
8
F.Silkscreen
6
CONTINUOUS
10
4.2417778346456689
20
-3.2336014960629922
11
4.2435518503937004
21
-3.2328666929133858
0
LINE
8
F.Silkscreen
6
CONTINUOUS
10
4.2435518503937004
20
-3.2328666929133858
11
4.244511929133858
21
-3.2327721259842517
0
LINE
8
F.Silkscreen
6
CONTINUOUS
10
4.244511929133858
20
-3.2327721259842517
11
4.2895062992125981
21
-3.2327721259842517
0
LINE
8
F.Silkscreen
6
CONTINUOUS
10
4.2895062992125981
20
-3.2327721259842517
11
4.2904663779527556
21
-3.2328666929133858
0
LINE
8
F.Silkscreen
6
CONTINUOUS
10
5.190845236220472
20
-2.6830032677165354
11
5.1909263779527555
21
-2.6829975196850393
0
LINE
8
F.Silkscreen
6
CONTINUOUS
10
5.1909263779527555
20
-2.6829975196850393
11
5.1910330314960627
21
-2.6830217716535434
0
LINE
8
F.Silkscreen
6
CONTINUOUS
10
5.1910330314960627
20
-2.6830217716535434
11
5.1911416929133853
21
-2.6830324803149606
0
LINE
8
F.Silkscreen
6
CONTINUOUS
10
5.1911416929133853
20
-2.6830324803149606
11
5.1912166535433073
21
-2.6830635039370079
0
LINE
8
F.Silkscreen
6
CONTINUOUS
10
5.1912166535433073
20
-2.6830635039370079
11
5.1915142913385823
21
-2.6831312204724407
0
LINE
8
F.Silkscreen
6
CONTINUOUS
10
5.1915142913385823
20
-2.6831312204724407
11
5.1985446456692914
21
-2.6854746850393698
0
LINE
8
F.Silkscreen
6
CONTINUOUS
10
5.1985446456692914
20
-2.6854746850393698
11
5.1990951968503936
21
-2.6857205118110237
0
LINE
8
F.Silkscreen
6
CONTINUOUS
10
5.1990951968503936
20
-2.6857205118110237
11
5.1991786614173225
21
-2.6857929133858267
0
LINE
8
F.Silkscreen
6
CONTINUOUS
10
5.1991786614173225
20
-2.6857929133858267
11
5.1992808267716537
21
-2.6858352362204725
0
LINE
8
F.Silkscreen
6
CONTINUOUS
10
5.1992808267716537
20
-2.6858352362204725
11
5.1997469291338581
21
-2.6862177165354328
0
LINE
8
F.Silkscreen
6
CONTINUOUS
10
5.1997469291338581
20
-2.6862177165354328
11
5.2044338582677163
21
-2.6909046456692911
0
LINE
8
F.Silkscreen
6
CONTINUOUS
10
5.2044338582677163
20
-2.6909046456692911
11
5.2046274803149606
21
-2.6911405511811024
0
LINE
8
F.Silkscreen
6
CONTINUOUS
10
5.2046274803149606
20
-2.6911405511811024
11
5.2046888188976377
21
-2.6911937795275591
0
LINE
8
F.Silkscreen
6
CONTINUOUS
10
5.2046888188976377
20
-2.6911937795275591
11
5.2047470078740155
21
-2.691286220472441
0
LINE
8
F.Silkscreen
6
CONTINUOUS
10
5.2047470078740155
20
-2.691286220472441
11
5.2048163385826767
21
-2.6913707086614171
0
LINE
8
F.Silkscreen
6
CONTINUOUS
10
5.2048163385826767
20
-2.6913707086614171
11
5.2048474015748027
21
-2.6914457480314962
0
LINE
8
F.Silkscreen
6
CONTINUOUS
10
5.2048474015748027
20
-2.6914457480314962
11
5.2050099999999997
21
-2.6917040551181102
0
LINE
8
F.Silkscreen
6
CONTINUOUS
10
5.2050099999999997
20
-2.6917040551181102
11
5.2073534251968505
21
-2.6963909055118109
0
LINE
8
F.Silkscreen
6
CONTINUOUS
10
5.2073534251968505
20
-2.6963909055118109
11
5.2073701968503938
21
-2.6964348031496064
0
LINE
8
F.Silkscreen
6
CONTINUOUS
10
5.2073701968503938
20
-2.6964348031496064
11
5.207383464566929
21
-2.6964526771653543
0
LINE
8
F.Silkscreen
6
CONTINUOUS
10
5.207383464566929
20
-2.6964526771653543
11
5.2074735433070867
21
-2.6967049212598426
0
LINE
8
F.Silkscreen
6
CONTINUOUS
10
5.2074735433070867
20
-2.6967049212598426
11
5.2075688976377954
21
-2.6969540551181104
0
LINE
8
F.Silkscreen
6
CONTINUOUS
10
5.2075688976377954
20
-2.6969540551181104
11
5.2075704330708659
21
-2.6969761417322835
0
LINE
8
F.Silkscreen
6
CONTINUOUS
10
5.2075704330708659
20
-2.6969761417322835
11
5.2075862992125987
21
-2.6970204724409448
0
LINE
8
F.Silkscreen
6
CONTINUOUS
10
5.2075862992125987
20
-2.6970204724409448
11
5.2099297637795274
21
-2.7063943307086613
0
LINE
8
F.Silkscreen
6
CONTINUOUS
10
5.2099297637795274
20
-2.7063943307086613
11
5.2099451181102365
21
-2.7064983070866142
0
LINE
8
F.Silkscreen
6
CONTINUOUS
10
5.2099451181102365
20
-2.7064983070866142
11
5.209962519685039
21
-2.7065402755905512
0
LINE
8
F.Silkscreen
6
CONTINUOUS
10
5.209962519685039
20
-2.7065402755905512
11
5.2099847637795271
21
-2.7067661417322832
0
LINE
8
F.Silkscreen
6
CONTINUOUS
10
5.2099847637795271
20
-2.7067661417322832
11
5.2100179921259837
21
-2.7069907874015748
0
LINE
8
F.Silkscreen
6
CONTINUOUS
10
5.2100179921259837
20
-2.7069907874015748
11
5.2100112992125984
21
-2.7070356692913387
0
LINE
8
F.Silkscreen
6
CONTINUOUS
10
5.2100112992125984
20
-2.7070356692913387
11
5.2100216141732281
21
-2.7071403149606299
0
LINE
8
F.Silkscreen
6
CONTINUOUS
10
5.2100216141732281
20
-2.7071403149606299
11
5.2100216141732281
21
-2.7141706692913385
0
LINE
8
F.Silkscreen
6
CONTINUOUS
10
5.2100216141732281
20
-2.7141706692913385
11
5.2100112992125984
21
-2.714275275590551
0
LINE
8
F.Silkscreen
6
CONTINUOUS
10
5.2100112992125984
20
-2.714275275590551
11
5.2100179921259837
21
-2.7143201968503936
0
LINE
8
F.Silkscreen
6
CONTINUOUS
10
5.2100179921259837
20
-2.7143201968503936
11
5.2099847637795271
21
-2.7145448031496064
0
LINE
8
F.Silkscreen
6
CONTINUOUS
10
5.2099847637795271
20
-2.7145448031496064
11
5.209962519685039
21
-2.7147707086614172
0
LINE
8
F.Silkscreen
6
CONTINUOUS
10
5.209962519685039
20
-2.7147707086614172
11
5.2099451181102365
21
-2.7148126377952755
0
LINE
8
F.Silkscreen
6
CONTINUOUS
10
5.2099451181102365
20
-2.7148126377952755
11
5.2099297637795274
21
-2.7149166535433071
0
LINE
8
F.Silkscreen
6
CONTINUOUS
10
5.2099297637795274
20
-2.7149166535433071
11
5.2075862992125987
21
-2.7242904724409449
0
LINE
8
F.Silkscreen
6
CONTINUOUS
10
5.2075862992125987
20
-2.7242904724409449
11
5.2075705118110234
21
-2.7243346456692912
0
LINE
8
F.Silkscreen
6
CONTINUOUS
10
5.2075705118110234
20
-2.7243346456692912
11
5.2075689370078742
21
-2.7243568897637793
0
LINE
8
F.Silkscreen
6
CONTINUOUS
10
5.2075689370078742
20
-2.7243568897637793
11
5.2074733464566929
21
-2.7246065748031496
0
LINE
8
F.Silkscreen
6
CONTINUOUS
10
5.2074733464566929
20
-2.7246065748031496
11
5.207383464566929
21
-2.7248582677165354
0
LINE
8
F.Silkscreen
6
CONTINUOUS
10
5.207383464566929
20
-2.7248582677165354
11
5.2073701968503938
21
-2.7248761417322833
0
LINE
8
F.Silkscreen
6
CONTINUOUS
10
5.2073701968503938
20
-2.7248761417322833
11
5.2073534251968505
21
-2.72492
0
LINE
8
F.Silkscreen
6
CONTINUOUS
10
5.2073534251968505
20
-2.72492
11
5.2050099999999997
21
-2.7296069291338583
0
LINE
8
F.Silkscreen
6
CONTINUOUS
10
5.2050099999999997
20
-2.7296069291338583
11
5.2048474015748027
21
-2.7298651968503935
0
LINE
8
F.Silkscreen
6
CONTINUOUS
10
5.2048474015748027
20
-2.7298651968503935
11
5.2048163385826767
21
-2.7299402755905513
0
LINE
8
F.Silkscreen
6
CONTINUOUS
10
5.2048163385826767
20
-2.7299402755905513
11
5.2047470078740155
21
-2.7300247244094487
0
LINE
8
F.Silkscreen
6
CONTINUOUS
10
5.2047470078740155
20
-2.7300247244094487
11
5.2046888188976377
21
-2.7301172047244093
0
LINE
8
F.Silkscreen
6
CONTINUOUS
10
5.2046888188976377
20
-2.7301172047244093
11
5.2046274409448818
21
-2.7301703937007873
0
LINE
8
F.Silkscreen
6
CONTINUOUS
10
5.2046274409448818
20
-2.7301703937007873
11
5.2044338582677163
21
-2.7304063385826769
0
LINE
8
F.Silkscreen
6
CONTINUOUS
10
5.2044338582677163
20
-2.7304063385826769
11
5.1997469291338581
21
-2.7350932677165352
0
LINE
8
F.Silkscreen
6
CONTINUOUS
10
5.1997469291338581
20
-2.7350932677165352
11
5.1992808267716537
21
-2.735475748031496
0
LINE
8
F.Silkscreen
6
CONTINUOUS
10
5.1992808267716537
20
-2.735475748031496
11
5.1991786614173225
21
-2.735518031496063
0
LINE
8
F.Silkscreen
6
CONTINUOUS
10
5.1991786614173225
20
-2.735518031496063
11
5.1990951968503936
21
-2.7355904724409448
0
LINE
8
F.Silkscreen
6
CONTINUOUS
10
5.1990951968503936
20
-2.7355904724409448
11
5.1985446456692914
21
-2.7358362992125982
0
LINE
8
F.Silkscreen
6
CONTINUOUS
10
5.1985446456692914
20
-2.7358362992125982
11
5.1915142913385823
21
-2.7381797244094486
0
LINE
8
F.Silkscreen
6
CONTINUOUS
10
5.1915142913385823
20
-2.7381797244094486
11
5.1912166929133861
21
-2.7382473622047243
0
LINE
8
F.Silkscreen
6
CONTINUOUS
10
5.1912166929133861
20
-2.7382473622047243
11
5.1911416929133853
21
-2.7382784645669291
0
LINE
8
F.Silkscreen
6
CONTINUOUS
10
5.1911416929133853
20
-2.7382784645669291
11
5.1910329921259839
21
-2.7382891338582676
0
LINE
8
F.Silkscreen
6
CONTINUOUS
10
5.1910329921259839
20
-2.7382891338582676
11
5.1909263385826767
21
-2.7383134251968504
0
LINE
8
F.Silkscreen
6
CONTINUOUS
10
5.1909263385826767
20
-2.7383134251968504
11
5.1908451968503933
21
-2.7383076377952755
0
LINE
8
F.Silkscreen
6
CONTINUOUS
10
5.1908451968503933
20
-2.7383076377952755
11
5.1905416535433071
21
-2.7383375590551182
0
LINE
8
F.Silkscreen
6
CONTINUOUS
10
5.1905416535433071
20
-2.7383375590551182
11
5.1788243700787397
21
-2.7383375590551182
0
LINE
8
F.Silkscreen
6
CONTINUOUS
10
5.1788243700787397
20
-2.7383375590551182
11
5.1782243307086615
21
-2.7382784645669291
0
LINE
8
F.Silkscreen
6
CONTINUOUS
10
5.1782243307086615
20
-2.7382784645669291
11
5.1771155511811022
21
-2.7378192125984251
0
LINE
8
F.Silkscreen
6
CONTINUOUS
10
5.1771155511811022
20
-2.7378192125984251
11
5.1762669291338579
21
-2.7369705905511812
0
LINE
8
F.Silkscreen
6
CONTINUOUS
10
5.1762669291338579
20
-2.7369705905511812
11
5.1758076771653538
21
-2.7358618110236219
0
LINE
8
F.Silkscreen
6
CONTINUOUS
10
5.1758076771653538
20
-2.7358618110236219
11
5.1757485826771656
21
-2.7352617716535432
0
LINE
8
F.Silkscreen
6
CONTINUOUS
10
5.1757485826771656
20
-2.7352617716535432
11
5.1757485826771656
21
-2.6860491732283465
0
LINE
8
F.Silkscreen
6
CONTINUOUS
10
5.1757485826771656
20
-2.6860491732283465
11
5.1758076771653538
21
-2.6854491338582678
0
LINE
8
F.Silkscreen
6
CONTINUOUS
10
5.1758076771653538
20
-2.6854491338582678
11
5.1762669291338579
21
-2.6843403543307085
0
LINE
8
F.Silkscreen
6
CONTINUOUS
10
5.1762669291338579
20
-2.6843403543307085
11
5.1771155511811022
21
-2.6834917322834646
0
LINE
8
F.Silkscreen
6
CONTINUOUS
10
5.1771155511811022
20
-2.6834917322834646
11
5.1782243307086615
21
-2.6830324803149606
0
LINE
8
F.Silkscreen
6
CONTINUOUS
10
5.1782243307086615
20
-2.6830324803149606
11
5.1788243700787397
21
-2.6829733858267715
0
LINE
8
F.Silkscreen
6
CONTINUOUS
10
5.1788243700787397
20
-2.6829733858267715
11
5.1905416535433071
21
-2.6829733858267715
0
LINE
8
F.Silkscreen
6
CONTINUOUS
10
5.1905416535433071
20
-2.6829733858267715
11
5.190845236220472
21
-2.6830032677165354
0
LINE
8
F.Silkscreen
6
CONTINUOUS
10
5.1819001574803147
20
-2.7321859842519682
11
5.190042519685039
21
-2.7321859842519682
0
LINE
8
F.Silkscreen
6
CONTINUOUS
10
5.190042519685039
20
-2.7321859842519682
11
5.1959104724409446
21
-2.7302300000000002
0
LINE
8
F.Silkscreen
6
CONTINUOUS
10
5.1959104724409446
20
-2.7302300000000002
11
5.1997311023622048
21
-2.72640937007874
0
LINE
8
F.Silkscreen
6
CONTINUOUS
10
5.1997311023622048
20
-2.72640937007874
11
5.201700275590551
21
-2.7224709448818896
0
LINE
8
F.Silkscreen
6
CONTINUOUS
10
5.201700275590551
20
-2.7224709448818896
11
5.203870039370079
21
-2.7137920472440946
0
LINE
8
F.Silkscreen
6
CONTINUOUS
10
5.203870039370079
20
-2.7137920472440946
11
5.203870039370079
21
-2.7075188976377951
0
LINE
8
F.Silkscreen
6
CONTINUOUS
10
5.203870039370079
20
-2.7075188976377951
11
5.201700275590551
21
-2.6988399606299214
0
LINE
8
F.Silkscreen
6
CONTINUOUS
10
5.201700275590551
20
-2.6988399606299214
11
5.1997311023622048
21
-2.6949015748031497
0
LINE
8
F.Silkscreen
6
CONTINUOUS
10
5.1997311023622048
20
-2.6949015748031497
11
5.1959104724409446
21
-2.6910809448818895
0
LINE
8
F.Silkscreen
6
CONTINUOUS
10
5.1959104724409446
20
-2.6910809448818895
11
5.190042519685039
21
-2.689124960629921
0
LINE
8
F.Silkscreen
6
CONTINUOUS
10
5.190042519685039
20
-2.689124960629921
11
5.1819001574803147
21
-2.689124960629921
0
LINE
8
F.Silkscreen
6
CONTINUOUS
10
5.1819001574803147
20
-2.689124960629921
11
5.1819001574803147
21
-2.7321859842519682
0
LINE
8
F.Silkscreen
6
CONTINUOUS
10
5.2426977165354334
20
-2.6830324803149606
11
5.2427997637795274
21
-2.6830747244094488
0
LINE
8
F.Silkscreen
6
CONTINUOUS
10
5.2427997637795274
20
-2.6830747244094488
11
5.2429100787401577
21
-2.6830825984251967
0
LINE
8
F.Silkscreen
6
CONTINUOUS
10
5.2429100787401577
20
-2.6830825984251967
11
5.2434732283464562
21
-2.6832981102362203
0
LINE
8
F.Silkscreen
6
CONTINUOUS
10
5.2434732283464562
20
-2.6832981102362203
11
5.2481601574803145
21
-2.6856415748031495
0
LINE
8
F.Silkscreen
6
CONTINUOUS
10
5.2481601574803145
20
-2.6856415748031495
11
5.248418464566929
21
-2.6858041732283464
0
LINE
8
F.Silkscreen
6
CONTINUOUS
10
5.248418464566929
20
-2.6858041732283464
11
5.24849342519685
21
-2.6858352362204725
0
LINE
8
F.Silkscreen
6
CONTINUOUS
10
5.24849342519685
20
-2.6858352362204725
11
5.2485778346456691
21
-2.6859044881889762
0
LINE
8
F.Silkscreen
6
CONTINUOUS
10
5.2485778346456691
20
-2.6859044881889762
11
5.248670433070866
21
-2.6859627952755907
0
LINE
8
F.Silkscreen
6
CONTINUOUS
10
5.248670433070866
20
-2.6859627952755907
11
5.2487236614173227
21
-2.6860241338582678
0
LINE
8
F.Silkscreen
6
CONTINUOUS
10
5.2487236614173227
20
-2.6860241338582678
11
5.2489595275590553
21
-2.6862177165354328
0
LINE
8
F.Silkscreen
6
CONTINUOUS
10
5.2489595275590553
20
-2.6862177165354328
11
5.2513029921259839
21
-2.6885612204724407
0
LINE
8
F.Silkscreen
6
CONTINUOUS
10
5.2513029921259839
20
-2.6885612204724407
11
5.2514965354330707
21
-2.6887970472440945
0
LINE
8
F.Silkscreen
6
CONTINUOUS
10
5.2514965354330707
20
-2.6887970472440945
11
5.2515579527559053
21
-2.68885031496063
0
LINE
8
F.Silkscreen
6
CONTINUOUS
10
5.2515579527559053
20
-2.68885031496063
11
5.2516161417322831
21
-2.6889427559055119
0
LINE
8
F.Silkscreen
6
CONTINUOUS
10
5.2516161417322831
20
-2.6889427559055119
11
5.2516855118110239
21
-2.6890272834645668
0
LINE
8
F.Silkscreen
6
CONTINUOUS
10
5.2516855118110239
20
-2.6890272834645668
11
5.2517165748031491
21
-2.6891023228346458
0
LINE
8
F.Silkscreen
6
CONTINUOUS
10
5.2517165748031491
20
-2.6891023228346458
11
5.2518791338582673
21
-2.6893605511811023
0
LINE
8
F.Silkscreen
6
CONTINUOUS
10
5.2518791338582673
20
-2.6893605511811023
11
5.2542225984251969
21
-2.6940475196850393
0
LINE
8
F.Silkscreen
6
CONTINUOUS
10
5.2542225984251969
20
-2.6940475196850393
11
5.2542393700787402
21
-2.6940913385826772
0
LINE
8
F.Silkscreen
6
CONTINUOUS
10
5.2542393700787402
20
-2.6940913385826772
11
5.2542526377952754
21
-2.6941092519685039
0
LINE
8
F.Silkscreen
6
CONTINUOUS
10
5.2542526377952754
20
-2.6941092519685039
11
5.2543425196850393
21
-2.694360905511811
0
LINE
8
F.Silkscreen
6
CONTINUOUS
10
5.2543425196850393
20
-2.694360905511811
11
5.2544381102362205
21
-2.69461062992126
0
LINE
8
F.Silkscreen
6
CONTINUOUS
10
5.2544381102362205
20
-2.69461062992126
11
5.2544396850393698
21
-2.6946328346456694
0
LINE
8
F.Silkscreen
6
CONTINUOUS
10
5.2544396850393698
20
-2.6946328346456694
11
5.2544554724409451
21
-2.6946770472440944
0
LINE
8
F.Silkscreen
6
CONTINUOUS
10
5.2544554724409451
20
-2.6946770472440944
11
5.2567989370078738
21
-2.7040509055118109
0
LINE
8
F.Silkscreen
6
CONTINUOUS
10
5.2567989370078738
20
-2.7040509055118109
11
5.2568142913385829
21
-2.7041549606299213
0
LINE
8
F.Silkscreen
6
CONTINUOUS
10
5.2568142913385829
20
-2.7041549606299213
11
5.2568316535433066
21
-2.7041968110236221
0
LINE
8
F.Silkscreen
6
CONTINUOUS
10
5.2568316535433066
20
-2.7041968110236221
11
5.256853858267716
21
-2.7044225196850391
0
LINE
8
F.Silkscreen
6
CONTINUOUS
10
5.256853858267716
20
-2.7044225196850391
11
5.2568871259842522
21
-2.7046473622047245
0
LINE
8
F.Silkscreen
6
CONTINUOUS
10
5.2568871259842522
20
-2.7046473622047245
11
5.2568804330708661
21
-2.7046922440944883
0
LINE
8
F.Silkscreen
6
CONTINUOUS
10
5.2568804330708661
20
-2.7046922440944883
11
5.2568907480314957
21
-2.7047968503937008
0
LINE
8
F.Silkscreen
6
CONTINUOUS
10
5.2568907480314957
20
-2.7047968503937008
11
5.2568907480314957
21
-2.7165141338582677
0
LINE
8
F.Silkscreen
6
CONTINUOUS
10
5.2568907480314957
20
-2.7165141338582677
11
5.2568804330708661
21
-2.7166187007874014
0
LINE
8
F.Silkscreen
6
CONTINUOUS
10
5.2568804330708661
20
-2.7166187007874014
11
5.2568871259842522
21
-2.716663622047244
0
LINE
8
F.Silkscreen
6
CONTINUOUS
10
5.2568871259842522
20
-2.716663622047244
11
5.256853858267716
21
-2.7168884251968501
0
LINE
8
F.Silkscreen
6
CONTINUOUS
10
5.256853858267716
20
-2.7168884251968501
11
5.2568316535433066
21
-2.7171141732283464
0
LINE
8
F.Silkscreen
6
CONTINUOUS
10
5.2568316535433066
20
-2.7171141732283464
11
5.2568142913385829
21
-2.7171559842519684
0
LINE
8
F.Silkscreen
6
CONTINUOUS
10
5.2568142913385829
20
-2.7171559842519684
11
5.2567989370078738
21
-2.7172600787401575
0
LINE
8
F.Silkscreen
6
CONTINUOUS
10
5.2567989370078738
20
-2.7172600787401575
11
5.2544554724409451
21
-2.726633937007874
0
LINE
8
F.Silkscreen
6
CONTINUOUS
10
5.2544554724409451
20
-2.726633937007874
11
5.2544396850393698
21
-2.7266781102362203
0
LINE
8
F.Silkscreen
6
CONTINUOUS
10
5.2544396850393698
20
-2.7266781102362203
11
5.2544381102362205
21
-2.7267003543307085
0
LINE
8
F.Silkscreen
6
CONTINUOUS
10
5.2544381102362205
20
-2.7267003543307085
11
5.2543425196850393
21
-2.7269500393700787
0
LINE
8
F.Silkscreen
6
CONTINUOUS
10
5.2543425196850393
20
-2.7269500393700787
11
5.2542526377952754
21
-2.7272017322834645
0
LINE
8
F.Silkscreen
6
CONTINUOUS
10
5.2542526377952754
20
-2.7272017322834645
11
5.2542393700787402
21
-2.7272196062992125
0
LINE
8
F.Silkscreen
6
CONTINUOUS
10
5.2542393700787402
20
-2.7272196062992125
11
5.2542225984251969
21
-2.7272634645669291
0
LINE
8
F.Silkscreen
6
CONTINUOUS
10
5.2542225984251969
20
-2.7272634645669291
11
5.2518791338582673
21
-2.7319504330708662
0
LINE
8
F.Silkscreen
6
CONTINUOUS
10
5.2518791338582673
20
-2.7319504330708662
11
5.2517165748031491
21
-2.7322086220472439
0
LINE
8
F.Silkscreen
6
CONTINUOUS
10
5.2517165748031491
20
-2.7322086220472439
11
5.2516855118110239
21
-2.7322837007874017
0
LINE
8
F.Silkscreen
6
CONTINUOUS
10
5.2516855118110239
20
-2.7322837007874017
11
5.2516161417322831
21
-2.7323681889763778
0
LINE
8
F.Silkscreen
6
CONTINUOUS
10
5.2516161417322831
20
-2.7323681889763778
11
5.2515579527559053
21
-2.7324606692913385
0
LINE
8
F.Silkscreen
6
CONTINUOUS
10
5.2515579527559053
20
-2.7324606692913385
11
5.2514965354330707
21
-2.7325138976377952
0
LINE
8
F.Silkscreen
6
CONTINUOUS
10
5.2514965354330707
20
-2.7325138976377952
11
5.2513029921259839
21
-2.7327497637795277
0
LINE
8
F.Silkscreen
6
CONTINUOUS
10
5.2513029921259839
20
-2.7327497637795277
11
5.2489595275590553
21
-2.7350932677165352
0
LINE
8
F.Silkscreen
6
CONTINUOUS
10
5.2489595275590553
20
-2.7350932677165352
11
5.248723622047244
21
-2.7352868110236219
0
LINE
8
F.Silkscreen
6
CONTINUOUS
10
5.248723622047244
20
-2.7352868110236219
11
5.2486703937007873
21
-2.7353482283464565
0
LINE
8
F.Silkscreen
6
CONTINUOUS
10
5.2486703937007873
20
-2.7353482283464565
11
5.2485777952755903
21
-2.7354064960629922
0
LINE
8
F.Silkscreen
6
CONTINUOUS
10
5.2485777952755903
20
-2.7354064960629922
11
5.24849342519685
21
-2.735475748031496
0
LINE
8
F.Silkscreen
6
CONTINUOUS
10
5.24849342519685
20
-2.735475748031496
11
5.2484184251968502
21
-2.7355067716535433
0
LINE
8
F.Silkscreen
6
CONTINUOUS
10
5.2484184251968502
20
-2.7355067716535433
11
5.2481601181102358
21
-2.735669409448819
0
LINE
8
F.Silkscreen
6
CONTINUOUS
10
5.2481601181102358
20
-2.735669409448819
11
5.2434731889763775
21
-2.7380128346456694
0
LINE
8
F.Silkscreen
6
CONTINUOUS
10
5.2434731889763775
20
-2.7380128346456694
11
5.2429100787401577
21
-2.738228346456693
0
LINE
8
F.Silkscreen
6
CONTINUOUS
10
5.2429100787401577
20
-2.738228346456693
11
5.2427997637795274
21
-2.7382361811023621
0
LINE
8
F.Silkscreen
6
CONTINUOUS
10
5.2427997637795274
20
-2.7382361811023621
11
5.2426977165354334
21
-2.7382784645669291
0
LINE
8
F.Silkscreen
6
CONTINUOUS
10
5.2426977165354334
20
-2.7382784645669291
11
5.2420976771653542
21
-2.7383375590551182
0
LINE
8
F.Silkscreen
6
CONTINUOUS
10
5.2420976771653542
20
-2.7383375590551182
11
5.2374107874015747
21
-2.7383375590551182
0
LINE
8
F.Silkscreen
6
CONTINUOUS
10
5.2374107874015747
20
-2.7383375590551182
11
5.2368107480314956
21
-2.7382784645669291
0
LINE
8
F.Silkscreen
6
CONTINUOUS
10
5.2368107480314956
20
-2.7382784645669291
11
5.2367086614173228
21
-2.7382361811023621
0
LINE
8
F.Silkscreen
6
CONTINUOUS
10
5.2367086614173228
20
-2.7382361811023621
11
5.2365983858267713
21
-2.738228346456693
0
LINE
8
F.Silkscreen
6
CONTINUOUS
10
5.2365983858267713
20
-2.738228346456693
11
5.2360352755905515
21
-2.7380128346456694
0
LINE
8
F.Silkscreen
6
CONTINUOUS
10
5.2360352755905515
20
-2.7380128346456694
11
5.2313483464566932
21
-2.735669409448819
0
LINE
8
F.Silkscreen
6
CONTINUOUS
10
5.2313483464566932
20
-2.735669409448819
11
5.231090157480315
21
-2.7355068897637795
0
LINE
8
F.Silkscreen
6
CONTINUOUS
10
5.231090157480315
20
-2.7355068897637795
11
5.2310150393700789
21
-2.7354757874015747
0
LINE
8
F.Silkscreen
6
CONTINUOUS
10
5.2310150393700789
20
-2.7354757874015747
11
5.2309305118110236
21
-2.7354064173228347
0
LINE
8
F.Silkscreen
6
CONTINUOUS
10
5.2309305118110236
20
-2.7354064173228347
11
5.2308380708661417
21
-2.7353482283464565
0
LINE
8
F.Silkscreen
6
CONTINUOUS
10
5.2308380708661417
20
-2.7353482283464565
11
5.2307848031496063
21
-2.7352868110236219
0
LINE
8
F.Silkscreen
6
CONTINUOUS
10
5.2307848031496063
20
-2.7352868110236219
11
5.2305489763779525
21
-2.7350932677165352
0
LINE
8
F.Silkscreen
6
CONTINUOUS
10
5.2305489763779525
20
-2.7350932677165352
11
5.228205472440945
21
-2.732749803149606
0
LINE
8
F.Silkscreen
6
CONTINUOUS
10
5.228205472440945
20
-2.732749803149606
11
5.2280118897637795
21
-2.7325138976377952
0
LINE
8
F.Silkscreen
6
CONTINUOUS
10
5.2280118897637795
20
-2.7325138976377952
11
5.2279505118110237
21
-2.7324606692913385
0
LINE
8
F.Silkscreen
6
CONTINUOUS
10
5.2279505118110237
20
-2.7324606692913385
11
5.2278922047244096
21
-2.7323680708661415
0
LINE
8
F.Silkscreen
6
CONTINUOUS
10
5.2278922047244096
20
-2.7323680708661415
11
5.2278229921259838
21
-2.7322837007874017
0
LINE
8
F.Silkscreen
6
CONTINUOUS
10
5.2278229921259838
20
-2.7322837007874017
11
5.2277919291338577
21
-2.7322087007874014
0
LINE
8
F.Silkscreen
6
CONTINUOUS
10
5.2277919291338577
20
-2.7322087007874014
11
5.2276293307086616
21
-2.7319503937007874
0
LINE
8
F.Silkscreen
6
CONTINUOUS
10
5.2276293307086616
20
-2.7319503937007874
11
5.2252859055118108
21
-2.7272634645669291
0
LINE
8
F.Silkscreen
6
CONTINUOUS
10
5.2252859055118108
20
-2.7272634645669291
11
5.2252690944881888
21
-2.7272196062992125
0
LINE
8
F.Silkscreen
6
CONTINUOUS
10
5.2252690944881888
20
-2.7272196062992125
11
5.2252558661417323
21
-2.7272017322834645
0
LINE
8
F.Silkscreen
6
CONTINUOUS
10
5.2252558661417323
20
-2.7272017322834645
11
5.2251659448818897
21
-2.7269500393700787
0
LINE
8
F.Silkscreen
6
CONTINUOUS
10
5.2251659448818897
20
-2.7269500393700787
11
5.2250703937007872
21
-2.7267003543307085
0
LINE
8
F.Silkscreen
6
CONTINUOUS
10
5.2250703937007872
20
-2.7267003543307085
11
5.2250687795275592
21
-2.7266781102362203
0
LINE
8
F.Silkscreen
6
CONTINUOUS
10
5.2250687795275592
20
-2.7266781102362203
11
5.2250530314960626
21
-2.726633937007874
0
LINE
8
F.Silkscreen
6
CONTINUOUS
10
5.2250530314960626
20
-2.726633937007874
11
5.2227095669291339
21
-2.7172601181102363
0
LINE
8
F.Silkscreen
6
CONTINUOUS
10
5.2227095669291339
20
-2.7172601181102363
11
5.2226941732283461
21
-2.7171561023622046
0
LINE
8
F.Silkscreen
6
CONTINUOUS
10
5.2226941732283461
20
-2.7171561023622046
11
5.2226768110236224
21
-2.7171141732283464
0
LINE
8
F.Silkscreen
6
CONTINUOUS
10
5.2226768110236224
20
-2.7171141732283464
11
5.2226545275590546
21
-2.7168882677165356
0
LINE
8
F.Silkscreen
6
CONTINUOUS
10
5.2226545275590546
20
-2.7168882677165356
11
5.2226213385826767
21
-2.7166636614173227
0
LINE
8
F.Silkscreen
6
CONTINUOUS
10
5.2226213385826767
20
-2.7166636614173227
11
5.2226279921259842
21
-2.7166187401574802
0
LINE
8
F.Silkscreen
6
CONTINUOUS
10
5.2226279921259842
20
-2.7166187401574802
11
5.2226177165354333
21
-2.7165141338582677
0
LINE
8
F.Silkscreen
6
CONTINUOUS
10
5.2226177165354333
20
-2.7165141338582677
11
5.2226177165354333
21
-2.7047968503937008
0
LINE
8
F.Silkscreen
6
CONTINUOUS
10
5.2226177165354333
20
-2.7047968503937008
11
5.2226279921259842
21
-2.7046922047244095
0
LINE
8
F.Silkscreen
6
CONTINUOUS
10
5.2226279921259842
20
-2.7046922047244095
11
5.2226213385826767
21
-2.7046473228346457
0
LINE
8
F.Silkscreen
6
CONTINUOUS
10
5.2226213385826767
20
-2.7046473228346457
11
5.2226545275590546
21
-2.7044226771653541
0
LINE
8
F.Silkscreen
6
CONTINUOUS
10
5.2226545275590546
20
-2.7044226771653541
11
5.2226768110236224
21
-2.7041968110236221
0
LINE
8
F.Silkscreen
6
CONTINUOUS
10
5.2226768110236224
20
-2.7041968110236221
11
5.2226941732283461
21
-2.7041548425196851
0
LINE
8
F.Silkscreen
6
CONTINUOUS
10
5.2226941732283461
20
-2.7041548425196851
11
5.2227095669291339
21
-2.7040508661417322
0
LINE
8
F.Silkscreen
6
CONTINUOUS
10
5.2227095669291339
20
-2.7040508661417322
11
5.2250530314960626
21
-2.6946770472440944
0
LINE
8
F.Silkscreen
6
CONTINUOUS
10
5.2250530314960626
20
-2.6946770472440944
11
5.2250687795275592
21
-2.6946328346456694
0
LINE
8
F.Silkscreen
6
CONTINUOUS
10
5.2250687795275592
20
-2.6946328346456694
11
5.2250703937007872
21
-2.69461062992126
0
LINE
8
F.Silkscreen
6
CONTINUOUS
10
5.2250703937007872
20
-2.69461062992126
11
5.2251659448818897
21
-2.694360905511811
0
LINE
8
F.Silkscreen
6
CONTINUOUS
10
5.2251659448818897
20
-2.694360905511811
11
5.2252558661417323
21
-2.6941092519685039
0
LINE
8
F.Silkscreen
6
CONTINUOUS
10
5.2252558661417323
20
-2.6941092519685039
11
5.2252690944881888
21
-2.6940913385826772
0
LINE
8
F.Silkscreen
6
CONTINUOUS
10
5.2252690944881888
20
-2.6940913385826772
11
5.2252859055118108
21
-2.6940475196850393
0
LINE
8
F.Silkscreen
6
CONTINUOUS
10
5.2252859055118108
20
-2.6940475196850393
11
5.2276293307086616
21
-2.689360590551181
0
LINE
8
F.Silkscreen
6
CONTINUOUS
10
5.2276293307086616
20
-2.689360590551181
11
5.2277919291338577
21
-2.6891022440944883
0
LINE
8
F.Silkscreen
6
CONTINUOUS
10
5.2277919291338577
20
-2.6891022440944883
11
5.2278229921259838
21
-2.6890272834645668
0
LINE
8
F.Silkscreen
6
CONTINUOUS
10
5.2278229921259838
20
-2.6890272834645668
11
5.2278922047244096
21
-2.6889428740157482
0
LINE
8
F.Silkscreen
6
CONTINUOUS
10
5.2278922047244096
20
-2.6889428740157482
11
5.2279505118110237
21
-2.68885031496063
0
LINE
8
F.Silkscreen
6
CONTINUOUS
10
5.2279505118110237
20
-2.68885031496063
11
5.2280118897637795
21
-2.6887970472440945
0
LINE
8
F.Silkscreen
6
CONTINUOUS
10
5.2280118897637795
20
-2.6887970472440945
11
5.228205472440945
21
-2.688561181102362
0
LINE
8
F.Silkscreen
6
CONTINUOUS
10
5.228205472440945
20
-2.688561181102362
11
5.2305489763779525
21
-2.6862177165354328
0
LINE
8
F.Silkscreen
6
CONTINUOUS
10
5.2305489763779525
20
-2.6862177165354328
11
5.2307848031496063
21
-2.6860241338582678
0
LINE
8
F.Silkscreen
6
CONTINUOUS
10
5.2307848031496063
20
-2.6860241338582678
11
5.2308380708661417
21
-2.6859627559055119
0
LINE
8
F.Silkscreen
6
CONTINUOUS
10
5.2308380708661417
20
-2.6859627559055119
11
5.2309305118110236
21
-2.685904527559055
0
LINE
8
F.Silkscreen
6
CONTINUOUS
10
5.2309305118110236
20
-2.685904527559055
11
5.2310150393700789
21
-2.6858351968503937
0
LINE
8
F.Silkscreen
6
CONTINUOUS
10
5.2310150393700789
20
-2.6858351968503937
11
5.2310900787401575
21
-2.6858040944881889
0
LINE
8
F.Silkscreen
6
CONTINUOUS
10
5.2310900787401575
20
-2.6858040944881889
11
5.2313483070866145
21
-2.6856415748031495
0
LINE
8
F.Silkscreen
6
CONTINUOUS
10
5.2313483070866145
20
-2.6856415748031495
11
5.2360352755905515
21
-2.6832981102362203
0
LINE
8
F.Silkscreen
6
CONTINUOUS
10
5.2360352755905515
20
-2.6832981102362203
11
5.2365983858267713
21
-2.6830825984251967
0
LINE
8
F.Silkscreen
6
CONTINUOUS
10
5.2365983858267713
20
-2.6830825984251967
11
5.2367086614173228
21
-2.6830747244094488
0
LINE
8
F.Silkscreen
6
CONTINUOUS
10
5.2367086614173228
20
-2.6830747244094488
11
5.2368107480314956
21
-2.6830324803149606
0
LINE
8
F.Silkscreen
6
CONTINUOUS
10
5.2368107480314956
20
-2.6830324803149606
11
5.2374107874015747
21
-2.6829733858267715
0
LINE
8
F.Silkscreen
6
CONTINUOUS
10
5.2374107874015747
20
-2.6829733858267715
11
5.2420976771653542
21
-2.6829733858267715
0
LINE
8
F.Silkscreen
6
CONTINUOUS
10
5.2420976771653542
20
-2.6829733858267715
11
5.2426977165354334
21
-2.6830324803149606
0
LINE
8
F.Silkscreen
6
CONTINUOUS
10
5.2345457874015748
20
-2.6909204724409448
11
5.2329081889763778
21
-2.6925581102362206
0
LINE
8
F.Silkscreen
6
CONTINUOUS
10
5.2329081889763778
20
-2.6925581102362206
11
5.2309390157480316
21
-2.696496535433071
0
LINE
8
F.Silkscreen
6
CONTINUOUS
10
5.2309390157480316
20
-2.696496535433071
11
5.2287692913385824
21
-2.7051754330708659
0
LINE
8
F.Silkscreen
6
CONTINUOUS
10
5.2287692913385824
20
-2.7051754330708659
11
5.2287692913385824
21
-2.7161355118110238
0
LINE
8
F.Silkscreen
6
CONTINUOUS
10
5.2287692913385824
20
-2.7161355118110238
11
5.2309390157480316
21
-2.7248144094488187
0
LINE
8
F.Silkscreen
6
CONTINUOUS
10
5.2309390157480316
20
-2.7248144094488187
11
5.2329081889763778
21
-2.7287528346456691
0
LINE
8
F.Silkscreen
6
CONTINUOUS
10
5.2329081889763778
20
-2.7287528346456691
11
5.2345458267716536
21
-2.7303904724409449
0
LINE
8
F.Silkscreen
6
CONTINUOUS
10
5.2345458267716536
20
-2.7303904724409449
11
5.2381368503937003
21
-2.7321859842519682
0
LINE
8
F.Silkscreen
6
CONTINUOUS
10
5.2381368503937003
20
-2.7321859842519682
11
5.2413716141732278
21
-2.7321859842519682
0
LINE
8
F.Silkscreen
6
CONTINUOUS
10
5.2413716141732278
20
-2.7321859842519682
11
5.2449625590551179
21
-2.7303905118110237
0
LINE
8
F.Silkscreen
6
CONTINUOUS
10
5.2449625590551179
20
-2.7303905118110237
11
5.2466001968503937
21
-2.7287529133858266
0
LINE
8
F.Silkscreen
6
CONTINUOUS
10
5.2466001968503937
20
-2.7287529133858266
11
5.2485694881889762
21
-2.7248143307086612
0
LINE
8
F.Silkscreen
6
CONTINUOUS
10
5.2485694881889762
20
-2.7248143307086612
11
5.2507391732283466
21
-2.7161355511811025
0
LINE
8
F.Silkscreen
6
CONTINUOUS
10
5.2507391732283466
20
-2.7161355511811025
11
5.2507391732283466
21
-2.7051753937007872
0
LINE
8
F.Silkscreen
6
CONTINUOUS
10
5.2507391732283466
20
-2.7051753937007872
11
5.2485694881889762
21
-2.6964966141732285
0
LINE
8
F.Silkscreen
6
CONTINUOUS
10
5.2485694881889762
20
-2.6964966141732285
11
5.2466001968503937
21
-2.6925580314960631
0
LINE
8
F.Silkscreen
6
CONTINUOUS
10
5.2466001968503937
20
-2.6925580314960631
11
5.2449625590551179
21
-2.690920433070866
0
LINE
8
F.Silkscreen
6
CONTINUOUS
10
5.2449625590551179
20
-2.690920433070866
11
5.2413715748031491
21
-2.689124960629921
0
LINE
8
F.Silkscreen
6
CONTINUOUS
10
5.2413715748031491
20
-2.689124960629921
11
5.238136889763779
21
-2.689124960629921
0
LINE
8
F.Silkscreen
6
CONTINUOUS
10
5.238136889763779
20
-2.689124960629921
11
5.2345457874015748
21
-2.6909204724409448
0
LINE
8
F.Silkscreen
6
CONTINUOUS
10
3.841926968503937
20
-2.6580032677165355
11
3.8420081102362205
21
-2.6579975196850394
0
LINE
8
F.Silkscreen
6
CONTINUOUS
10
3.8420081102362205
20
-2.6579975196850394
11
3.8421147637795277
21
-2.658021771653543
0
LINE
8
F.Silkscreen
6
CONTINUOUS
10
3.8421147637795277
20
-2.658021771653543
11
3.8422234251968503
21
-2.6580324803149606
0
LINE
8
F.Silkscreen
6
CONTINUOUS
10
3.8422234251968503
20
-2.6580324803149606
11
3.8422983858267714
21
-2.658063503937008
0
LINE
8
F.Silkscreen
6
CONTINUOUS
10
3.8422983858267714
20
-2.658063503937008
11
3.8425960236220473
21
-2.6581312204724408
0
LINE
8
F.Silkscreen
6
CONTINUOUS
10
3.8425960236220473
20
-2.6581312204724408
11
3.849626377952756
21
-2.6604746850393699
0
LINE
8
F.Silkscreen
6
CONTINUOUS
10
3.849626377952756
20
-2.6604746850393699
11
3.8501769291338581
21
-2.6607205118110238
0
LINE
8
F.Silkscreen
6
CONTINUOUS
10
3.8501769291338581
20
-2.6607205118110238
11
3.8502603937007871
21
-2.6607929133858268
0
LINE
8
F.Silkscreen
6
CONTINUOUS
10
3.8502603937007871
20
-2.6607929133858268
11
3.8503625590551178
21
-2.6608352362204726
0
LINE
8
F.Silkscreen
6
CONTINUOUS
10
3.8503625590551178
20
-2.6608352362204726
11
3.8508286614173226
21
-2.6612177165354329
0
LINE
8
F.Silkscreen
6
CONTINUOUS
10
3.8508286614173226
20
-2.6612177165354329
11
3.8555155905511809
21
-2.6659046456692912
0
LINE
8
F.Silkscreen
6
CONTINUOUS
10
3.8555155905511809
20
-2.6659046456692912
11
3.8557092125984251
21
-2.6661405511811025
0
LINE
8
F.Silkscreen
6
CONTINUOUS
10
3.8557092125984251
20
-2.6661405511811025
11
3.8557705511811022
21
-2.6661937795275592
0
LINE
8
F.Silkscreen
6
CONTINUOUS
10
3.8557705511811022
20
-2.6661937795275592
11
3.85582874015748
21
-2.6662862204724407
0
LINE
8
F.Silkscreen
6
CONTINUOUS
10
3.85582874015748
20
-2.6662862204724407
11
3.8558980708661417
21
-2.6663707086614172
0
LINE
8
F.Silkscreen
6
CONTINUOUS
10
3.8558980708661417
20
-2.6663707086614172
11
3.8559291338582677
21
-2.6664457480314958
0
LINE
8
F.Silkscreen
6
CONTINUOUS
10
3.8559291338582677
20
-2.6664457480314958
11
3.8560917322834647
21
-2.6667040551181103
0
LINE
8
F.Silkscreen
6
CONTINUOUS
10
3.8560917322834647
20
-2.6667040551181103
11
3.8584351574803151
21
-2.671390905511811
0
LINE
8
F.Silkscreen
6
CONTINUOUS
10
3.8584351574803151
20
-2.671390905511811
11
3.8584519291338584
21
-2.671434803149606
0
LINE
8
F.Silkscreen
6
CONTINUOUS
10
3.8584519291338584
20
-2.671434803149606
11
3.8584651968503936
21
-2.6714526771653544
0
LINE
8
F.Silkscreen
6
CONTINUOUS
10
3.8584651968503936
20
-2.6714526771653544
11
3.8585552755905512
21
-2.6717049212598423
0
LINE
8
F.Silkscreen
6
CONTINUOUS
10
3.8585552755905512
20
-2.6717049212598423
11
3.85865062992126
21
-2.67195405511811
0
LINE
8
F.Silkscreen
6
CONTINUOUS
10
3.85865062992126
20
-2.67195405511811
11
3.8586521653543304
21
-2.6719761417322836
0
LINE
8
F.Silkscreen
6
CONTINUOUS
10
3.8586521653543304
20
-2.6719761417322836
11
3.8586680314960629
21
-2.6720204724409449
0
LINE
8
F.Silkscreen
6
CONTINUOUS
10
3.8586680314960629
20
-2.6720204724409449
11
3.861011496062992
21
-2.6813943307086614
0
LINE
8
F.Silkscreen
6
CONTINUOUS
10
3.861011496062992
20
-2.6813943307086614
11
3.8610268503937006
21
-2.6814983070866143
0
LINE
8
F.Silkscreen
6
CONTINUOUS
10
3.8610268503937006
20
-2.6814983070866143
11
3.861044251968504
21
-2.6815402755905513
0
LINE
8
F.Silkscreen
6
CONTINUOUS
10
3.861044251968504
20
-2.6815402755905513
11
3.8610664960629921
21
-2.6817661417322833
0
LINE
8
F.Silkscreen
6
CONTINUOUS
10
3.8610664960629921
20
-2.6817661417322833
11
3.8610997244094487
21
-2.6819907874015749
0
LINE
8
F.Silkscreen
6
CONTINUOUS
10
3.8610997244094487
20
-2.6819907874015749
11
3.861093031496063
21
-2.6820356692913387
0
LINE
8
F.Silkscreen
6
CONTINUOUS
10
3.861093031496063
20
-2.6820356692913387
11
3.8611033464566926
21
-2.68214031496063
0
LINE
8
F.Silkscreen
6
CONTINUOUS
10
3.8611033464566926
20
-2.68214031496063
11
3.8611033464566926
21
-2.6891706692913386
0
LINE
8
F.Silkscreen
6
CONTINUOUS
10
3.8611033464566926
20
-2.6891706692913386
11
3.861093031496063
21
-2.6892752755905511
0
LINE
8
F.Silkscreen
6
CONTINUOUS
10
3.861093031496063
20
-2.6892752755905511
11
3.8610997244094487
21
-2.6893201968503937
0
LINE
8
F.Silkscreen
6
CONTINUOUS
10
3.8610997244094487
20
-2.6893201968503937
11
3.8610664960629921
21
-2.6895448031496061
0
LINE
8
F.Silkscreen
6
CONTINUOUS
10
3.8610664960629921
20
-2.6895448031496061
11
3.861044251968504
21
-2.6897707086614173
0
LINE
8
F.Silkscreen
6
CONTINUOUS
10
3.861044251968504
20
-2.6897707086614173
11
3.8610268503937006
21
-2.6898126377952756
0
LINE
8
F.Silkscreen
6
CONTINUOUS
10
3.8610268503937006
20
-2.6898126377952756
11
3.861011496062992
21
-2.6899166535433072
0
LINE
8
F.Silkscreen
6
CONTINUOUS
10
3.861011496062992
20
-2.6899166535433072
11
3.8586680314960629
21
-2.699290472440945
0
LINE
8
F.Silkscreen
6
CONTINUOUS
10
3.8586680314960629
20
-2.699290472440945
11
3.8586522440944879
21
-2.6993346456692913
0
LINE
8
F.Silkscreen
6
CONTINUOUS
10
3.8586522440944879
20
-2.6993346456692913
11
3.8586506692913387
21
-2.6993568897637794
0
LINE
8
F.Silkscreen
6
CONTINUOUS
10
3.8586506692913387
20
-2.6993568897637794
11
3.8585550787401575
21
-2.6996065748031497
0
LINE
8
F.Silkscreen
6
CONTINUOUS
10
3.8585550787401575
20
-2.6996065748031497
11
3.8584651968503936
21
-2.6998582677165355
0
LINE
8
F.Silkscreen
6
CONTINUOUS
10
3.8584651968503936
20
-2.6998582677165355
11
3.8584519291338584
21
-2.6998761417322834
0
LINE
8
F.Silkscreen
6
CONTINUOUS
10
3.8584519291338584
20
-2.6998761417322834
11
3.8584351574803151
21
-2.6999200000000001
0
LINE
8
F.Silkscreen
6
CONTINUOUS
10
3.8584351574803151
20
-2.6999200000000001
11
3.8560917322834647
21
-2.7046069291338584
0
LINE
8
F.Silkscreen
6
CONTINUOUS
10
3.8560917322834647
20
-2.7046069291338584
11
3.8559291338582677
21
-2.7048651968503936
0
LINE
8
F.Silkscreen
6
CONTINUOUS
10
3.8559291338582677
20
-2.7048651968503936
11
3.8558980708661417
21
-2.7049402755905509
0
LINE
8
F.Silkscreen
6
CONTINUOUS
10
3.8558980708661417
20
-2.7049402755905509
11
3.85582874015748
21
-2.7050247244094487
0
LINE
8
F.Silkscreen
6
CONTINUOUS
10
3.85582874015748
20
-2.7050247244094487
11
3.8557705511811022
21
-2.7051172047244094
0
LINE
8
F.Silkscreen
6
CONTINUOUS
10
3.8557705511811022
20
-2.7051172047244094
11
3.8557091732283464
21
-2.7051703937007874
0
LINE
8
F.Silkscreen
6
CONTINUOUS
10
3.8557091732283464
20
-2.7051703937007874
11
3.8555155905511809
21
-2.705406338582677
0
LINE
8
F.Silkscreen
6
CONTINUOUS
10
3.8555155905511809
20
-2.705406338582677
11
3.8508286614173226
21
-2.7100932677165352
0
LINE
8
F.Silkscreen
6
CONTINUOUS
10
3.8508286614173226
20
-2.7100932677165352
11
3.8503625590551178
21
-2.710475748031496
0
LINE
8
F.Silkscreen
6
CONTINUOUS
10
3.8503625590551178
20
-2.710475748031496
11
3.8502603937007871
21
-2.7105180314960631
0
LINE
8
F.Silkscreen
6
CONTINUOUS
10
3.8502603937007871
20
-2.7105180314960631
11
3.8501769291338581
21
-2.7105904724409449
0
LINE
8
F.Silkscreen
6
CONTINUOUS
10
3.8501769291338581
20
-2.7105904724409449
11
3.849626377952756
21
-2.7108362992125983
0
LINE
8
F.Silkscreen
6
CONTINUOUS
10
3.849626377952756
20
-2.7108362992125983
11
3.8425960236220473
21
-2.7131797244094487
0
LINE
8
F.Silkscreen
6
CONTINUOUS
10
3.8425960236220473
20
-2.7131797244094487
11
3.8422984251968502
21
-2.7132473622047244
0
LINE
8
F.Silkscreen
6
CONTINUOUS
10
3.8422984251968502
20
-2.7132473622047244
11
3.8422234251968503
21
-2.7132784645669292
0
LINE
8
F.Silkscreen
6
CONTINUOUS
10
3.8422234251968503
20
-2.7132784645669292
11
3.8421147244094489
21
-2.7132891338582676
0
LINE
8
F.Silkscreen
6
CONTINUOUS
10
3.8421147244094489
20
-2.7132891338582676
11
3.8420080708661417
21
-2.7133134251968505
0
LINE
8
F.Silkscreen
6
CONTINUOUS
10
3.8420080708661417
20
-2.7133134251968505
11
3.8419269291338582
21
-2.7133076377952756
0
LINE
8
F.Silkscreen
6
CONTINUOUS
10
3.8419269291338582
20
-2.7133076377952756
11
3.8416233858267717
21
-2.7133375590551179
0
LINE
8
F.Silkscreen
6
CONTINUOUS
10
3.8416233858267717
20
-2.7133375590551179
11
3.8299061023622047
21
-2.7133375590551179
0
LINE
8
F.Silkscreen
6
CONTINUOUS
10
3.8299061023622047
20
-2.7133375590551179
11
3.8293060629921261
21
-2.7132784645669292
0
LINE
8
F.Silkscreen
6
CONTINUOUS
10
3.8293060629921261
20
-2.7132784645669292
11
3.8281972834645668
21
-2.7128192125984252
0
LINE
8
F.Silkscreen
6
CONTINUOUS
10
3.8281972834645668
20
-2.7128192125984252
11
3.8273486614173229
21
-2.7119705905511808
0
LINE
8
F.Silkscreen
6
CONTINUOUS
10
3.8273486614173229
20
-2.7119705905511808
11
3.8268894094488188
21
-2.710861811023622
0
LINE
8
F.Silkscreen
6
CONTINUOUS
10
3.8268894094488188
20
-2.710861811023622
11
3.8268303149606298
21
-2.7102617716535433
0
LINE
8
F.Silkscreen
6
CONTINUOUS
10
3.8268303149606298
20
-2.7102617716535433
11
3.8268303149606298
21
-2.6610491732283466
0
LINE
8
F.Silkscreen
6
CONTINUOUS
10
3.8268303149606298
20
-2.6610491732283466
11
3.8268894094488188
21
-2.6604491338582679
0
LINE
8
F.Silkscreen
6
CONTINUOUS
10
3.8268894094488188
20
-2.6604491338582679
11
3.8273486614173229
21
-2.6593403543307086
0
LINE
8
F.Silkscreen
6
CONTINUOUS
10
3.8273486614173229
20
-2.6593403543307086
11
3.8281972834645668
21
-2.6584917322834647
0
LINE
8
F.Silkscreen
6
CONTINUOUS
10
3.8281972834645668
20
-2.6584917322834647
11
3.8293060629921261
21
-2.6580324803149606
0
LINE
8
F.Silkscreen
6
CONTINUOUS
10
3.8293060629921261
20
-2.6580324803149606
11
3.8299061023622047
21
-2.6579733858267716
0
LINE
8
F.Silkscreen
6
CONTINUOUS
10
3.8299061023622047
20
-2.6579733858267716
11
3.8416233858267717
21
-2.6579733858267716
0
LINE
8
F.Silkscreen
6
CONTINUOUS
10
3.8416233858267717
20
-2.6579733858267716
11
3.841926968503937
21
-2.6580032677165355
0
LINE
8
F.Silkscreen
6
CONTINUOUS
10
3.8329818897637793
20
-2.7071859842519683
11
3.841124251968504
21
-2.7071859842519683
0
LINE
8
F.Silkscreen
6
CONTINUOUS
10
3.841124251968504
20
-2.7071859842519683
11
3.8469922047244092
21
-2.7052299999999998
0
LINE
8
F.Silkscreen
6
CONTINUOUS
10
3.8469922047244092
20
-2.7052299999999998
11
3.8508128346456694
21
-2.70140937007874
0
LINE
8
F.Silkscreen
6
CONTINUOUS
10
3.8508128346456694
20
-2.70140937007874
11
3.8527820078740156
21
-2.6974709448818897
0
LINE
8
F.Silkscreen
6
CONTINUOUS
10
3.8527820078740156
20
-2.6974709448818897
11
3.8549517716535431
21
-2.6887920472440943
0
LINE
8
F.Silkscreen
6
CONTINUOUS
10
3.8549517716535431
20
-2.6887920472440943
11
3.8549517716535431
21
-2.6825188976377952
0
LINE
8
F.Silkscreen
6
CONTINUOUS
10
3.8549517716535431
20
-2.6825188976377952
11
3.8527820078740156
21
-2.673839960629921
0
LINE
8
F.Silkscreen
6
CONTINUOUS
10
3.8527820078740156
20
-2.673839960629921
11
3.8508128346456694
21
-2.6699015748031494
0
LINE
8
F.Silkscreen
6
CONTINUOUS
10
3.8508128346456694
20
-2.6699015748031494
11
3.8469922047244092
21
-2.6660809448818896
0
LINE
8
F.Silkscreen
6
CONTINUOUS
10
3.8469922047244092
20
-2.6660809448818896
11
3.841124251968504
21
-2.6641249606299211
0
LINE
8
F.Silkscreen
6
CONTINUOUS
10
3.841124251968504
20
-2.6641249606299211
11
3.8329818897637793
21
-2.6641249606299211
0
LINE
8
F.Silkscreen
6
CONTINUOUS
10
3.8329818897637793
20
-2.6641249606299211
11
3.8329818897637793
21
-2.7071859842519683
0
LINE
8
F.Silkscreen
6
CONTINUOUS
10
3.8911316535433071
20
-2.6580324803149606
11
3.8914360236220471
21
-2.6580324803149606
0
LINE
8
F.Silkscreen
6
CONTINUOUS
10
3.8914360236220471
20
-2.6580324803149606
11
3.8917144094488187
21
-2.6581477952755903
0
LINE
8
F.Silkscreen
6
CONTINUOUS
10
3.8917144094488187
20
-2.6581477952755903
11
3.8920100787401575
21
-2.6582062992125985
0
LINE
8
F.Silkscreen
6
CONTINUOUS
10
3.8920100787401575
20
-2.6582062992125985
11
3.8922633858267717
21
-2.6583751574803149
0
LINE
8
F.Silkscreen
6
CONTINUOUS
10
3.8922633858267717
20
-2.6583751574803149
11
3.8925448031496064
21
-2.6584917322834647
0
LINE
8
F.Silkscreen
6
CONTINUOUS
10
3.8925448031496064
20
-2.6584917322834647
11
3.8927578740157478
21
-2.6587048031496061
0
LINE
8
F.Silkscreen
6
CONTINUOUS
10
3.8927578740157478
20
-2.6587048031496061
11
3.893008622047244
21
-2.658871968503937
0
LINE
8
F.Silkscreen
6
CONTINUOUS
10
3.893008622047244
20
-2.658871968503937
11
3.8931780708661416
21
-2.659125
0
LINE
8
F.Silkscreen
6
CONTINUOUS
10
3.8931780708661416
20
-2.659125
11
3.8933934251968503
21
-2.6593403543307086
0
LINE
8
F.Silkscreen
6
CONTINUOUS
10
3.8933934251968503
20
-2.6593403543307086
11
3.8935087007874016
21
-2.6596187401574802
0
LINE
8
F.Silkscreen
6
CONTINUOUS
10
3.8935087007874016
20
-2.6596187401574802
11
3.8936764173228346
21
-2.6598691338582676
0
LINE
8
F.Silkscreen
6
CONTINUOUS
10
3.8936764173228346
20
-2.6598691338582676
11
3.8937361417322833
21
-2.6601677559055119
0
LINE
8
F.Silkscreen
6
CONTINUOUS
10
3.8937361417322833
20
-2.6601677559055119
11
3.8938526771653543
21
-2.6604491338582679
0
LINE
8
F.Silkscreen
6
CONTINUOUS
10
3.8938526771653543
20
-2.6604491338582679
11
3.8939111417322834
21
-2.6610427952755904
0
LINE
8
F.Silkscreen
6
CONTINUOUS
10
3.8939111417322834
20
-2.6610427952755904
11
3.8939117716535434
21
-2.6610459448818897
0
LINE
8
F.Silkscreen
6
CONTINUOUS
10
3.8939117716535434
20
-2.6610459448818897
11
3.8939115354330709
21
-2.6610470078740156
0
LINE
8
F.Silkscreen
6
CONTINUOUS
10
3.8939115354330709
20
-2.6610470078740156
11
3.8939117716535434
21
-2.6610491732283466
0
LINE
8
F.Silkscreen
6
CONTINUOUS
10
3.8939117716535434
20
-2.6610491732283466
11
3.8939117716535434
21
-2.7071859842519683
0
LINE
8
F.Silkscreen
6
CONTINUOUS
10
3.8939117716535434
20
-2.7071859842519683
11
3.9048966929133857
21
-2.7071859842519683
0
LINE
8
F.Silkscreen
6
CONTINUOUS
10
3.9048966929133857
20
-2.7071859842519683
11
3.9054967322834644
21
-2.7072450787401574
0
LINE
8
F.Silkscreen
6
CONTINUOUS
10
3.9054967322834644
20
-2.7072450787401574
11
3.9066055118110237
21
-2.7077043307086615
0
LINE
8
F.Silkscreen
6
CONTINUOUS
10
3.9066055118110237
20
-2.7077043307086615
11
3.9074541338582676
21
-2.7085529527559054
0
LINE
8
F.Silkscreen
6
CONTINUOUS
10
3.9074541338582676
20
-2.7085529527559054
11
3.9079133858267716
21
-2.7096617322834646
0
LINE
8
F.Silkscreen
6
CONTINUOUS
10
3.9079133858267716
20
-2.7096617322834646
11
3.9079133858267716
21
-2.710861811023622
0
LINE
8
F.Silkscreen
6
CONTINUOUS
10
3.9079133858267716
20
-2.710861811023622
11
3.9074541338582676
21
-2.7119705905511808
0
LINE
8
F.Silkscreen
6
CONTINUOUS
10
3.9074541338582676
20
-2.7119705905511808
11
3.9066055118110237
21
-2.7128192125984252
0
LINE
8
F.Silkscreen
6
CONTINUOUS
10
3.9066055118110237
20
-2.7128192125984252
11
3.9054967322834644
21
-2.7132784645669292
0
LINE
8
F.Silkscreen
6
CONTINUOUS
10
3.9054967322834644
20
-2.7132784645669292
11
3.9048966929133857
21
-2.7133375590551179
0
LINE
8
F.Silkscreen
6
CONTINUOUS
10
3.9048966929133857
20
-2.7133375590551179
11
3.8767752362204724
21
-2.7133375590551179
0
LINE
8
F.Silkscreen
6
CONTINUOUS
10
3.8767752362204724
20
-2.7133375590551179
11
3.8761751968503937
21
-2.7132784645669292
0
LINE
8
F.Silkscreen
6
CONTINUOUS
10
3.8761751968503937
20
-2.7132784645669292
11
3.8750664173228344
21
-2.7128192125984252
0
LINE
8
F.Silkscreen
6
CONTINUOUS
10
3.8750664173228344
20
-2.7128192125984252
11
3.8742177952755905
21
-2.7119705905511808
0
LINE
8
F.Silkscreen
6
CONTINUOUS
10
3.8742177952755905
20
-2.7119705905511808
11
3.8737585433070865
21
-2.710861811023622
0
LINE
8
F.Silkscreen
6
CONTINUOUS
10
3.8737585433070865
20
-2.710861811023622
11
3.8737585433070865
21
-2.7096617322834646
0
LINE
8
F.Silkscreen
6
CONTINUOUS
10
3.8737585433070865
20
-2.7096617322834646
11
3.8742177952755905
21
-2.7085529527559054
0
LINE
8
F.Silkscreen
6
CONTINUOUS
10
3.8742177952755905
20
-2.7085529527559054
11
3.8750664173228344
21
-2.7077043307086615
0
LINE
8
F.Silkscreen
6
CONTINUOUS
10
3.8750664173228344
20
-2.7077043307086615
11
3.8761751968503937
21
-2.7072450787401574
0
LINE
8
F.Silkscreen
6
CONTINUOUS
10
3.8761751968503937
20
-2.7072450787401574
11
3.8767752362204724
21
-2.7071859842519683
0
LINE
8
F.Silkscreen
6
CONTINUOUS
10
3.8767752362204724
20
-2.7071859842519683
11
3.8877601968503934
21
-2.7071859842519683
0
LINE
8
F.Silkscreen
6
CONTINUOUS
10
3.8877601968503934
20
-2.7071859842519683
11
3.8877601968503934
21
-2.6708182283464565
0
LINE
8
F.Silkscreen
6
CONTINUOUS
10
3.8877601968503934
20
-2.6708182283464565
11
3.8836370078740154
21
-2.6749413779527558
0
LINE
8
F.Silkscreen
6
CONTINUOUS
10
3.8836370078740154
20
-2.6749413779527558
11
3.8834011417322833
21
-2.6751349212598425
0
LINE
8
F.Silkscreen
6
CONTINUOUS
10
3.8834011417322833
20
-2.6751349212598425
11
3.8833479527559054
21
-2.6751962992125984
0
LINE
8
F.Silkscreen
6
CONTINUOUS
10
3.8833479527559054
20
-2.6751962992125984
11
3.8832554724409447
21
-2.6752544881889762
0
LINE
8
F.Silkscreen
6
CONTINUOUS
10
3.8832554724409447
20
-2.6752544881889762
11
3.8831709448818899
21
-2.6753238976377953
0
LINE
8
F.Silkscreen
6
CONTINUOUS
10
3.8831709448818899
20
-2.6753238976377953
11
3.8830958267716533
21
-2.6753550000000001
0
LINE
8
F.Silkscreen
6
CONTINUOUS
10
3.8830958267716533
20
-2.6753550000000001
11
3.8828376771653543
21
-2.6755175196850391
0
LINE
8
F.Silkscreen
6
CONTINUOUS
10
3.8828376771653543
20
-2.6755175196850391
11
3.8781507874015748
21
-2.6778609842519683
0
LINE
8
F.Silkscreen
6
CONTINUOUS
10
3.8781507874015748
20
-2.6778609842519683
11
3.8775876771653541
21
-2.6780764960629919
0
LINE
8
F.Silkscreen
6
CONTINUOUS
10
3.8775876771653541
20
-2.6780764960629919
11
3.8763905511811023
21
-2.6781615748031498
0
LINE
8
F.Silkscreen
6
CONTINUOUS
10
3.8763905511811023
20
-2.6781615748031498
11
3.8752520078740158
21
-2.6777820472440945
0
LINE
8
F.Silkscreen
6
CONTINUOUS
10
3.8752520078740158
20
-2.6777820472440945
11
3.8743453937007875
21
-2.6769957086614173
0
LINE
8
F.Silkscreen
6
CONTINUOUS
10
3.8743453937007875
20
-2.6769957086614173
11
3.8738086614173226
21
-2.6759223622047243
0
LINE
8
F.Silkscreen
6
CONTINUOUS
10
3.8738086614173226
20
-2.6759223622047243
11
3.8737235826771652
21
-2.6747252362204725
0
LINE
8
F.Silkscreen
6
CONTINUOUS
10
3.8737235826771652
20
-2.6747252362204725
11
3.8741031102362204
21
-2.6735866929133856
0
LINE
8
F.Silkscreen
6
CONTINUOUS
10
3.8741031102362204
20
-2.6735866929133856
11
3.8748894488188976
21
-2.6726800787401572
0
LINE
8
F.Silkscreen
6
CONTINUOUS
10
3.8748894488188976
20
-2.6726800787401572
11
3.8753996850393699
21
-2.6723588582677165
0
LINE
8
F.Silkscreen
6
CONTINUOUS
10
3.8753996850393699
20
-2.6723588582677165
11
3.8796401968503935
21
-2.6702385826771651
0
LINE
8
F.Silkscreen
6
CONTINUOUS
10
3.8796401968503935
20
-2.6702385826771651
11
3.88375874015748
21
-2.6661200393700786
0
LINE
8
F.Silkscreen
6
CONTINUOUS
10
3.88375874015748
20
-2.6661200393700786
11
3.8882767716535431
21
-2.6593430314960629
0
LINE
8
F.Silkscreen
6
CONTINUOUS
10
3.8882767716535431
20
-2.6593430314960629
11
3.8882781102362203
21
-2.6593413779527557
0
LINE
8
F.Silkscreen
6
CONTINUOUS
10
3.8882781102362203
20
-2.6593413779527557
11
3.8882785433070866
21
-2.6593403543307086
0
LINE
8
F.Silkscreen
6
CONTINUOUS
10
3.8882785433070866
20
-2.6593403543307086
11
3.8882808267716533
21
-2.6593380314960631
0
LINE
8
F.Silkscreen
6
CONTINUOUS
10
3.8882808267716533
20
-2.6593380314960631
11
3.8886587795275589
21
-2.658876535433071
0
LINE
8
F.Silkscreen
6
CONTINUOUS
10
3.8886587795275589
20
-2.658876535433071
11
3.8889118110236218
21
-2.6587070472440946
0
LINE
8
F.Silkscreen
6
CONTINUOUS
10
3.8889118110236218
20
-2.6587070472440946
11
3.8891271653543305
21
-2.6584917322834647
0
LINE
8
F.Silkscreen
6
CONTINUOUS
10
3.8891271653543305
20
-2.6584917322834647
11
3.8894055511811021
21
-2.6583764173228346
0
LINE
8
F.Silkscreen
6
CONTINUOUS
10
3.8894055511811021
20
-2.6583764173228346
11
3.8896559448818895
21
-2.6582087401574803
0
LINE
8
F.Silkscreen
6
CONTINUOUS
10
3.8896559448818895
20
-2.6582087401574803
11
3.8899546062992125
21
-2.6581489763779529
0
LINE
8
F.Silkscreen
6
CONTINUOUS
10
3.8899546062992125
20
-2.6581489763779529
11
3.8902359448818897
21
-2.6580324803149606
0
LINE
8
F.Silkscreen
6
CONTINUOUS
10
3.8902359448818897
20
-2.6580324803149606
11
3.8905371653543308
21
-2.6580324803149606
0
LINE
8
F.Silkscreen
6
CONTINUOUS
10
3.8905371653543308
20
-2.6580324803149606
11
3.8908327952755903
21
-2.6579733464566928
0
LINE
8
F.Silkscreen
6
CONTINUOUS
10
3.8908327952755903
20
-2.6579733464566928
11
3.8911316535433071
21
-2.6580324803149606
0
LINE
8
F.Silkscreen
6
CONTINUOUS
10
3.9368848818897635
20
-2.6560336220472442
11
3.9377915354330706
21
-2.6568199212598427
0
LINE
8
F.Silkscreen
6
CONTINUOUS
10
3.9377915354330706
20
-2.6568199212598427
11
3.9383282283464567
21
-2.6578933464566927
0
LINE
8
F.Silkscreen
6
CONTINUOUS
10
3.9383282283464567
20
-2.6578933464566927
11
3.9384133070866141
21
-2.659090472440945
0
LINE
8
F.Silkscreen
6
CONTINUOUS
10
3.9384133070866141
20
-2.659090472440945
11
3.9382796062992127
21
-2.6596783858267714
0
LINE
8
F.Silkscreen
6
CONTINUOUS
10
3.9382796062992127
20
-2.6596783858267714
11
3.927911811023622
21
-2.6907818110236219
0
LINE
8
F.Silkscreen
6
CONTINUOUS
10
3.927911811023622
20
-2.6907818110236219
11
3.9440031496062993
21
-2.6907818110236219
0
LINE
8
F.Silkscreen
6
CONTINUOUS
10
3.9440031496062993
20
-2.6907818110236219
11
3.9440031496062993
21
-2.6774533858267717
0
LINE
8
F.Silkscreen
6
CONTINUOUS
10
3.9440031496062993
20
-2.6774533858267717
11
3.9440622440944879
21
-2.676853346456693
0
LINE
8
F.Silkscreen
6
CONTINUOUS
10
3.9440622440944879
20
-2.676853346456693
11
3.944521496062992
21
-2.6757445669291338
0
LINE
8
F.Silkscreen
6
CONTINUOUS
10
3.944521496062992
20
-2.6757445669291338
11
3.9453701181102363
21
-2.6748959448818899
0
LINE
8
F.Silkscreen
6
CONTINUOUS
10
3.9453701181102363
20
-2.6748959448818899
11
3.9464788976377951
21
-2.6744366929133858
0
LINE
8
F.Silkscreen
6
CONTINUOUS
10
3.9464788976377951
20
-2.6744366929133858
11
3.9476789763779525
21
-2.6744366929133858
0
LINE
8
F.Silkscreen
6
CONTINUOUS
10
3.9476789763779525
20
-2.6744366929133858
11
3.9487877559055118
21
-2.6748959448818899
0
LINE
8
F.Silkscreen
6
CONTINUOUS
10
3.9487877559055118
20
-2.6748959448818899
11
3.9496363779527557
21
-2.6757445669291338
0
LINE
8
F.Silkscreen
6
CONTINUOUS
10
3.9496363779527557
20
-2.6757445669291338
11
3.9500956299212597
21
-2.676853346456693
0
LINE
8
F.Silkscreen
6
CONTINUOUS
10
3.9500956299212597
20
-2.676853346456693
11
3.9501547244094488
21
-2.6774533858267717
0
LINE
8
F.Silkscreen
6
CONTINUOUS
10
3.9501547244094488
20
-2.6774533858267717
11
3.9501547244094488
21
-2.6907818110236219
0
LINE
8
F.Silkscreen
6
CONTINUOUS
10
3.9501547244094488
20
-2.6907818110236219
11
3.9541092913385825
21
-2.6907818110236219
0
LINE
8
F.Silkscreen
6
CONTINUOUS
10
3.9541092913385825
20
-2.6907818110236219
11
3.9547093307086612
21
-2.690840905511811
0
LINE
8
F.Silkscreen
6
CONTINUOUS
10
3.9547093307086612
20
-2.690840905511811
11
3.9558181102362204
21
-2.691300157480315
0
LINE
8
F.Silkscreen
6
CONTINUOUS
10
3.9558181102362204
20
-2.691300157480315
11
3.9566667322834643
21
-2.6921487795275589
0
LINE
8
F.Silkscreen
6
CONTINUOUS
10
3.9566667322834643
20
-2.6921487795275589
11
3.9571259842519684
21
-2.6932575590551182
0
LINE
8
F.Silkscreen
6
CONTINUOUS
10
3.9571259842519684
20
-2.6932575590551182
11
3.9571259842519684
21
-2.6944576377952756
0
LINE
8
F.Silkscreen
6
CONTINUOUS
10
3.9571259842519684
20
-2.6944576377952756
11
3.9566667322834643
21
-2.6955664173228344
0
LINE
8
F.Silkscreen
6
CONTINUOUS
10
3.9566667322834643
20
-2.6955664173228344
11
3.9558181102362204
21
-2.6964150393700788
0
LINE
8
F.Silkscreen
6
CONTINUOUS
10
3.9558181102362204
20
-2.6964150393700788
11
3.9547093307086612
21
-2.6968742913385828
0
LINE
8
F.Silkscreen
6
CONTINUOUS
10
3.9547093307086612
20
-2.6968742913385828
11
3.9541092913385825
21
-2.6969333858267714
0
LINE
8
F.Silkscreen
6
CONTINUOUS
10
3.9541092913385825
20
-2.6969333858267714
11
3.9501547244094488
21
-2.6969333858267714
0
LINE
8
F.Silkscreen
6
CONTINUOUS
10
3.9501547244094488
20
-2.6969333858267714
11
3.9501547244094488
21
-2.7102617716535433
0
LINE
8
F.Silkscreen
6
CONTINUOUS
10
3.9501547244094488
20
-2.7102617716535433
11
3.9500956299212597
21
-2.710861811023622
0
LINE
8
F.Silkscreen
6
CONTINUOUS
10
3.9500956299212597
20
-2.710861811023622
11
3.9496363779527557
21
-2.7119705905511808
0
LINE
8
F.Silkscreen
6
CONTINUOUS
10
3.9496363779527557
20
-2.7119705905511808
11
3.9487877559055118
21
-2.7128192125984252
0
LINE
8
F.Silkscreen
6
CONTINUOUS
10
3.9487877559055118
20
-2.7128192125984252
11
3.9476789763779525
21
-2.7132784645669292
0
LINE
8
F.Silkscreen
6
CONTINUOUS
10
3.9476789763779525
20
-2.7132784645669292
11
3.9464788976377951
21
-2.7132784645669292
0
LINE
8
F.Silkscreen
6
CONTINUOUS
10
3.9464788976377951
20
-2.7132784645669292
11
3.9453701181102363
21
-2.7128192125984252
0
LINE
8
F.Silkscreen
6
CONTINUOUS
10
3.9453701181102363
20
-2.7128192125984252
11
3.944521496062992
21
-2.7119705905511808
0
LINE
8
F.Silkscreen
6
CONTINUOUS
10
3.944521496062992
20
-2.7119705905511808
11
3.9440622440944879
21
-2.710861811023622
0
LINE
8
F.Silkscreen
6
CONTINUOUS
10
3.9440622440944879
20
-2.710861811023622
11
3.9440031496062993
21
-2.7102617716535433
0
LINE
8
F.Silkscreen
6
CONTINUOUS
10
3.9440031496062993
20
-2.7102617716535433
11
3.9440031496062993
21
-2.6969333858267714
0
LINE
8
F.Silkscreen
6
CONTINUOUS
10
3.9440031496062993
20
-2.6969333858267714
11
3.92364437007874
21
-2.6969333858267714
0
LINE
8
F.Silkscreen
6
CONTINUOUS
10
3.92364437007874
20
-2.6969333858267714
11
3.9233407480314959
21
-2.6969034645669292
0
LINE
8
F.Silkscreen
6
CONTINUOUS
10
3.9233407480314959
20
-2.6969034645669292
11
3.9232596456692912
21
-2.6969092519685041
0
LINE
8
F.Silkscreen
6
CONTINUOUS
10
3.9232596456692912
20
-2.6969092519685041
11
3.9232010629921259
21
-2.696889724409449
0
LINE
8
F.Silkscreen
6
CONTINUOUS
10
3.9232010629921259
20
-2.696889724409449
11
3.9230443307086613
21
-2.6968742913385828
0
LINE
8
F.Silkscreen
6
CONTINUOUS
10
3.9230443307086613
20
-2.6968742913385828
11
3.9225888976377954
21
-2.6966856299212596
0
LINE
8
F.Silkscreen
6
CONTINUOUS
10
3.9225888976377954
20
-2.6966856299212596
11
3.9221211417322834
21
-2.6965297244094488
0
LINE
8
F.Silkscreen
6
CONTINUOUS
10
3.9221211417322834
20
-2.6965297244094488
11
3.9220376771653545
21
-2.6964573228346458
0
LINE
8
F.Silkscreen
6
CONTINUOUS
10
3.9220376771653545
20
-2.6964573228346458
11
3.9219355511811025
21
-2.6964150393700788
0
LINE
8
F.Silkscreen
6
CONTINUOUS
10
3.9219355511811025
20
-2.6964150393700788
11
3.9215868110236221
21
-2.6960662992125983
0
LINE
8
F.Silkscreen
6
CONTINUOUS
10
3.9215868110236221
20
-2.6960662992125983
11
3.9212145275590551
21
-2.6957434251968504
0
LINE
8
F.Silkscreen
6
CONTINUOUS
10
3.9212145275590551
20
-2.6957434251968504
11
3.9211650787401573
21
-2.695644566929134
0
LINE
8
F.Silkscreen
6
CONTINUOUS
10
3.9211650787401573
20
-2.695644566929134
11
3.9210869291338581
21
-2.6955664173228344
0
LINE
8
F.Silkscreen
6
CONTINUOUS
10
3.9210869291338581
20
-2.6955664173228344
11
3.9208982283464566
21
-2.695110905511811
0
LINE
8
F.Silkscreen
6
CONTINUOUS
10
3.9208982283464566
20
-2.695110905511811
11
3.9206777952755907
21
-2.6946699999999999
0
LINE
8
F.Silkscreen
6
CONTINUOUS
10
3.9206777952755907
20
-2.6946699999999999
11
3.9206699212598424
21
-2.69455968503937
0
LINE
8
F.Silkscreen
6
CONTINUOUS
10
3.9206699212598424
20
-2.69455968503937
11
3.9206276771653541
21
-2.6944576377952756
0
LINE
8
F.Silkscreen
6
CONTINUOUS
10
3.9206276771653541
20
-2.6944576377952756
11
3.9206276771653541
21
-2.6939647637795274
0
LINE
8
F.Silkscreen
6
CONTINUOUS
10
3.9206276771653541
20
-2.6939647637795274
11
3.9205927165354328
21
-2.6934728740157481
0
LINE
8
F.Silkscreen
6
CONTINUOUS
10
3.9205927165354328
20
-2.6934728740157481
11
3.9206276771653541
21
-2.6933191338582678
0
LINE
8
F.Silkscreen
6
CONTINUOUS
10
3.9206276771653541
20
-2.6933191338582678
11
3.9206276771653541
21
-2.6932575590551182
0
LINE
8
F.Silkscreen
6
CONTINUOUS
10
3.9206276771653541
20
-2.6932575590551182
11
3.9206587007874014
21
-2.6931825590551179
0
LINE
8
F.Silkscreen
6
CONTINUOUS
10
3.9206587007874014
20
-2.6931825590551179
11
3.9207264173228347
21
-2.6928849606299212
0
LINE
8
F.Silkscreen
6
CONTINUOUS
10
3.9207264173228347
20
-2.6928849606299212
11
3.9324437007874016
21
-2.6577331102362205
0
LINE
8
F.Silkscreen
6
CONTINUOUS
10
3.9324437007874016
20
-2.6577331102362205
11
3.932689527559055
21
-2.6571825196850392
0
LINE
8
F.Silkscreen
6
CONTINUOUS
10
3.932689527559055
20
-2.6571825196850392
11
3.9334758267716534
21
-2.6562758661417321
0
LINE
8
F.Silkscreen
6
CONTINUOUS
10
3.9334758267716534
20
-2.6562758661417321
11
3.9345492519685039
21
-2.6557391732283464
0
LINE
8
F.Silkscreen
6
CONTINUOUS
10
3.9345492519685039
20
-2.6557391732283464
11
3.9357463779527557
21
-2.655654094488189
0
LINE
8
F.Silkscreen
6
CONTINUOUS
10
3.9357463779527557
20
-2.655654094488189
11
3.9368848818897635
21
-2.6560336220472442
0
LINE
8
F.Silkscreen
6
CONTINUOUS
10
5.1958217322834646
20
-2.5830670078740159
11
5.1960409448818901
21
-2.5830825984251966
0
LINE
8
F.Silkscreen
6
CONTINUOUS
10
5.1960409448818901
20
-2.5830825984251966
11
5.1963858661417319
21
-2.5832550787401574
0
LINE
8
F.Silkscreen
6
CONTINUOUS
10
5.1963858661417319
20
-2.5832550787401574
11
5.1967517716535436
21
-2.5833770472440944
0
LINE
8
F.Silkscreen
6
CONTINUOUS
10
5.1967517716535436
20
-2.5833770472440944
11
5.1969177952755903
21
-2.5835210236220472
0
LINE
8
F.Silkscreen
6
CONTINUOUS
10
5.1969177952755903
20
-2.5835210236220472
11
5.1971143700787401
21
-2.5836193307086615
0
LINE
8
F.Silkscreen
6
CONTINUOUS
10
5.1971143700787401
20
-2.5836193307086615
11
5.1973668897637797
21
-2.5839105118110237
0
LINE
8
F.Silkscreen
6
CONTINUOUS
10
5.1973668897637797
20
-2.5839105118110237
11
5.1976584251968498
21
-2.5841633464566929
0
LINE
8
F.Silkscreen
6
CONTINUOUS
10
5.1976584251968498
20
-2.5841633464566929
11
5.1977567716535429
21
-2.5843600787401573
0
LINE
8
F.Silkscreen
6
CONTINUOUS
10
5.1977567716535429
20
-2.5843600787401573
11
5.1979006692913385
21
-2.5845259842519686
0
LINE
8
F.Silkscreen
6
CONTINUOUS
10
5.1979006692913385
20
-2.5845259842519686
11
5.198146496062992
21
-2.5850765354330707
0
LINE
8
F.Silkscreen
6
CONTINUOUS
10
5.198146496062992
20
-2.5850765354330707
11
5.2145506692913388
21
-2.6342890944881887
0
LINE
8
F.Silkscreen
6
CONTINUOUS
10
5.2145506692913388
20
-2.6342890944881887
11
5.2146843307086614
21
-2.6348770472440943
0
LINE
8
F.Silkscreen
6
CONTINUOUS
10
5.2146843307086614
20
-2.6348770472440943
11
5.2145992913385824
21
-2.6360741338582678
0
LINE
8
F.Silkscreen
6
CONTINUOUS
10
5.2145992913385824
20
-2.6360741338582678
11
5.214062559055118
21
-2.6371475984251966
0
LINE
8
F.Silkscreen
6
CONTINUOUS
10
5.214062559055118
20
-2.6371475984251966
11
5.2131559055118109
21
-2.6379338976377951
0
LINE
8
F.Silkscreen
6
CONTINUOUS
10
5.2131559055118109
20
-2.6379338976377951
11
5.2120174409448818
21
-2.6383133858267716
0
LINE
8
F.Silkscreen
6
CONTINUOUS
10
5.2120174409448818
20
-2.6383133858267716
11
5.21082031496063
21
-2.6382283464566929
0
LINE
8
F.Silkscreen
6
CONTINUOUS
10
5.21082031496063
20
-2.6382283464566929
11
5.2097468897637791
21
-2.6376916141732285
0
LINE
8
F.Silkscreen
6
CONTINUOUS
10
5.2097468897637791
20
-2.6376916141732285
11
5.2089605905511807
21
-2.6367849606299214
0
LINE
8
F.Silkscreen
6
CONTINUOUS
10
5.2089605905511807
20
-2.6367849606299214
11
5.2087147637795272
21
-2.6362344094488188
0
LINE
8
F.Silkscreen
6
CONTINUOUS
10
5.2087147637795272
20
-2.6362344094488188
11
5.2047288976377954
21
-2.6242768110236221
0
LINE
8
F.Silkscreen
6
CONTINUOUS
10
5.2047288976377954
20
-2.6242768110236221
11
5.185728149606299
21
-2.6242768110236221
0
LINE
8
F.Silkscreen
6
CONTINUOUS
10
5.185728149606299
20
-2.6242768110236221
11
5.1817422834645672
21
-2.6362344094488188
0
LINE
8
F.Silkscreen
6
CONTINUOUS
10
5.1817422834645672
20
-2.6362344094488188
11
5.1814964566929129
21
-2.6367850000000002
0
LINE
8
F.Silkscreen
6
CONTINUOUS
10
5.1814964566929129
20
-2.6367850000000002
11
5.1807101574803145
21
-2.6376916535433068
0
LINE
8
F.Silkscreen
6
CONTINUOUS
10
5.1807101574803145
20
-2.6376916535433068
11
5.1796367322834644
21
-2.6382283464566929
0
LINE
8
F.Silkscreen
6
CONTINUOUS
10
5.1796367322834644
20
-2.6382283464566929
11
5.1784396062992126
21
-2.6383134251968503
0
LINE
8
F.Silkscreen
6
CONTINUOUS
10
5.1784396062992126
20
-2.6383134251968503
11
5.1773011023622049
21
-2.6379338976377951
0
LINE
8
F.Silkscreen
6
CONTINUOUS
10
5.1773011023622049
20
-2.6379338976377951
11
5.1763944488188978
21
-2.6371475984251966
0
LINE
8
F.Silkscreen
6
CONTINUOUS
10
5.1763944488188978
20
-2.6371475984251966
11
5.1758577559055121
21
-2.6360741732283466
0
LINE
8
F.Silkscreen
6
CONTINUOUS
10
5.1758577559055121
20
-2.6360741732283466
11
5.1757726771653543
21
-2.6348770472440943
0
LINE
8
F.Silkscreen
6
CONTINUOUS
10
5.1757726771653543
20
-2.6348770472440943
11
5.1759063779527557
21
-2.6342891338582675
0
LINE
8
F.Silkscreen
6
CONTINUOUS
10
5.1759063779527557
20
-2.6342891338582675
11
5.1923105905511813
21
-2.5850764960629919
0
LINE
8
F.Silkscreen
6
CONTINUOUS
10
5.1923105905511813
20
-2.5850764960629919
11
5.1925564173228347
21
-2.5845259448818898
0
LINE
8
F.Silkscreen
6
CONTINUOUS
10
5.1925564173228347
20
-2.5845259448818898
11
5.192700393700787
21
-2.5843598818897635
0
LINE
8
F.Silkscreen
6
CONTINUOUS
10
5.192700393700787
20
-2.5843598818897635
11
5.1927987007874012
21
-2.5841633464566929
0
LINE
8
F.Silkscreen
6
CONTINUOUS
10
5.1927987007874012
20
-2.5841633464566929
11
5.1930898818897635
21
-2.5839107874015745
0
LINE
8
F.Silkscreen
6
CONTINUOUS
10
5.1930898818897635
20
-2.5839107874015745
11
5.1933427165354331
21
-2.5836192913385827
0
LINE
8
F.Silkscreen
6
CONTINUOUS
10
5.1933427165354331
20
-2.5836192913385827
11
5.193539448818898
21
-2.5835209055118109
0
LINE
8
F.Silkscreen
6
CONTINUOUS
10
5.193539448818898
20
-2.5835209055118109
11
5.1937053543307083
21
-2.5833770472440944
0
LINE
8
F.Silkscreen
6
CONTINUOUS
10
5.1937053543307083
20
-2.5833770472440944
11
5.1940710236220475
21
-2.5832551181102361
0
LINE
8
F.Silkscreen
6
CONTINUOUS
10
5.1940710236220475
20
-2.5832551181102361
11
5.1944161417322832
21
-2.5830825984251966
0
LINE
8
F.Silkscreen
6
CONTINUOUS
10
5.1944161417322832
20
-2.5830825984251966
11
5.1946353149606299
21
-2.5830670078740159
0
LINE
8
F.Silkscreen
6
CONTINUOUS
10
5.1946353149606299
20
-2.5830670078740159
11
5.1948438188976374
21
-2.5829975196850392
0
LINE
8
F.Silkscreen
6
CONTINUOUS
10
5.1948438188976374
20
-2.5829975196850392
11
5.1952285433070866
21
-2.5830248425196851
0
LINE
8
F.Silkscreen
6
CONTINUOUS
10
5.1952285433070866
20
-2.5830248425196851
11
5.195613267716535
21
-2.5829975196850392
0
LINE
8
F.Silkscreen
6
CONTINUOUS
10
5.195613267716535
20
-2.5829975196850392
11
5.1958217322834646
21
-2.5830670078740159
0
LINE
8
F.Silkscreen
6
CONTINUOUS
10
5.1877786614173225
20
-2.6181252362204726
11
5.2026783858267711
21
-2.6181252362204726
0
LINE
8
F.Silkscreen
6
CONTINUOUS
10
5.2026783858267711
20
-2.6181252362204726
11
5.1952285039370079
21
-2.5957756692913385
0
LINE
8
F.Silkscreen
6
CONTINUOUS
10
5.1952285039370079
20
-2.5957756692913385
11
5.1877786614173225
21
-2.6181252362204726
0
LINE
8
F.Silkscreen
6
CONTINUOUS
10
5.2567584645669294
20
-2.5830324803149605
11
5.2567761417322831
21
-2.5830398031496062
0
LINE
8
F.Silkscreen
6
CONTINUOUS
10
5.2567761417322831
20
-2.5830398031496062
11
5.256795236220472
21
-2.5830400393700788
0
LINE
8
F.Silkscreen
6
CONTINUOUS
10
5.256795236220472
20
-2.5830400393700788
11
5.2573292519685042
21
-2.5832688976377951
0
LINE
8
F.Silkscreen
6
CONTINUOUS
10
5.2573292519685042
20
-2.5832688976377951
11
5.2578672440944878
21
-2.5834917322834645
0
LINE
8
F.Silkscreen
6
CONTINUOUS
10
5.2578672440944878
20
-2.5834917322834645
11
5.2578807480314955
21
-2.5835052362204722
0
LINE
8
F.Silkscreen
6
CONTINUOUS
10
5.2578807480314955
20
-2.5835052362204722
11
5.2578982677165351
21
-2.5835127559055118
0
LINE
8
F.Silkscreen
6
CONTINUOUS
10
5.2578982677165351
20
-2.5835127559055118
11
5.2583037795275587
21
-2.5839282677165354
0
LINE
8
F.Silkscreen
6
CONTINUOUS
10
5.2583037795275587
20
-2.5839282677165354
11
5.2587158661417321
21
-2.5843403543307084
0
LINE
8
F.Silkscreen
6
CONTINUOUS
10
5.2587158661417321
20
-2.5843403543307084
11
5.2587231496062987
21
-2.5843579921259843
0
LINE
8
F.Silkscreen
6
CONTINUOUS
10
5.2587231496062987
20
-2.5843579921259843
11
5.2587364960629923
21
-2.584371653543307
0
LINE
8
F.Silkscreen
6
CONTINUOUS
10
5.2587364960629923
20
-2.584371653543307
11
5.2589523622047247
21
-2.5849113779527557
0
LINE
8
F.Silkscreen
6
CONTINUOUS
10
5.2589523622047247
20
-2.5849113779527557
11
5.2591751181102362
21
-2.5854491338582677
0
LINE
8
F.Silkscreen
6
CONTINUOUS
10
5.2591751181102362
20
-2.5854491338582677
11
5.2591751181102362
21
-2.5854681889763778
0
LINE
8
F.Silkscreen
6
CONTINUOUS
10
5.2591751181102362
20
-2.5854681889763778
11
5.259182204724409
21
-2.5854859448818899
0
LINE
8
F.Silkscreen
6
CONTINUOUS
10
5.259182204724409
20
-2.5854859448818899
11
5.2591751181102362
21
-2.5860665748031497
0
LINE
8
F.Silkscreen
6
CONTINUOUS
10
5.2591751181102362
20
-2.5860665748031497
11
5.2591751181102362
21
-2.5866492125984251
0
LINE
8
F.Silkscreen
6
CONTINUOUS
10
5.2591751181102362
20
-2.5866492125984251
11
5.2591677559055121
21
-2.5866668897637797
0
LINE
8
F.Silkscreen
6
CONTINUOUS
10
5.2591677559055121
20
-2.5866668897637797
11
5.2591675590551183
21
-2.5866859842519685
0
LINE
8
F.Silkscreen
6
CONTINUOUS
10
5.2591675590551183
20
-2.5866859842519685
11
5.2589855118110238
21
-2.5872607874015747
0
LINE
8
F.Silkscreen
6
CONTINUOUS
10
5.2589855118110238
20
-2.5872607874015747
11
5.2378944094488187
21
-2.6364733858267715
0
LINE
8
F.Silkscreen
6
CONTINUOUS
10
5.2378944094488187
20
-2.6364733858267715
11
5.2376037401574802
21
-2.6370016141732284
0
LINE
8
F.Silkscreen
6
CONTINUOUS
10
5.2376037401574802
20
-2.6370016141732284
11
5.236744842519685
21
-2.6378398425196852
0
LINE
8
F.Silkscreen
6
CONTINUOUS
10
5.236744842519685
20
-2.6378398425196852
11
5.2356305511811021
21
-2.6382855511811023
0
LINE
8
F.Silkscreen
6
CONTINUOUS
10
5.2356305511811021
20
-2.6382855511811023
11
5.2344305118110235
21
-2.6382709055118108
0
LINE
8
F.Silkscreen
6
CONTINUOUS
10
5.2344305118110235
20
-2.6382709055118108
11
5.2333274803149603
21
-2.6377981889763777
0
LINE
8
F.Silkscreen
6
CONTINUOUS
10
5.2333274803149603
20
-2.6377981889763777
11
5.232489251968504
21
-2.6369392913385825
0
LINE
8
F.Silkscreen
6
CONTINUOUS
10
5.232489251968504
20
-2.6369392913385825
11
5.2320435433070864
21
-2.6358250000000001
0
LINE
8
F.Silkscreen
6
CONTINUOUS
10
5.2320435433070864
20
-2.6358250000000001
11
5.232058188976378
21
-2.634624960629921
0
LINE
8
F.Silkscreen
6
CONTINUOUS
10
5.232058188976378
20
-2.634624960629921
11
5.2322402362204725
21
-2.6340501574803148
0
LINE
8
F.Silkscreen
6
CONTINUOUS
10
5.2322402362204725
20
-2.6340501574803148
11
5.2514938976377952
21
-2.5891249606299214
0
LINE
8
F.Silkscreen
6
CONTINUOUS
10
5.2514938976377952
20
-2.5891249606299214
11
5.2233500393700787
21
-2.5891249606299214
0
LINE
8
F.Silkscreen
6
CONTINUOUS
10
5.2233500393700787
20
-2.5891249606299214
11
5.2227499999999996
21
-2.5890658661417323
0
LINE
8
F.Silkscreen
6
CONTINUOUS
10
5.2227499999999996
20
-2.5890658661417323
11
5.2216412204724412
21
-2.5886066141732282
0
LINE
8
F.Silkscreen
6
CONTINUOUS
10
5.2216412204724412
20
-2.5886066141732282
11
5.2207925984251968
21
-2.5877579921259843
0
LINE
8
F.Silkscreen
6
CONTINUOUS
10
5.2207925984251968
20
-2.5877579921259843
11
5.2203333464566928
21
-2.5866492125984251
0
LINE
8
F.Silkscreen
6
CONTINUOUS
10
5.2203333464566928
20
-2.5866492125984251
11
5.2203333464566928
21
-2.5854491338582677
0
LINE
8
F.Silkscreen
6
CONTINUOUS
10
5.2203333464566928
20
-2.5854491338582677
11
5.2207925984251968
21
-2.5843403543307084
0
LINE
8
F.Silkscreen
6
CONTINUOUS
10
5.2207925984251968
20
-2.5843403543307084
11
5.2216412204724412
21
-2.5834917322834645
0
LINE
8
F.Silkscreen
6
CONTINUOUS
10
5.2216412204724412
20
-2.5834917322834645
11
5.2227499999999996
21
-2.5830324803149605
0
LINE
8
F.Silkscreen
6
CONTINUOUS
10
5.2227499999999996
20
-2.5830324803149605
11
5.2233500393700787
21
-2.5829733858267714
0
LINE
8
F.Silkscreen
6
CONTINUOUS
10
5.2233500393700787
20
-2.5829733858267714
11
5.2561584251968503
21
-2.5829733858267714
0
LINE
8
F.Silkscreen
6
CONTINUOUS
10
5.2561584251968503
20
-2.5829733858267714
11
5.2567584645669294
21
-2.5830324803149605
0
LINE
8
F.Silkscreen
6
CONTINUOUS
10
3.8841012992125985
20
-2.5580324803149606
11
3.8844056692913385
21
-2.5580324803149606
0
LINE
8
F.Silkscreen
6
CONTINUOUS
10
3.8844056692913385
20
-2.5580324803149606
11
3.8846840551181101
21
-2.5581477952755907
0
LINE
8
F.Silkscreen
6
CONTINUOUS
10
3.8846840551181101
20
-2.5581477952755907
11
3.8849797244094488
21
-2.5582062992125985
0
LINE
8
F.Silkscreen
6
CONTINUOUS
10
3.8849797244094488
20
-2.5582062992125985
11
3.885233031496063
21
-2.5583751574803149
0
LINE
8
F.Silkscreen
6
CONTINUOUS
10
3.885233031496063
20
-2.5583751574803149
11
3.8855144488188977
21
-2.5584917322834646
0
LINE
8
F.Silkscreen
6
CONTINUOUS
10
3.8855144488188977
20
-2.5584917322834646
11
3.8857275196850392
21
-2.558704803149606
0
LINE
8
F.Silkscreen
6
CONTINUOUS
10
3.8857275196850392
20
-2.558704803149606
11
3.8859782677165353
21
-2.5588719685039369
0
LINE
8
F.Silkscreen
6
CONTINUOUS
10
3.8859782677165353
20
-2.5588719685039369
11
3.886147716535433
21
-2.5591249999999999
0
LINE
8
F.Silkscreen
6
CONTINUOUS
10
3.886147716535433
20
-2.5591249999999999
11
3.8863630708661416
21
-2.5593403543307085
0
LINE
8
F.Silkscreen
6
CONTINUOUS
10
3.8863630708661416
20
-2.5593403543307085
11
3.886478346456693
21
-2.5596187401574801
0
LINE
8
F.Silkscreen
6
CONTINUOUS
10
3.886478346456693
20
-2.5596187401574801
11
3.886646062992126
21
-2.5598691338582675
0
LINE
8
F.Silkscreen
6
CONTINUOUS
10
3.886646062992126
20
-2.5598691338582675
11
3.8867057874015747
21
-2.5601677559055118
0
LINE
8
F.Silkscreen
6
CONTINUOUS
10
3.8867057874015747
20
-2.5601677559055118
11
3.8868223228346457
21
-2.5604491338582678
0
LINE
8
F.Silkscreen
6
CONTINUOUS
10
3.8868223228346457
20
-2.5604491338582678
11
3.8868807874015747
21
-2.5610427952755903
0
LINE
8
F.Silkscreen
6
CONTINUOUS
10
3.8868807874015747
20
-2.5610427952755903
11
3.8868814173228348
21
-2.5610459448818896
0
LINE
8
F.Silkscreen
6
CONTINUOUS
10
3.8868814173228348
20
-2.5610459448818896
11
3.8868811811023622
21
-2.5610470078740155
0
LINE
8
F.Silkscreen
6
CONTINUOUS
10
3.8868811811023622
20
-2.5610470078740155
11
3.8868814173228348
21
-2.5610491732283465
0
LINE
8
F.Silkscreen
6
CONTINUOUS
10
3.8868814173228348
20
-2.5610491732283465
11
3.8868814173228348
21
-2.6071859842519682
0
LINE
8
F.Silkscreen
6
CONTINUOUS
10
3.8868814173228348
20
-2.6071859842519682
11
3.8978663385826771
21
-2.6071859842519682
0
LINE
8
F.Silkscreen
6
CONTINUOUS
10
3.8978663385826771
20
-2.6071859842519682
11
3.8984663779527557
21
-2.6072450787401573
0
LINE
8
F.Silkscreen
6
CONTINUOUS
10
3.8984663779527557
20
-2.6072450787401573
11
3.899575157480315
21
-2.6077043307086614
0
LINE
8
F.Silkscreen
6
CONTINUOUS
10
3.899575157480315
20
-2.6077043307086614
11
3.9004237795275589
21
-2.6085529527559053
0
LINE
8
F.Silkscreen
6
CONTINUOUS
10
3.9004237795275589
20
-2.6085529527559053
11
3.900883031496063
21
-2.6096617322834645
0
LINE
8
F.Silkscreen
6
CONTINUOUS
10
3.900883031496063
20
-2.6096617322834645
11
3.900883031496063
21
-2.6108618110236219
0
LINE
8
F.Silkscreen
6
CONTINUOUS
10
3.900883031496063
20
-2.6108618110236219
11
3.9004237795275589
21
-2.6119705905511812
0
LINE
8
F.Silkscreen
6
CONTINUOUS
10
3.9004237795275589
20
-2.6119705905511812
11
3.899575157480315
21
-2.6128192125984251
0
LINE
8
F.Silkscreen
6
CONTINUOUS
10
3.899575157480315
20
-2.6128192125984251
11
3.8984663779527557
21
-2.6132784645669291
0
LINE
8
F.Silkscreen
6
CONTINUOUS
10
3.8984663779527557
20
-2.6132784645669291
11
3.8978663385826771
21
-2.6133375590551182
0
LINE
8
F.Silkscreen
6
CONTINUOUS
10
3.8978663385826771
20
-2.6133375590551182
11
3.8697448818897637
21
-2.6133375590551182
0
LINE
8
F.Silkscreen
6
CONTINUOUS
10
3.8697448818897637
20
-2.6133375590551182
11
3.869144842519685
21
-2.6132784645669291
0
LINE
8
F.Silkscreen
6
CONTINUOUS
10
3.869144842519685
20
-2.6132784645669291
11
3.8680360629921258
21
-2.6128192125984251
0
LINE
8
F.Silkscreen
6
CONTINUOUS
10
3.8680360629921258
20
-2.6128192125984251
11
3.8671874409448819
21
-2.6119705905511812
0
LINE
8
F.Silkscreen
6
CONTINUOUS
10
3.8671874409448819
20
-2.6119705905511812
11
3.8667281889763778
21
-2.6108618110236219
0
LINE
8
F.Silkscreen
6
CONTINUOUS
10
3.8667281889763778
20
-2.6108618110236219
11
3.8667281889763778
21
-2.6096617322834645
0
LINE
8
F.Silkscreen
6
CONTINUOUS
10
3.8667281889763778
20
-2.6096617322834645
11
3.8671874409448819
21
-2.6085529527559053
0
LINE
8
F.Silkscreen
6
CONTINUOUS
10
3.8671874409448819
20
-2.6085529527559053
11
3.8680360629921258
21
-2.6077043307086614
0
LINE
8
F.Silkscreen
6
CONTINUOUS
10
3.8680360629921258
20
-2.6077043307086614
11
3.869144842519685
21
-2.6072450787401573
0
LINE
8
F.Silkscreen
6
CONTINUOUS
10
3.869144842519685
20
-2.6072450787401573
11
3.8697448818897637
21
-2.6071859842519682
0
LINE
8
F.Silkscreen
6
CONTINUOUS
10
3.8697448818897637
20
-2.6071859842519682
11
3.8807298425196848
21
-2.6071859842519682
0
LINE
8
F.Silkscreen
6
CONTINUOUS
10
3.8807298425196848
20
-2.6071859842519682
11
3.8807298425196848
21
-2.5708182283464565
0
LINE
8
F.Silkscreen
6
CONTINUOUS
10
3.8807298425196848
20
-2.5708182283464565
11
3.8766066535433068
21
-2.5749413779527557
0
LINE
8
F.Silkscreen
6
CONTINUOUS
10
3.8766066535433068
20
-2.5749413779527557
11
3.8763707874015747
21
-2.5751349212598424
0
LINE
8
F.Silkscreen
6
CONTINUOUS
10
3.8763707874015747
20
-2.5751349212598424
11
3.8763175984251967
21
-2.5751962992125983
0
LINE
8
F.Silkscreen
6
CONTINUOUS
10
3.8763175984251967
20
-2.5751962992125983
11
3.8762251181102361
21
-2.5752544881889765
0
LINE
8
F.Silkscreen
6
CONTINUOUS
10
3.8762251181102361
20
-2.5752544881889765
11
3.8761405905511812
21
-2.5753238976377952
0
LINE
8
F.Silkscreen
6
CONTINUOUS
10
3.8761405905511812
20
-2.5753238976377952
11
3.8760654724409447
21
-2.5753550000000001
0
LINE
8
F.Silkscreen
6
CONTINUOUS
10
3.8760654724409447
20
-2.5753550000000001
11
3.8758073228346457
21
-2.5755175196850395
0
LINE
8
F.Silkscreen
6
CONTINUOUS
10
3.8758073228346457
20
-2.5755175196850395
11
3.8711204330708662
21
-2.5778609842519686
0
LINE
8
F.Silkscreen
6
CONTINUOUS
10
3.8711204330708662
20
-2.5778609842519686
11
3.8705573228346455
21
-2.5780764960629923
0
LINE
8
F.Silkscreen
6
CONTINUOUS
10
3.8705573228346455
20
-2.5780764960629923
11
3.8693601968503937
21
-2.5781615748031497
0
LINE
8
F.Silkscreen
6
CONTINUOUS
10
3.8693601968503937
20
-2.5781615748031497
11
3.8682216535433072
21
-2.5777820472440944
0
LINE
8
F.Silkscreen
6
CONTINUOUS
10
3.8682216535433072
20
-2.5777820472440944
11
3.8673150393700788
21
-2.5769957086614173
0
LINE
8
F.Silkscreen
6
CONTINUOUS
10
3.8673150393700788
20
-2.5769957086614173
11
3.866778307086614
21
-2.5759223622047243
0
LINE
8
F.Silkscreen
6
CONTINUOUS
10
3.866778307086614
20
-2.5759223622047243
11
3.8666932283464566
21
-2.5747252362204724
0
LINE
8
F.Silkscreen
6
CONTINUOUS
10
3.8666932283464566
20
-2.5747252362204724
11
3.8670727559055118
21
-2.5735866929133859
0
LINE
8
F.Silkscreen
6
CONTINUOUS
10
3.8670727559055118
20
-2.5735866929133859
11
3.867859094488189
21
-2.5726800787401576
0
LINE
8
F.Silkscreen
6
CONTINUOUS
10
3.867859094488189
20
-2.5726800787401576
11
3.8683693307086613
21
-2.5723588582677164
0
LINE
8
F.Silkscreen
6
CONTINUOUS
10
3.8683693307086613
20
-2.5723588582677164
11
3.8726098425196849
21
-2.5702385826771654
0
LINE
8
F.Silkscreen
6
CONTINUOUS
10
3.8726098425196849
20
-2.5702385826771654
11
3.8767283858267714
21
-2.5661200393700785
0
LINE
8
F.Silkscreen
6
CONTINUOUS
10
3.8767283858267714
20
-2.5661200393700785
11
3.8812464173228345
21
-2.5593430314960628
0
LINE
8
F.Silkscreen
6
CONTINUOUS
10
3.8812464173228345
20
-2.5593430314960628
11
3.8812477559055116
21
-2.5593413779527561
0
LINE
8
F.Silkscreen
6
CONTINUOUS
10
3.8812477559055116
20
-2.5593413779527561
11
3.8812481889763779
21
-2.5593403543307085
0
LINE
8
F.Silkscreen
6
CONTINUOUS
10
3.8812481889763779
20
-2.5593403543307085
11
3.8812504724409447
21
-2.559338031496063
0
LINE
8
F.Silkscreen
6
CONTINUOUS
10
3.8812504724409447
20
-2.559338031496063
11
3.8816284251968503
21
-2.5588765354330709
0
LINE
8
F.Silkscreen
6
CONTINUOUS
10
3.8816284251968503
20
-2.5588765354330709
11
3.8818814566929132
21
-2.5587070472440945
0
LINE
8
F.Silkscreen
6
CONTINUOUS
10
3.8818814566929132
20
-2.5587070472440945
11
3.8820968110236218
21
-2.5584917322834646
0
LINE
8
F.Silkscreen
6
CONTINUOUS
10
3.8820968110236218
20
-2.5584917322834646
11
3.8823751968503935
21
-2.5583764173228345
0
LINE
8
F.Silkscreen
6
CONTINUOUS
10
3.8823751968503935
20
-2.5583764173228345
11
3.8826255905511808
21
-2.5582087401574802
0
LINE
8
F.Silkscreen
6
CONTINUOUS
10
3.8826255905511808
20
-2.5582087401574802
11
3.8829242519685039
21
-2.5581489763779528
0
LINE
8
F.Silkscreen
6
CONTINUOUS
10
3.8829242519685039
20
-2.5581489763779528
11
3.8832055905511811
21
-2.5580324803149606
0
LINE
8
F.Silkscreen
6
CONTINUOUS
10
3.8832055905511811
20
-2.5580324803149606
11
3.8835068110236222
21
-2.5580324803149606
0
LINE
8
F.Silkscreen
6
CONTINUOUS
10
3.8835068110236222
20
-2.5580324803149606
11
3.8838024409448817
21
-2.5579733464566927
0
LINE
8
F.Silkscreen
6
CONTINUOUS
10
3.8838024409448817
20
-2.5579733464566927
11
3.8841012992125985
21
-2.5580324803149606
0
LINE
8
F.Silkscreen
6
CONTINUOUS
10
3.8398731102362205
20
-2.5580670078740155
11
3.8400923228346455
21
-2.5580825984251967
0
LINE
8
F.Silkscreen
6
CONTINUOUS
10
3.8400923228346455
20
-2.5580825984251967
11
3.8404372440944883
21
-2.5582550787401575
0
LINE
8
F.Silkscreen
6
CONTINUOUS
10
3.8404372440944883
20
-2.5582550787401575
11
3.8408031496062991
21
-2.5583770472440945
0
LINE
8
F.Silkscreen
6
CONTINUOUS
10
3.8408031496062991
20
-2.5583770472440945
11
3.8409691732283462
21
-2.5585210236220473
0
LINE
8
F.Silkscreen
6
CONTINUOUS
10
3.8409691732283462
20
-2.5585210236220473
11
3.841165748031496
21
-2.5586193307086615
0
LINE
8
F.Silkscreen
6
CONTINUOUS
10
3.841165748031496
20
-2.5586193307086615
11
3.8414182677165352
21
-2.5589105118110234
0
LINE
8
F.Silkscreen
6
CONTINUOUS
10
3.8414182677165352
20
-2.5589105118110234
11
3.8417098031496062
21
-2.559163346456693
0
LINE
8
F.Silkscreen
6
CONTINUOUS
10
3.8417098031496062
20
-2.559163346456693
11
3.8418081496062992
21
-2.5593600787401574
0
LINE
8
F.Silkscreen
6
CONTINUOUS
10
3.8418081496062992
20
-2.5593600787401574
11
3.8419520472440944
21
-2.5595259842519686
0
LINE
8
F.Silkscreen
6
CONTINUOUS
10
3.8419520472440944
20
-2.5595259842519686
11
3.8421978740157479
21
-2.5600765354330708
0
LINE
8
F.Silkscreen
6
CONTINUOUS
10
3.8421978740157479
20
-2.5600765354330708
11
3.8586020472440943
21
-2.6092890944881888
0
LINE
8
F.Silkscreen
6
CONTINUOUS
10
3.8586020472440943
20
-2.6092890944881888
11
3.8587357086614174
21
-2.6098770472440944
0
LINE
8
F.Silkscreen
6
CONTINUOUS
10
3.8587357086614174
20
-2.6098770472440944
11
3.8586506692913387
21
-2.6110741338582675
0
LINE
8
F.Silkscreen
6
CONTINUOUS
10
3.8586506692913387
20
-2.6110741338582675
11
3.8581139370078739
21
-2.6121475984251967
0
LINE
8
F.Silkscreen
6
CONTINUOUS
10
3.8581139370078739
20
-2.6121475984251967
11
3.8572072834645668
21
-2.6129338976377952
0
LINE
8
F.Silkscreen
6
CONTINUOUS
10
3.8572072834645668
20
-2.6129338976377952
11
3.8560688188976378
21
-2.6133133858267716
0
LINE
8
F.Silkscreen
6
CONTINUOUS
10
3.8560688188976378
20
-2.6133133858267716
11
3.8548716929133859
21
-2.613228346456693
0
LINE
8
F.Silkscreen
6
CONTINUOUS
10
3.8548716929133859
20
-2.613228346456693
11
3.8537982677165354
21
-2.6126916141732281
0
LINE
8
F.Silkscreen
6
CONTINUOUS
10
3.8537982677165354
20
-2.6126916141732281
11
3.853011968503937
21
-2.611784960629921
0
LINE
8
F.Silkscreen
6
CONTINUOUS
10
3.853011968503937
20
-2.611784960629921
11
3.8527661417322832
21
-2.6112344094488189
0
LINE
8
F.Silkscreen
6
CONTINUOUS
10
3.8527661417322832
20
-2.6112344094488189
11
3.8487802755905509
21
-2.5992768110236222
0
LINE
8
F.Silkscreen
6
CONTINUOUS
10
3.8487802755905509
20
-2.5992768110236222
11
3.8297795275590549
21
-2.5992768110236222
0
LINE
8
F.Silkscreen
6
CONTINUOUS
10
3.8297795275590549
20
-2.5992768110236222
11
3.8257936614173227
21
-2.6112344094488189
0
LINE
8
F.Silkscreen
6
CONTINUOUS
10
3.8257936614173227
20
-2.6112344094488189
11
3.8255478346456693
21
-2.6117849999999998
0
LINE
8
F.Silkscreen
6
CONTINUOUS
10
3.8255478346456693
20
-2.6117849999999998
11
3.8247615354330708
21
-2.6126916535433069
0
LINE
8
F.Silkscreen
6
CONTINUOUS
10
3.8247615354330708
20
-2.6126916535433069
11
3.8236881102362203
21
-2.613228346456693
0
LINE
8
F.Silkscreen
6
CONTINUOUS
10
3.8236881102362203
20
-2.613228346456693
11
3.8224909842519685
21
-2.6133134251968504
0
LINE
8
F.Silkscreen
6
CONTINUOUS
10
3.8224909842519685
20
-2.6133134251968504
11
3.8213524803149603
21
-2.6129338976377952
0
LINE
8
F.Silkscreen
6
CONTINUOUS
10
3.8213524803149603
20
-2.6129338976377952
11
3.8204458267716537
21
-2.6121475984251967
0
LINE
8
F.Silkscreen
6
CONTINUOUS
10
3.8204458267716537
20
-2.6121475984251967
11
3.8199091338582676
21
-2.6110741732283462
0
LINE
8
F.Silkscreen
6
CONTINUOUS
10
3.8199091338582676
20
-2.6110741732283462
11
3.8198240551181102
21
-2.6098770472440944
0
LINE
8
F.Silkscreen
6
CONTINUOUS
10
3.8198240551181102
20
-2.6098770472440944
11
3.8199577559055116
21
-2.6092891338582676
0
LINE
8
F.Silkscreen
6
CONTINUOUS
10
3.8199577559055116
20
-2.6092891338582676
11
3.8363619685039367
21
-2.560076496062992
0
LINE
8
F.Silkscreen
6
CONTINUOUS
10
3.8363619685039367
20
-2.560076496062992
11
3.8366077952755906
21
-2.5595259448818899
0
LINE
8
F.Silkscreen
6
CONTINUOUS
10
3.8366077952755906
20
-2.5595259448818899
11
3.8367517716535433
21
-2.5593598818897636
0
LINE
8
F.Silkscreen
6
CONTINUOUS
10
3.8367517716535433
20
-2.5593598818897636
11
3.8368500787401576
21
-2.559163346456693
0
LINE
8
F.Silkscreen
6
CONTINUOUS
10
3.8368500787401576
20
-2.559163346456693
11
3.8371412598425194
21
-2.5589107874015746
0
LINE
8
F.Silkscreen
6
CONTINUOUS
10
3.8371412598425194
20
-2.5589107874015746
11
3.837394094488189
21
-2.5586192913385828
0
LINE
8
F.Silkscreen
6
CONTINUOUS
10
3.837394094488189
20
-2.5586192913385828
11
3.8375908267716534
21
-2.558520905511811
0
LINE
8
F.Silkscreen
6
CONTINUOUS
10
3.8375908267716534
20
-2.558520905511811
11
3.8377567322834647
21
-2.5583770472440945
0
LINE
8
F.Silkscreen
6
CONTINUOUS
10
3.8377567322834647
20
-2.5583770472440945
11
3.838122401574803
21
-2.5582551181102362
0
LINE
8
F.Silkscreen
6
CONTINUOUS
10
3.838122401574803
20
-2.5582551181102362
11
3.8384675196850391
21
-2.5580825984251967
0
LINE
8
F.Silkscreen
6
CONTINUOUS
10
3.8384675196850391
20
-2.5580825984251967
11
3.8386866929133858
21
-2.5580670078740155
0
LINE
8
F.Silkscreen
6
CONTINUOUS
10
3.8386866929133858
20
-2.5580670078740155
11
3.8388951968503937
21
-2.5579975196850393
0
LINE
8
F.Silkscreen
6
CONTINUOUS
10
3.8388951968503937
20
-2.5579975196850393
11
3.8392799212598425
21
-2.5580248425196848
0
LINE
8
F.Silkscreen
6
CONTINUOUS
10
3.8392799212598425
20
-2.5580248425196848
11
3.8396646456692913
21
-2.5579975196850393
0
LINE
8
F.Silkscreen
6
CONTINUOUS
10
3.8396646456692913
20
-2.5579975196850393
11
3.8398731102362205
21
-2.5580670078740155
0
LINE
8
F.Silkscreen
6
CONTINUOUS
10
3.8318300393700788
20
-2.5931252362204722
11
3.8467297637795275
21
-2.5931252362204722
0
LINE
8
F.Silkscreen
6
CONTINUOUS
10
3.8467297637795275
20
-2.5931252362204722
11
3.8392798818897638
21
-2.5707756692913386
0
LINE
8
F.Silkscreen
6
CONTINUOUS
10
3.8392798818897638
20
-2.5707756692913386
11
3.8318300393700788
21
-2.5931252362204722
0
LINE
8
F.Silkscreen
6
CONTINUOUS
10
3.8984663779527557
20
-2.4580324803149605
11
3.8985684251968502
21
-2.4580747244094487
0
LINE
8
F.Silkscreen
6
CONTINUOUS
10
3.8985684251968502
20
-2.4580747244094487
11
3.8986787401574801
21
-2.4580825984251966
0
LINE
8
F.Silkscreen
6
CONTINUOUS
10
3.8986787401574801
20
-2.4580825984251966
11
3.8992418897637795
21
-2.4582981102362202
0
LINE
8
F.Silkscreen
6
CONTINUOUS
10
3.8992418897637795
20
-2.4582981102362202
11
3.9039288188976378
21
-2.4606415748031494
0
LINE
8
F.Silkscreen
6
CONTINUOUS
10
3.9039288188976378
20
-2.4606415748031494
11
3.9041870472440943
21
-2.4608041338582676
0
LINE
8
F.Silkscreen
6
CONTINUOUS
10
3.9041870472440943
20
-2.4608041338582676
11
3.904262125984252
21
-2.4608352362204724
0
LINE
8
F.Silkscreen
6
CONTINUOUS
10
3.904262125984252
20
-2.4608352362204724
11
3.9043465748031494
21
-2.4609045669291336
0
LINE
8
F.Silkscreen
6
CONTINUOUS
10
3.9043465748031494
20
-2.4609045669291336
11
3.9044390944881888
21
-2.4609627952755906
0
LINE
8
F.Silkscreen
6
CONTINUOUS
10
3.9044390944881888
20
-2.4609627952755906
11
3.9044923228346455
21
-2.4610241732283464
0
LINE
8
F.Silkscreen
6
CONTINUOUS
10
3.9044923228346455
20
-2.4610241732283464
11
3.9047281889763781
21
-2.461217755905512
0
LINE
8
F.Silkscreen
6
CONTINUOUS
10
3.9047281889763781
20
-2.461217755905512
11
3.9094150787401576
21
-2.4659046850393702
0
LINE
8
F.Silkscreen
6
CONTINUOUS
10
3.9094150787401576
20
-2.4659046850393702
11
3.9097975984251967
21
-2.4663707480314958
0
LINE
8
F.Silkscreen
6
CONTINUOUS
10
3.9097975984251967
20
-2.4663707480314958
11
3.9098851181102363
21
-2.4665820472440942
0
LINE
8
F.Silkscreen
6
CONTINUOUS
10
3.9098851181102363
20
-2.4665820472440942
11
3.9100212598425195
21
-2.4667657874015747
0
LINE
8
F.Silkscreen
6
CONTINUOUS
10
3.9100212598425195
20
-2.4667657874015747
11
3.9102240944881888
21
-2.4673335826771652
0
LINE
8
F.Silkscreen
6
CONTINUOUS
10
3.9102240944881888
20
-2.4673335826771652
11
3.9125675590551179
21
-2.476707401574803
0
LINE
8
F.Silkscreen
6
CONTINUOUS
10
3.9125675590551179
20
-2.476707401574803
11
3.9125829133858265
21
-2.4768113779527559
0
LINE
8
F.Silkscreen
6
CONTINUOUS
10
3.9125829133858265
20
-2.4768113779527559
11
3.9126003149606299
21
-2.4768533464566929
0
LINE
8
F.Silkscreen
6
CONTINUOUS
10
3.9126003149606299
20
-2.4768533464566929
11
3.912622559055118
21
-2.4770792125984253
0
LINE
8
F.Silkscreen
6
CONTINUOUS
10
3.912622559055118
20
-2.4770792125984253
11
3.9126557874015746
21
-2.4773038582677165
0
LINE
8
F.Silkscreen
6
CONTINUOUS
10
3.9126557874015746
20
-2.4773038582677165
11
3.9126490944881889
21
-2.4773487401574803
0
LINE
8
F.Silkscreen
6
CONTINUOUS
10
3.9126490944881889
20
-2.4773487401574803
11
3.912659409448819
21
-2.4774533858267715
0
LINE
8
F.Silkscreen
6
CONTINUOUS
10
3.912659409448819
20
-2.4774533858267715
11
3.912659409448819
21
-2.4938575984251967
0
LINE
8
F.Silkscreen
6
CONTINUOUS
10
3.912659409448819
20
-2.4938575984251967
11
3.9126490944881889
21
-2.4939622047244092
0
LINE
8
F.Silkscreen
6
CONTINUOUS
10
3.9126490944881889
20
-2.4939622047244092
11
3.9126557874015746
21
-2.4940071259842518
0
LINE
8
F.Silkscreen
6
CONTINUOUS
10
3.9126557874015746
20
-2.4940071259842518
11
3.912622559055118
21
-2.4942317322834646
0
LINE
8
F.Silkscreen
6
CONTINUOUS
10
3.912622559055118
20
-2.4942317322834646
11
3.9126003149606299
21
-2.4944576377952754
0
LINE
8
F.Silkscreen
6
CONTINUOUS
10
3.9126003149606299
20
-2.4944576377952754
11
3.9125829133858265
21
-2.4944995669291337
0
LINE
8
F.Silkscreen
6
CONTINUOUS
10
3.9125829133858265
20
-2.4944995669291337
11
3.9125675590551179
21
-2.4946035826771653
0
LINE
8
F.Silkscreen
6
CONTINUOUS
10
3.9125675590551179
20
-2.4946035826771653
11
3.9102240944881888
21
-2.5039774015748031
0
LINE
8
F.Silkscreen
6
CONTINUOUS
10
3.9102240944881888
20
-2.5039774015748031
11
3.9100212598425195
21
-2.5045451968503936
0
LINE
8
F.Silkscreen
6
CONTINUOUS
10
3.9100212598425195
20
-2.5045451968503936
11
3.9098851181102363
21
-2.5047288976377953
0
LINE
8
F.Silkscreen
6
CONTINUOUS
10
3.9098851181102363
20
-2.5047288976377953
11
3.9097975984251967
21
-2.5049402362204725
0
LINE
8
F.Silkscreen
6
CONTINUOUS
10
3.9097975984251967
20
-2.5049402362204725
11
3.9094150787401576
21
-2.5054062992125985
0
LINE
8
F.Silkscreen
6
CONTINUOUS
10
3.9094150787401576
20
-2.5054062992125985
11
3.9047281889763781
21
-2.5100932283464568
0
LINE
8
F.Silkscreen
6
CONTINUOUS
10
3.9047281889763781
20
-2.5100932283464568
11
3.9044922834645668
21
-2.5102868110236218
0
LINE
8
F.Silkscreen
6
CONTINUOUS
10
3.9044922834645668
20
-2.5102868110236218
11
3.9044390551181101
21
-2.5103482283464564
0
LINE
8
F.Silkscreen
6
CONTINUOUS
10
3.9044390551181101
20
-2.5103482283464564
11
3.9043465354330706
21
-2.5104064173228346
0
LINE
8
F.Silkscreen
6
CONTINUOUS
10
3.9043465354330706
20
-2.5104064173228346
11
3.904262125984252
21
-2.5104757480314959
0
LINE
8
F.Silkscreen
6
CONTINUOUS
10
3.904262125984252
20
-2.5104757480314959
11
3.9041870472440943
21
-2.5105068110236219
0
LINE
8
F.Silkscreen
6
CONTINUOUS
10
3.9041870472440943
20
-2.5105068110236219
11
3.903928779527559
21
-2.5106694094488189
0
LINE
8
F.Silkscreen
6
CONTINUOUS
10
3.903928779527559
20
-2.5106694094488189
11
3.8992418503937007
21
-2.5130128346456693
0
LINE
8
F.Silkscreen
6
CONTINUOUS
10
3.8992418503937007
20
-2.5130128346456693
11
3.8986787401574801
21
-2.5132283464566929
0
LINE
8
F.Silkscreen
6
CONTINUOUS
10
3.8986787401574801
20
-2.5132283464566929
11
3.8985684251968502
21
-2.513236181102362
0
LINE
8
F.Silkscreen
6
CONTINUOUS
10
3.8985684251968502
20
-2.513236181102362
11
3.8984663779527557
21
-2.513278464566929
0
LINE
8
F.Silkscreen
6
CONTINUOUS
10
3.8984663779527557
20
-2.513278464566929
11
3.8978663385826771
21
-2.5133375590551181
0
LINE
8
F.Silkscreen
6
CONTINUOUS
10
3.8978663385826771
20
-2.5133375590551181
11
3.8884925196850393
21
-2.5133375590551181
0
LINE
8
F.Silkscreen
6
CONTINUOUS
10
3.8884925196850393
20
-2.5133375590551181
11
3.8878924803149606
21
-2.513278464566929
0
LINE
8
F.Silkscreen
6
CONTINUOUS
10
3.8878924803149606
20
-2.513278464566929
11
3.8877903937007874
21
-2.513236181102362
0
LINE
8
F.Silkscreen
6
CONTINUOUS
10
3.8877903937007874
20
-2.513236181102362
11
3.8876801181102363
21
-2.5132283464566929
0
LINE
8
F.Silkscreen
6
CONTINUOUS
10
3.8876801181102363
20
-2.5132283464566929
11
3.8871170078740156
21
-2.5130128346456693
0
LINE
8
F.Silkscreen
6
CONTINUOUS
10
3.8871170078740156
20
-2.5130128346456693
11
3.8824300787401573
21
-2.5106694094488189
0
LINE
8
F.Silkscreen
6
CONTINUOUS
10
3.8824300787401573
20
-2.5106694094488189
11
3.8821717322834646
21
-2.5105067716535432
0
LINE
8
F.Silkscreen
6
CONTINUOUS
10
3.8821717322834646
20
-2.5105067716535432
11
3.8820967716535431
21
-2.5104757480314959
0
LINE
8
F.Silkscreen
6
CONTINUOUS
10
3.8820967716535431
20
-2.5104757480314959
11
3.8820123622047245
21
-2.5104064960629922
0
LINE
8
F.Silkscreen
6
CONTINUOUS
10
3.8820123622047245
20
-2.5104064960629922
11
3.8819198031496063
21
-2.5103482283464564
0
LINE
8
F.Silkscreen
6
CONTINUOUS
10
3.8819198031496063
20
-2.5103482283464564
11
3.8818665354330708
21
-2.5102868110236218
0
LINE
8
F.Silkscreen
6
CONTINUOUS
10
3.8818665354330708
20
-2.5102868110236218
11
3.8816306692913387
21
-2.5100932677165355
0
LINE
8
F.Silkscreen
6
CONTINUOUS
10
3.8816306692913387
20
-2.5100932677165355
11
3.8769437795275588
21
-2.5054062992125985
0
LINE
8
F.Silkscreen
6
CONTINUOUS
10
3.8769437795275588
20
-2.5054062992125985
11
3.8765612598425196
21
-2.5049402362204725
0
LINE
8
F.Silkscreen
6
CONTINUOUS
10
3.8765612598425196
20
-2.5049402362204725
11
3.87647374015748
21
-2.504728937007874
0
LINE
8
F.Silkscreen
6
CONTINUOUS
10
3.87647374015748
20
-2.504728937007874
11
3.8763375984251969
21
-2.5045451968503936
0
LINE
8
F.Silkscreen
6
CONTINUOUS
10
3.8763375984251969
20
-2.5045451968503936
11
3.8761347637795276
21
-2.5039774015748031
0
LINE
8
F.Silkscreen
6
CONTINUOUS
10
3.8761347637795276
20
-2.5039774015748031
11
3.8737912992125985
21
-2.4946035826771653
0
LINE
8
F.Silkscreen
6
CONTINUOUS
10
3.8737912992125985
20
-2.4946035826771653
11
3.8737759055118111
21
-2.4944995669291337
0
LINE
8
F.Silkscreen
6
CONTINUOUS
10
3.8737759055118111
20
-2.4944995669291337
11
3.8737585433070865
21
-2.4944576377952754
0
LINE
8
F.Silkscreen
6
CONTINUOUS
10
3.8737585433070865
20
-2.4944576377952754
11
3.8737362598425196
21
-2.4942317322834646
0
LINE
8
F.Silkscreen
6
CONTINUOUS
10
3.8737362598425196
20
-2.4942317322834646
11
3.8737030708661417
21
-2.4940071259842518
0
LINE
8
F.Silkscreen
6
CONTINUOUS
10
3.8737030708661417
20
-2.4940071259842518
11
3.8737097244094487
21
-2.4939622047244092
0
LINE
8
F.Silkscreen
6
CONTINUOUS
10
3.8737097244094487
20
-2.4939622047244092
11
3.8736994488188974
21
-2.4938575984251967
0
LINE
8
F.Silkscreen
6
CONTINUOUS
10
3.8736994488188974
20
-2.4938575984251967
11
3.8736994488188974
21
-2.4774533858267715
0
LINE
8
F.Silkscreen
6
CONTINUOUS
10
3.8736994488188974
20
-2.4774533858267715
11
3.8737097244094487
21
-2.4773487401574803
0
LINE
8
F.Silkscreen
6
CONTINUOUS
10
3.8737097244094487
20
-2.4773487401574803
11
3.8737030708661417
21
-2.4773038582677165
0
LINE
8
F.Silkscreen
6
CONTINUOUS
10
3.8737030708661417
20
-2.4773038582677165
11
3.8737362598425196
21
-2.4770792125984253
0
LINE
8
F.Silkscreen
6
CONTINUOUS
10
3.8737362598425196
20
-2.4770792125984253
11
3.8737585433070865
21
-2.4768533464566929
0
LINE
8
F.Silkscreen
6
CONTINUOUS
10
3.8737585433070865
20
-2.4768533464566929
11
3.8737759055118111
21
-2.4768113779527559
0
LINE
8
F.Silkscreen
6
CONTINUOUS
10
3.8737759055118111
20
-2.4768113779527559
11
3.8737912992125985
21
-2.476707401574803
0
LINE
8
F.Silkscreen
6
CONTINUOUS
10
3.8737912992125985
20
-2.476707401574803
11
3.8761347637795276
21
-2.4673335826771652
0
LINE
8
F.Silkscreen
6
CONTINUOUS
10
3.8761347637795276
20
-2.4673335826771652
11
3.8763375984251969
21
-2.4667657874015747
0
LINE
8
F.Silkscreen
6
CONTINUOUS
10
3.8763375984251969
20
-2.4667657874015747
11
3.87647374015748
21
-2.4665820078740155
0
LINE
8
F.Silkscreen
6
CONTINUOUS
10
3.87647374015748
20
-2.4665820078740155
11
3.8765612598425196
21
-2.4663707480314958
0
LINE
8
F.Silkscreen
6
CONTINUOUS
10
3.8765612598425196
20
-2.4663707480314958
11
3.8769437795275588
21
-2.4659046850393702
0
LINE
8
F.Silkscreen
6
CONTINUOUS
10
3.8769437795275588
20
-2.4659046850393702
11
3.8816306692913387
21
-2.4612177165354332
0
LINE
8
F.Silkscreen
6
CONTINUOUS
10
3.8816306692913387
20
-2.4612177165354332
11
3.8818665354330708
21
-2.4610241338582677
0
LINE
8
F.Silkscreen
6
CONTINUOUS
10
3.8818665354330708
20
-2.4610241338582677
11
3.8819198031496063
21
-2.4609627559055118
0
LINE
8
F.Silkscreen
6
CONTINUOUS
10
3.8819198031496063
20
-2.4609627559055118
11
3.8820124015748032
21
-2.4609044488188974
0
LINE
8
F.Silkscreen
6
CONTINUOUS
10
3.8820124015748032
20
-2.4609044488188974
11
3.8820967716535431
21
-2.4608352362204724
0
LINE
8
F.Silkscreen
6
CONTINUOUS
10
3.8820967716535431
20
-2.4608352362204724
11
3.8821716535433071
21
-2.4608041732283463
0
LINE
8
F.Silkscreen
6
CONTINUOUS
10
3.8821716535433071
20
-2.4608041732283463
11
3.8824300393700786
21
-2.4606415748031494
0
LINE
8
F.Silkscreen
6
CONTINUOUS
10
3.8824300393700786
20
-2.4606415748031494
11
3.8871170078740156
21
-2.4582981102362202
0
LINE
8
F.Silkscreen
6
CONTINUOUS
10
3.8871170078740156
20
-2.4582981102362202
11
3.8876801181102363
21
-2.4580825984251966
0
LINE
8
F.Silkscreen
6
CONTINUOUS
10
3.8876801181102363
20
-2.4580825984251966
11
3.8877903937007874
21
-2.4580747244094487
0
LINE
8
F.Silkscreen
6
CONTINUOUS
10
3.8877903937007874
20
-2.4580747244094487
11
3.8878924803149606
21
-2.4580324803149605
0
LINE
8
F.Silkscreen
6
CONTINUOUS
10
3.8878924803149606
20
-2.4580324803149605
11
3.8884925196850393
21
-2.4579733858267714
0
LINE
8
F.Silkscreen
6
CONTINUOUS
10
3.8884925196850393
20
-2.4579733858267714
11
3.8978663385826771
21
-2.4579733858267714
0
LINE
8
F.Silkscreen
6
CONTINUOUS
10
3.8978663385826771
20
-2.4579733858267714
11
3.8984663779527557
21
-2.4580324803149605
0
LINE
8
F.Silkscreen
6
CONTINUOUS
10
3.8856275196850394
20
-2.4659204724409447
11
3.8818959842519685
21
-2.4696520472440944
0
LINE
8
F.Silkscreen
6
CONTINUOUS
10
3.8818959842519685
20
-2.4696520472440944
11
3.8798510236220474
21
-2.4778319685039372
0
LINE
8
F.Silkscreen
6
CONTINUOUS
10
3.8798510236220474
20
-2.4778319685039372
11
3.8798510236220474
21
-2.4934789763779528
0
LINE
8
F.Silkscreen
6
CONTINUOUS
10
3.8798510236220474
20
-2.4934789763779528
11
3.8818959842519685
21
-2.5016588976377951
0
LINE
8
F.Silkscreen
6
CONTINUOUS
10
3.8818959842519685
20
-2.5016588976377951
11
3.8856275196850394
21
-2.5053904724409448
0
LINE
8
F.Silkscreen
6
CONTINUOUS
10
3.8856275196850394
20
-2.5053904724409448
11
3.8892185826771652
21
-2.5071859842519686
0
LINE
8
F.Silkscreen
6
CONTINUOUS
10
3.8892185826771652
20
-2.5071859842519686
11
3.8971402755905511
21
-2.5071859842519686
0
LINE
8
F.Silkscreen
6
CONTINUOUS
10
3.8971402755905511
20
-2.5071859842519686
11
3.9007312598425194
21
-2.5053904724409448
0
LINE
8
F.Silkscreen
6
CONTINUOUS
10
3.9007312598425194
20
-2.5053904724409448
11
3.9044628346456691
21
-2.5016588582677164
0
LINE
8
F.Silkscreen
6
CONTINUOUS
10
3.9044628346456691
20
-2.5016588582677164
11
3.9065078346456694
21
-2.4934789763779528
0
LINE
8
F.Silkscreen
6
CONTINUOUS
10
3.9065078346456694
20
-2.4934789763779528
11
3.9065078346456694
21
-2.4778319685039372
0
LINE
8
F.Silkscreen
6
CONTINUOUS
10
3.9065078346456694
20
-2.4778319685039372
11
3.9044628346456691
21
-2.4696520866141731
0
LINE
8
F.Silkscreen
6
CONTINUOUS
10
3.9044628346456691
20
-2.4696520866141731
11
3.9007312598425194
21
-2.4659204330708659
0
LINE
8
F.Silkscreen
6
CONTINUOUS
10
3.9007312598425194
20
-2.4659204330708659
11
3.8971402362204723
21
-2.4641249606299214
0
LINE
8
F.Silkscreen
6
CONTINUOUS
10
3.8971402362204723
20
-2.4641249606299214
11
3.889218622047244
21
-2.4641249606299214
0
LINE
8
F.Silkscreen
6
CONTINUOUS
10
3.889218622047244
20
-2.4641249606299214
11
3.8856275196850394
21
-2.4659204724409447
0
LINE
8
F.Silkscreen
6
CONTINUOUS
10
3.9851742913385828
20
-2.4580324803149605
11
3.9852763385826773
21
-2.4580747244094487
0
LINE
8
F.Silkscreen
6
CONTINUOUS
10
3.9852763385826773
20
-2.4580747244094487
11
3.9853866535433071
21
-2.4580825984251966
0
LINE
8
F.Silkscreen
6
CONTINUOUS
10
3.9853866535433071
20
-2.4580825984251966
11
3.9859498031496061
21
-2.4582981102362202
0
LINE
8
F.Silkscreen
6
CONTINUOUS
10
3.9859498031496061
20
-2.4582981102362202
11
3.9906367322834644
21
-2.4606415748031494
0
LINE
8
F.Silkscreen
6
CONTINUOUS
10
3.9906367322834644
20
-2.4606415748031494
11
3.9908950393700788
21
-2.4608041732283463
0
LINE
8
F.Silkscreen
6
CONTINUOUS
10
3.9908950393700788
20
-2.4608041732283463
11
3.9909699999999999
21
-2.4608352362204724
0
LINE
8
F.Silkscreen
6
CONTINUOUS
10
3.9909699999999999
20
-2.4608352362204724
11
3.991054409448819
21
-2.4609044881889761
0
LINE
8
F.Silkscreen
6
CONTINUOUS
10
3.991054409448819
20
-2.4609044881889761
11
3.9911470078740154
21
-2.4609627952755906
0
LINE
8
F.Silkscreen
6
CONTINUOUS
10
3.9911470078740154
20
-2.4609627952755906
11
3.9912002362204722
21
-2.4610241338582677
0
LINE
8
F.Silkscreen
6
CONTINUOUS
10
3.9912002362204722
20
-2.4610241338582677
11
3.9914361023622047
21
-2.4612177165354332
0
LINE
8
F.Silkscreen
6
CONTINUOUS
10
3.9914361023622047
20
-2.4612177165354332
11
3.9937795669291338
21
-2.4635612204724411
0
LINE
8
F.Silkscreen
6
CONTINUOUS
10
3.9937795669291338
20
-2.4635612204724411
11
3.9939731102362206
21
-2.4637970472440944
0
LINE
8
F.Silkscreen
6
CONTINUOUS
10
3.9939731102362206
20
-2.4637970472440944
11
3.9940345275590552
21
-2.4638503149606299
0
LINE
8
F.Silkscreen
6
CONTINUOUS
10
3.9940345275590552
20
-2.4638503149606299
11
3.994092716535433
21
-2.4639427559055118
0
LINE
8
F.Silkscreen
6
CONTINUOUS
10
3.994092716535433
20
-2.4639427559055118
11
3.9941620866141729
21
-2.4640272834645667
0
LINE
8
F.Silkscreen
6
CONTINUOUS
10
3.9941620866141729
20
-2.4640272834645667
11
3.9941931889763778
21
-2.4641024015748032
0
LINE
8
F.Silkscreen
6
CONTINUOUS
10
3.9941931889763778
20
-2.4641024015748032
11
3.9943557086614172
21
-2.464360590551181
0
LINE
8
F.Silkscreen
6
CONTINUOUS
10
3.9943557086614172
20
-2.464360590551181
11
3.9966991338582676
21
-2.4690475196850392
0
LINE
8
F.Silkscreen
6
CONTINUOUS
10
3.9966991338582676
20
-2.4690475196850392
11
3.9969146456692912
21
-2.4696106299212599
0
LINE
8
F.Silkscreen
6
CONTINUOUS
10
3.9969146456692912
20
-2.4696106299212599
11
3.9969224803149603
21
-2.469720905511811
0
LINE
8
F.Silkscreen
6
CONTINUOUS
10
3.9969224803149603
20
-2.469720905511811
11
3.9969647637795274
21
-2.4698229921259842
0
LINE
8
F.Silkscreen
6
CONTINUOUS
10
3.9969647637795274
20
-2.4698229921259842
11
3.9970238582677164
21
-2.4704230314960629
0
LINE
8
F.Silkscreen
6
CONTINUOUS
10
3.9970238582677164
20
-2.4704230314960629
11
3.9970238582677164
21
-2.4751099212598424
0
LINE
8
F.Silkscreen
6
CONTINUOUS
10
3.9970238582677164
20
-2.4751099212598424
11
3.9969939370078738
21
-2.475413464566929
0
LINE
8
F.Silkscreen
6
CONTINUOUS
10
3.9969939370078738
20
-2.475413464566929
11
3.9969997244094486
21
-2.4754946062992125
0
LINE
8
F.Silkscreen
6
CONTINUOUS
10
3.9969997244094486
20
-2.4754946062992125
11
3.9969754330708662
21
-2.4756012598425197
0
LINE
8
F.Silkscreen
6
CONTINUOUS
10
3.9969754330708662
20
-2.4756012598425197
11
3.9969647637795274
21
-2.4757099606299211
0
LINE
8
F.Silkscreen
6
CONTINUOUS
10
3.9969647637795274
20
-2.4757099606299211
11
3.9969336614173225
21
-2.4757849606299214
0
LINE
8
F.Silkscreen
6
CONTINUOUS
10
3.9969336614173225
20
-2.4757849606299214
11
3.9968660236220472
21
-2.4760825590551181
0
LINE
8
F.Silkscreen
6
CONTINUOUS
10
3.9968660236220472
20
-2.4760825590551181
11
3.9945225984251969
21
-2.4831129527559055
0
LINE
8
F.Silkscreen
6
CONTINUOUS
10
3.9945225984251969
20
-2.4831129527559055
11
3.994276771653543
21
-2.4836635039370076
0
LINE
8
F.Silkscreen
6
CONTINUOUS
10
3.994276771653543
20
-2.4836635039370076
11
3.99420437007874
21
-2.4837469685039371
0
LINE
8
F.Silkscreen
6
CONTINUOUS
10
3.99420437007874
20
-2.4837469685039371
11
3.9941620472440942
21
-2.4838491732283465
0
LINE
8
F.Silkscreen
6
CONTINUOUS
10
3.9941620472440942
20
-2.4838491732283465
11
3.9937795669291338
21
-2.4843152362204726
0
LINE
8
F.Silkscreen
6
CONTINUOUS
10
3.9937795669291338
20
-2.4843152362204726
11
3.9709087795275591
21
-2.5071859842519686
0
LINE
8
F.Silkscreen
6
CONTINUOUS
10
3.9709087795275591
20
-2.5071859842519686
11
3.9939480708661415
21
-2.5071859842519686
0
LINE
8
F.Silkscreen
6
CONTINUOUS
10
3.9939480708661415
20
-2.5071859842519686
11
3.9945481102362206
21
-2.5072450787401572
0
LINE
8
F.Silkscreen
6
CONTINUOUS
10
3.9945481102362206
20
-2.5072450787401572
11
3.9956568897637794
21
-2.5077043307086613
0
LINE
8
F.Silkscreen
6
CONTINUOUS
10
3.9956568897637794
20
-2.5077043307086613
11
3.9965055118110233
21
-2.5085529527559056
0
LINE
8
F.Silkscreen
6
CONTINUOUS
10
3.9965055118110233
20
-2.5085529527559056
11
3.9969647637795274
21
-2.5096617322834645
0
LINE
8
F.Silkscreen
6
CONTINUOUS
10
3.9969647637795274
20
-2.5096617322834645
11
3.9969647637795274
21
-2.5108618110236218
0
LINE
8
F.Silkscreen
6
CONTINUOUS
10
3.9969647637795274
20
-2.5108618110236218
11
3.9965055118110233
21
-2.5119705905511811
0
LINE
8
F.Silkscreen
6
CONTINUOUS
10
3.9965055118110233
20
-2.5119705905511811
11
3.9956568897637794
21
-2.512819212598425
0
LINE
8
F.Silkscreen
6
CONTINUOUS
10
3.9956568897637794
20
-2.512819212598425
11
3.9945481102362206
21
-2.513278464566929
0
LINE
8
F.Silkscreen
6
CONTINUOUS
10
3.9945481102362206
20
-2.513278464566929
11
3.9939480708661415
21
-2.5133375590551181
0
LINE
8
F.Silkscreen
6
CONTINUOUS
10
3.9939480708661415
20
-2.5133375590551181
11
3.963483149606299
21
-2.5133375590551181
0
LINE
8
F.Silkscreen
6
CONTINUOUS
10
3.963483149606299
20
-2.5133375590551181
11
3.9628831102362203
21
-2.513278464566929
0
LINE
8
F.Silkscreen
6
CONTINUOUS
10
3.9628831102362203
20
-2.513278464566929
11
3.9628830708661416
21
-2.513278464566929
0
LINE
8
F.Silkscreen
6
CONTINUOUS
10
3.9628830708661416
20
-2.513278464566929
11
3.9625583070866139
21
-2.5131439370078739
0
LINE
8
F.Silkscreen
6
CONTINUOUS
10
3.9625583070866139
20
-2.5131439370078739
11
3.9617743307086615
21
-2.512819212598425
0
LINE
8
F.Silkscreen
6
CONTINUOUS
10
3.9617743307086615
20
-2.512819212598425
11
3.9609257086614171
21
-2.5119705905511811
0
LINE
8
F.Silkscreen
6
CONTINUOUS
10
3.9609257086614171
20
-2.5119705905511811
11
3.960554409448819
21
-2.5110741732283466
0
LINE
8
F.Silkscreen
6
CONTINUOUS
10
3.960554409448819
20
-2.5110741732283466
11
3.9604664566929131
21
-2.5108618503937006
0
LINE
8
F.Silkscreen
6
CONTINUOUS
10
3.9604664566929131
20
-2.5108618503937006
11
3.9604664566929131
21
-2.5096616929133857
0
LINE
8
F.Silkscreen
6
CONTINUOUS
10
3.9604664566929131
20
-2.5096616929133857
11
3.9606009448818895
21
-2.5093369291338581
0
LINE
8
F.Silkscreen
6
CONTINUOUS
10
3.9606009448818895
20
-2.5093369291338581
11
3.9609257086614171
21
-2.5085529527559056
0
LINE
8
F.Silkscreen
6
CONTINUOUS
10
3.9609257086614171
20
-2.5085529527559056
11
3.9609259055118109
21
-2.5085527165354331
0
LINE
8
F.Silkscreen
6
CONTINUOUS
10
3.9609259055118109
20
-2.5085527165354331
11
3.9613082283464567
21
-2.5080868503937008
0
LINE
8
F.Silkscreen
6
CONTINUOUS
10
3.9613082283464567
20
-2.5080868503937008
11
3.9889162992125984
21
-2.4804787795275591
0
LINE
8
F.Silkscreen
6
CONTINUOUS
10
3.9889162992125984
20
-2.4804787795275591
11
3.9908722834645669
21
-2.4746107874015748
0
LINE
8
F.Silkscreen
6
CONTINUOUS
10
3.9908722834645669
20
-2.4746107874015748
11
3.9908722834645669
21
-2.4711490551181101
0
LINE
8
F.Silkscreen
6
CONTINUOUS
10
3.9908722834645669
20
-2.4711490551181101
11
3.9890767716535431
21
-2.4675580708661418
0
LINE
8
F.Silkscreen
6
CONTINUOUS
10
3.9890767716535431
20
-2.4675580708661418
11
3.9874391338582678
21
-2.4659204330708659
0
LINE
8
F.Silkscreen
6
CONTINUOUS
10
3.9874391338582678
20
-2.4659204330708659
11
3.983848149606299
21
-2.4641249606299214
0
LINE
8
F.Silkscreen
6
CONTINUOUS
10
3.983848149606299
20
-2.4641249606299214
11
3.9735830708661415
21
-2.4641249606299214
0
LINE
8
F.Silkscreen
6
CONTINUOUS
10
3.9735830708661415
20
-2.4641249606299214
11
3.9699920078740156
21
-2.4659204724409447
0
LINE
8
F.Silkscreen
6
CONTINUOUS
10
3.9699920078740156
20
-2.4659204724409447
11
3.9680015354330709
21
-2.4679110236220474
0
LINE
8
F.Silkscreen
6
CONTINUOUS
10
3.9680015354330709
20
-2.4679110236220474
11
3.9675354330708661
21
-2.4682935039370077
0
LINE
8
F.Silkscreen
6
CONTINUOUS
10
3.9675354330708661
20
-2.4682935039370077
11
3.9664266929133856
21
-2.4687527952755906
0
LINE
8
F.Silkscreen
6
CONTINUOUS
10
3.9664266929133856
20
-2.4687527952755906
11
3.9652265354330707
21
-2.4687527952755906
0
LINE
8
F.Silkscreen
6
CONTINUOUS
10
3.9652265354330707
20
-2.4687527952755906
11
3.9641177952755906
21
-2.4682935039370077
0
LINE
8
F.Silkscreen
6
CONTINUOUS
10
3.9641177952755906
20
-2.4682935039370077
11
3.963269212598425
21
-2.4674449212598426
0
LINE
8
F.Silkscreen
6
CONTINUOUS
10
3.963269212598425
20
-2.4674449212598426
11
3.9628099212598422
21
-2.4663361811023621
0
LINE
8
F.Silkscreen
6
CONTINUOUS
10
3.9628099212598422
20
-2.4663361811023621
11
3.9628099212598422
21
-2.4651360236220472
0
LINE
8
F.Silkscreen
6
CONTINUOUS
10
3.9628099212598422
20
-2.4651360236220472
11
3.963269212598425
21
-2.4640272834645667
0
LINE
8
F.Silkscreen
6
CONTINUOUS
10
3.963269212598425
20
-2.4640272834645667
11
3.9636516929133858
21
-2.4635611811023623
0
LINE
8
F.Silkscreen
6
CONTINUOUS
10
3.9636516929133858
20
-2.4635611811023623
11
3.9659951968503937
21
-2.4612177165354332
0
LINE
8
F.Silkscreen
6
CONTINUOUS
10
3.9659951968503937
20
-2.4612177165354332
11
3.9662311417322833
21
-2.4610240157480314
0
LINE
8
F.Silkscreen
6
CONTINUOUS
10
3.9662311417322833
20
-2.4610240157480314
11
3.9662842913385825
21
-2.4609627952755906
0
LINE
8
F.Silkscreen
6
CONTINUOUS
10
3.9662842913385825
20
-2.4609627952755906
11
3.9663765748031494
21
-2.4609046850393699
0
LINE
8
F.Silkscreen
6
CONTINUOUS
10
3.9663765748031494
20
-2.4609046850393699
11
3.9664612598425197
21
-2.4608351968503936
0
LINE
8
F.Silkscreen
6
CONTINUOUS
10
3.9664612598425197
20
-2.4608351968503936
11
3.9665364173228346
21
-2.4608040551181101
0
LINE
8
F.Silkscreen
6
CONTINUOUS
10
3.9665364173228346
20
-2.4608040551181101
11
3.9667945275590548
21
-2.4606415748031494
0
LINE
8
F.Silkscreen
6
CONTINUOUS
10
3.9667945275590548
20
-2.4606415748031494
11
3.9714814173228348
21
-2.4582981102362202
0
LINE
8
F.Silkscreen
6
CONTINUOUS
10
3.9714814173228348
20
-2.4582981102362202
11
3.9720445669291338
21
-2.4580825984251966
0
LINE
8
F.Silkscreen
6
CONTINUOUS
10
3.9720445669291338
20
-2.4580825984251966
11
3.9721548425196849
21
-2.4580747244094487
0
LINE
8
F.Silkscreen
6
CONTINUOUS
10
3.9721548425196849
20
-2.4580747244094487
11
3.9722569291338581
21
-2.4580324803149605
0
LINE
8
F.Silkscreen
6
CONTINUOUS
10
3.9722569291338581
20
-2.4580324803149605
11
3.9728569685039368
21
-2.4579733858267714
0
LINE
8
F.Silkscreen
6
CONTINUOUS
10
3.9728569685039368
20
-2.4579733858267714
11
3.9845742519685037
21
-2.4579733858267714
0
LINE
8
F.Silkscreen
6
CONTINUOUS
10
3.9845742519685037
20
-2.4579733858267714
11
3.9851742913385828
21
-2.4580324803149605
0
LINE
8
F.Silkscreen
6
CONTINUOUS
10
3.849253779527559
20
-2.4580324803149605
11
3.8493558267716534
21
-2.4580747244094487
0
LINE
8
F.Silkscreen
6
CONTINUOUS
10
3.8493558267716534
20
-2.4580747244094487
11
3.8494661417322833
21
-2.4580825984251966
0
LINE
8
F.Silkscreen
6
CONTINUOUS
10
3.8494661417322833
20
-2.4580825984251966
11
3.8500292913385827
21
-2.4582981102362202
0
LINE
8
F.Silkscreen
6
CONTINUOUS
10
3.8500292913385827
20
-2.4582981102362202
11
3.854716220472441
21
-2.4606415748031494
0
LINE
8
F.Silkscreen
6
CONTINUOUS
10
3.854716220472441
20
-2.4606415748031494
11
3.8549744488188975
21
-2.4608041338582676
0
LINE
8
F.Silkscreen
6
CONTINUOUS
10
3.8549744488188975
20
-2.4608041338582676
11
3.8550495275590548
21
-2.4608352362204724
0
LINE
8
F.Silkscreen
6
CONTINUOUS
10
3.8550495275590548
20
-2.4608352362204724
11
3.8551339763779526
21
-2.4609045669291336
0
LINE
8
F.Silkscreen
6
CONTINUOUS
10
3.8551339763779526
20
-2.4609045669291336
11
3.8552264960629921
21
-2.4609627952755906
0
LINE
8
F.Silkscreen
6
CONTINUOUS
10
3.8552264960629921
20
-2.4609627952755906
11
3.8552797244094488
21
-2.4610241732283464
0
LINE
8
F.Silkscreen
6
CONTINUOUS
10
3.8552797244094488
20
-2.4610241732283464
11
3.8555155905511809
21
-2.461217755905512
0
LINE
8
F.Silkscreen
6
CONTINUOUS
10
3.8555155905511809
20
-2.461217755905512
11
3.8578590157480313
21
-2.4635612204724411
0
LINE
8
F.Silkscreen
6
CONTINUOUS
10
3.8578590157480313
20
-2.4635612204724411
11
3.858052559055118
21
-2.4637970472440944
0
LINE
8
F.Silkscreen
6
CONTINUOUS
10
3.858052559055118
20
-2.4637970472440944
11
3.8581139763779526
21
-2.4638503149606299
0
LINE
8
F.Silkscreen
6
CONTINUOUS
10
3.8581139763779526
20
-2.4638503149606299
11
3.8581721653543308
21
-2.4639427559055118
0
LINE
8
F.Silkscreen
6
CONTINUOUS
10
3.8581721653543308
20
-2.4639427559055118
11
3.8582415354330708
21
-2.4640272834645667
0
LINE
8
F.Silkscreen
6
CONTINUOUS
10
3.8582415354330708
20
-2.4640272834645667
11
3.8582725984251969
21
-2.4641023228346457
0
LINE
8
F.Silkscreen
6
CONTINUOUS
10
3.8582725984251969
20
-2.4641023228346457
11
3.8584351574803151
21
-2.4643605511811022
0
LINE
8
F.Silkscreen
6
CONTINUOUS
10
3.8584351574803151
20
-2.4643605511811022
11
3.8607786220472442
21
-2.4690475196850392
0
LINE
8
F.Silkscreen
6
CONTINUOUS
10
3.8607786220472442
20
-2.4690475196850392
11
3.8609941338582678
21
-2.4696106299212599
0
LINE
8
F.Silkscreen
6
CONTINUOUS
10
3.8609941338582678
20
-2.4696106299212599
11
3.861001968503937
21
-2.469720905511811
0
LINE
8
F.Silkscreen
6
CONTINUOUS
10
3.861001968503937
20
-2.469720905511811
11
3.861044251968504
21
-2.4698229921259842
0
LINE
8
F.Silkscreen
6
CONTINUOUS
10
3.861044251968504
20
-2.4698229921259842
11
3.8611033464566926
21
-2.4704230314960629
0
LINE
8
F.Silkscreen
6
CONTINUOUS
10
3.8611033464566926
20
-2.4704230314960629
11
3.8611033464566926
21
-2.4774533858267715
0
LINE
8
F.Silkscreen
6
CONTINUOUS
10
3.8611033464566926
20
-2.4774533858267715
11
3.861044251968504
21
-2.4780534251968502
0
LINE
8
F.Silkscreen
6
CONTINUOUS
10
3.861044251968504
20
-2.4780534251968502
11
3.861001968503937
21
-2.4781554724409447
0
LINE
8
F.Silkscreen
6
CONTINUOUS
10
3.861001968503937
20
-2.4781554724409447
11
3.8609941338582678
21
-2.4782657874015745
0
LINE
8
F.Silkscreen
6
CONTINUOUS
10
3.8609941338582678
20
-2.4782657874015745
11
3.8607786220472442
21
-2.4788288976377952
0
LINE
8
F.Silkscreen
6
CONTINUOUS
10
3.8607786220472442
20
-2.4788288976377952
11
3.8584351574803151
21
-2.4835158661417323
0
LINE
8
F.Silkscreen
6
CONTINUOUS
10
3.8584351574803151
20
-2.4835158661417323
11
3.8582725590551181
21
-2.4837741338582675
0
LINE
8
F.Silkscreen
6
CONTINUOUS
10
3.8582725590551181
20
-2.4837741338582675
11
3.858241496062992
21
-2.4838491732283465
0
LINE
8
F.Silkscreen
6
CONTINUOUS
10
3.858241496062992
20
-2.4838491732283465
11
3.8581721653543308
21
-2.4839336220472439
0
LINE
8
F.Silkscreen
6
CONTINUOUS
10
3.8581721653543308
20
-2.4839336220472439
11
3.8581139763779526
21
-2.4840261023622046
0
LINE
8
F.Silkscreen
6
CONTINUOUS
10
3.8581139763779526
20
-2.4840261023622046
11
3.8580526377952755
21
-2.4840792913385825
0
LINE
8
F.Silkscreen
6
CONTINUOUS
10
3.8580526377952755
20
-2.4840792913385825
11
3.8578590157480313
21
-2.4843152362204726
0
LINE
8
F.Silkscreen
6
CONTINUOUS
10
3.8578590157480313
20
-2.4843152362204726
11
3.8555155905511809
21
-2.4866586614173229
0
LINE
8
F.Silkscreen
6
CONTINUOUS
10
3.8555155905511809
20
-2.4866586614173229
11
3.8552797244094488
21
-2.4868522047244093
0
LINE
8
F.Silkscreen
6
CONTINUOUS
10
3.8552797244094488
20
-2.4868522047244093
11
3.8552264960629921
21
-2.4869135826771651
0
LINE
8
F.Silkscreen
6
CONTINUOUS
10
3.8552264960629921
20
-2.4869135826771651
11
3.8551338976377951
21
-2.4869718503937008
0
LINE
8
F.Silkscreen
6
CONTINUOUS
10
3.8551338976377951
20
-2.4869718503937008
11
3.8550494881889761
21
-2.4870411417322833
0
LINE
8
F.Silkscreen
6
CONTINUOUS
10
3.8550494881889761
20
-2.4870411417322833
11
3.854974527559055
21
-2.4870721653543306
0
LINE
8
F.Silkscreen
6
CONTINUOUS
10
3.854974527559055
20
-2.4870721653543306
11
3.854716220472441
21
-2.4872348031496063
0
LINE
8
F.Silkscreen
6
CONTINUOUS
10
3.854716220472441
20
-2.4872348031496063
11
3.8500292913385827
21
-2.4895782677165355
0
LINE
8
F.Silkscreen
6
CONTINUOUS
10
3.8500292913385827
20
-2.4895782677165355
11
3.8494661417322833
21
-2.4897937795275591
0
LINE
8
F.Silkscreen
6
CONTINUOUS
10
3.8494661417322833
20
-2.4897937795275591
11
3.8493558267716534
21
-2.4898016141732282
0
LINE
8
F.Silkscreen
6
CONTINUOUS
10
3.8493558267716534
20
-2.4898016141732282
11
3.849253779527559
21
-2.4898438976377952
0
LINE
8
F.Silkscreen
6
CONTINUOUS
10
3.849253779527559
20
-2.4898438976377952
11
3.8486537401574803
21
-2.4899029921259843
0
LINE
8
F.Silkscreen
6
CONTINUOUS
10
3.8486537401574803
20
-2.4899029921259843
11
3.8329818897637793
21
-2.4899029921259843
0
LINE
8
F.Silkscreen
6
CONTINUOUS
10
3.8329818897637793
20
-2.4899029921259843
11
3.8329818897637793
21
-2.5102617716535431
0
LINE
8
F.Silkscreen
6
CONTINUOUS
10
3.8329818897637793
20
-2.5102617716535431
11
3.8329227952755907
21
-2.5108618110236218
0
LINE
8
F.Silkscreen
6
CONTINUOUS
10
3.8329227952755907
20
-2.5108618110236218
11
3.8324635433070866
21
-2.5119705905511811
0
LINE
8
F.Silkscreen
6
CONTINUOUS
10
3.8324635433070866
20
-2.5119705905511811
11
3.8316149212598423
21
-2.512819212598425
0
LINE
8
F.Silkscreen
6
CONTINUOUS
10
3.8316149212598423
20
-2.512819212598425
11
3.8305061417322834
21
-2.513278464566929
0
LINE
8
F.Silkscreen
6
CONTINUOUS
10
3.8305061417322834
20
-2.513278464566929
11
3.8293060629921261
21
-2.513278464566929
0
LINE
8
F.Silkscreen
6
CONTINUOUS
10
3.8293060629921261
20
-2.513278464566929
11
3.8281972834645668
21
-2.512819212598425
0
LINE
8
F.Silkscreen
6
CONTINUOUS
10
3.8281972834645668
20
-2.512819212598425
11
3.8273486614173229
21
-2.5119705905511811
0
LINE
8
F.Silkscreen
6
CONTINUOUS
10
3.8273486614173229
20
-2.5119705905511811
11
3.8268894094488188
21
-2.5108618110236218
0
LINE
8
F.Silkscreen
6
CONTINUOUS
10
3.8268894094488188
20
-2.5108618110236218
11
3.8268303149606298
21
-2.5102617716535431
0
LINE
8
F.Silkscreen
6
CONTINUOUS
10
3.8268303149606298
20
-2.5102617716535431
11
3.8268303149606298
21
-2.4610491732283464
0
LINE
8
F.Silkscreen
6
CONTINUOUS
10
3.8268303149606298
20
-2.4610491732283464
11
3.8268894094488188
21
-2.4604491338582677
0
LINE
8
F.Silkscreen
6
CONTINUOUS
10
3.8268894094488188
20
-2.4604491338582677
11
3.8273486614173229
21
-2.4593403543307084
0
LINE
8
F.Silkscreen
6
CONTINUOUS
10
3.8273486614173229
20
-2.4593403543307084
11
3.8281972834645668
21
-2.4584917322834645
0
LINE
8
F.Silkscreen
6
CONTINUOUS
10
3.8281972834645668
20
-2.4584917322834645
11
3.8293060629921261
21
-2.4580324803149605
0
LINE
8
F.Silkscreen
6
CONTINUOUS
10
3.8293060629921261
20
-2.4580324803149605
11
3.8299061023622047
21
-2.4579733858267714
0
LINE
8
F.Silkscreen
6
CONTINUOUS
10
3.8299061023622047
20
-2.4579733858267714
11
3.8486537401574803
21
-2.4579733858267714
0
LINE
8
F.Silkscreen
6
CONTINUOUS
10
3.8486537401574803
20
-2.4579733858267714
11
3.849253779527559
21
-2.4580324803149605
0
LINE
8
F.Silkscreen
6
CONTINUOUS
10
3.8329818897637793
20
-2.4837514173228348
11
3.8479276377952756
21
-2.4837514173228348
0
LINE
8
F.Silkscreen
6
CONTINUOUS
10
3.8479276377952756
20
-2.4837514173228348
11
3.8515186220472439
21
-2.481955905511811
0
LINE
8
F.Silkscreen
6
CONTINUOUS
10
3.8515186220472439
20
-2.481955905511811
11
3.8531562598425197
21
-2.4803183070866139
0
LINE
8
F.Silkscreen
6
CONTINUOUS
10
3.8531562598425197
20
-2.4803183070866139
11
3.8549517716535431
21
-2.4767272834645668
0
LINE
8
F.Silkscreen
6
CONTINUOUS
10
3.8549517716535431
20
-2.4767272834645668
11
3.8549517716535431
21
-2.4711491338582676
0
LINE
8
F.Silkscreen
6
CONTINUOUS
10
3.8549517716535431
20
-2.4711491338582676
11
3.8531561811023622
21
-2.4675579921259843
0
LINE
8
F.Silkscreen
6
CONTINUOUS
10
3.8531561811023622
20
-2.4675579921259843
11
3.8515186614173227
21
-2.4659204330708659
0
LINE
8
F.Silkscreen
6
CONTINUOUS
10
3.8515186614173227
20
-2.4659204330708659
11
3.8479276377952756
21
-2.4641249606299214
0
LINE
8
F.Silkscreen
6
CONTINUOUS
10
3.8479276377952756
20
-2.4641249606299214
11
3.8329818897637793
21
-2.4641249606299214
0
LINE
8
F.Silkscreen
6
CONTINUOUS
10
3.8329818897637793
20
-2.4641249606299214
11
3.8329818897637793
21
-2.4837514173228348
0
LINE
8
F.Silkscreen
6
CONTINUOUS
10
3.9523659055118108
20
-2.4580324803149605
11
3.9534746850393701
21
-2.4584917322834645
0
LINE
8
F.Silkscreen
6
CONTINUOUS
10
3.9534746850393701
20
-2.4584917322834645
11
3.9543233070866139
21
-2.4593403543307084
0
LINE
8
F.Silkscreen
6
CONTINUOUS
10
3.9543233070866139
20
-2.4593403543307084
11
3.954782559055118
21
-2.4604491338582677
0
LINE
8
F.Silkscreen
6
CONTINUOUS
10
3.954782559055118
20
-2.4604491338582677
11
3.954782559055118
21
-2.4616492125984251
0
LINE
8
F.Silkscreen
6
CONTINUOUS
10
3.954782559055118
20
-2.4616492125984251
11
3.9543233070866139
21
-2.4627579921259843
0
LINE
8
F.Silkscreen
6
CONTINUOUS
10
3.9543233070866139
20
-2.4627579921259843
11
3.9534746850393701
21
-2.4636066141732282
0
LINE
8
F.Silkscreen
6
CONTINUOUS
10
3.9534746850393701
20
-2.4636066141732282
11
3.9523659055118108
21
-2.4640658661417323
0
LINE
8
F.Silkscreen
6
CONTINUOUS
10
3.9523659055118108
20
-2.4640658661417323
11
3.9517658661417321
21
-2.4641249606299214
0
LINE
8
F.Silkscreen
6
CONTINUOUS
10
3.9517658661417321
20
-2.4641249606299214
11
3.940780905511811
21
-2.4641249606299214
0
LINE
8
F.Silkscreen
6
CONTINUOUS
10
3.940780905511811
20
-2.4641249606299214
11
3.940780905511811
21
-2.5102617716535431
0
LINE
8
F.Silkscreen
6
CONTINUOUS
10
3.940780905511811
20
-2.5102617716535431
11
3.940721811023622
21
-2.5108618110236218
0
LINE
8
F.Silkscreen
6
CONTINUOUS
10
3.940721811023622
20
-2.5108618110236218
11
3.9402625590551179
21
-2.5119705905511811
0
LINE
8
F.Silkscreen
6
CONTINUOUS
10
3.9402625590551179
20
-2.5119705905511811
11
3.939413937007874
21
-2.512819212598425
0
LINE
8
F.Silkscreen
6
CONTINUOUS
10
3.939413937007874
20
-2.512819212598425
11
3.9383051574803147
21
-2.513278464566929
0
LINE
8
F.Silkscreen
6
CONTINUOUS
10
3.9383051574803147
20
-2.513278464566929
11
3.9371050787401574
21
-2.513278464566929
0
LINE
8
F.Silkscreen
6
CONTINUOUS
10
3.9371050787401574
20
-2.513278464566929
11
3.9359962992125985
21
-2.512819212598425
0
LINE
8
F.Silkscreen
6
CONTINUOUS
10
3.9359962992125985
20
-2.512819212598425
11
3.9351476771653542
21
-2.5119705905511811
0
LINE
8
F.Silkscreen
6
CONTINUOUS
10
3.9351476771653542
20
-2.5119705905511811
11
3.9346884251968501
21
-2.5108618110236218
0
LINE
8
F.Silkscreen
6
CONTINUOUS
10
3.9346884251968501
20
-2.5108618110236218
11
3.9346293307086615
21
-2.5102617716535431
0
LINE
8
F.Silkscreen
6
CONTINUOUS
10
3.9346293307086615
20
-2.5102617716535431
11
3.9346293307086615
21
-2.4641249606299214
0
LINE
8
F.Silkscreen
6
CONTINUOUS
10
3.9346293307086615
20
-2.4641249606299214
11
3.92364437007874
21
-2.4641249606299214
0
LINE
8
F.Silkscreen
6
CONTINUOUS
10
3.92364437007874
20
-2.4641249606299214
11
3.9230443307086613
21
-2.4640658661417323
0
LINE
8
F.Silkscreen
6
CONTINUOUS
10
3.9230443307086613
20
-2.4640658661417323
11
3.9219355511811025
21
-2.4636066141732282
0
LINE
8
F.Silkscreen
6
CONTINUOUS
10
3.9219355511811025
20
-2.4636066141732282
11
3.9210869291338581
21
-2.4627579921259843
0
LINE
8
F.Silkscreen
6
CONTINUOUS
10
3.9210869291338581
20
-2.4627579921259843
11
3.9206276771653541
21
-2.4616492125984251
0
LINE
8
F.Silkscreen
6
CONTINUOUS
10
3.9206276771653541
20
-2.4616492125984251
11
3.9206276771653541
21
-2.4604491338582677
0
LINE
8
F.Silkscreen
6
CONTINUOUS
10
3.9206276771653541
20
-2.4604491338582677
11
3.9210869291338581
21
-2.4593403543307084
0
LINE
8
F.Silkscreen
6
CONTINUOUS
10
3.9210869291338581
20
-2.4593403543307084
11
3.9219355511811025
21
-2.4584917322834645
0
LINE
8
F.Silkscreen
6
CONTINUOUS
10
3.9219355511811025
20
-2.4584917322834645
11
3.9230443307086613
21
-2.4580324803149605
0
LINE
8
F.Silkscreen
6
CONTINUOUS
10
3.9230443307086613
20
-2.4580324803149605
11
3.92364437007874
21
-2.4579733858267714
0
LINE
8
F.Silkscreen
6
CONTINUOUS
10
3.92364437007874
20
-2.4579733858267714
11
3.9517658661417321
21
-2.4579733858267714
0
LINE
8
F.Silkscreen
6
CONTINUOUS
10
3.9517658661417321
20
-2.4579733858267714
11
3.9523659055118108
21
-2.4580324803149605
0
LINE
8
F.Silkscreen
6
CONTINUOUS
10
3.8984663779527557
20
-2.3580324803149604
11
3.8985684251968502
21
-2.3580747244094487
0
LINE
8
F.Silkscreen
6
CONTINUOUS
10
3.8985684251968502
20
-2.3580747244094487
11
3.8986787401574801
21
-2.358082598425197
0
LINE
8
F.Silkscreen
6
CONTINUOUS
10
3.8986787401574801
20
-2.358082598425197
11
3.8992418897637795
21
-2.3582981102362206
0
LINE
8
F.Silkscreen
6
CONTINUOUS
10
3.8992418897637795
20
-2.3582981102362206
11
3.9039288188976378
21
-2.3606415748031497
0
LINE
8
F.Silkscreen
6
CONTINUOUS
10
3.9039288188976378
20
-2.3606415748031497
11
3.9041870472440943
21
-2.3608041338582675
0
LINE
8
F.Silkscreen
6
CONTINUOUS
10
3.9041870472440943
20
-2.3608041338582675
11
3.904262125984252
21
-2.3608352362204723
0
LINE
8
F.Silkscreen
6
CONTINUOUS
10
3.904262125984252
20
-2.3608352362204723
11
3.9043465748031494
21
-2.360904566929134
0
LINE
8
F.Silkscreen
6
CONTINUOUS
10
3.9043465748031494
20
-2.360904566929134
11
3.9044390944881888
21
-2.3609627952755905
0
LINE
8
F.Silkscreen
6
CONTINUOUS
10
3.9044390944881888
20
-2.3609627952755905
11
3.9044923228346455
21
-2.3610241732283463
0
LINE
8
F.Silkscreen
6
CONTINUOUS
10
3.9044923228346455
20
-2.3610241732283463
11
3.9047281889763781
21
-2.3612177559055119
0
LINE
8
F.Silkscreen
6
CONTINUOUS
10
3.9047281889763781
20
-2.3612177559055119
11
3.9094150787401576
21
-2.3659046850393701
0
LINE
8
F.Silkscreen
6
CONTINUOUS
10
3.9094150787401576
20
-2.3659046850393701
11
3.9097975984251967
21
-2.3663707480314962
0
LINE
8
F.Silkscreen
6
CONTINUOUS
10
3.9097975984251967
20
-2.3663707480314962
11
3.9098851181102363
21
-2.3665820472440946
0
LINE
8
F.Silkscreen
6
CONTINUOUS
10
3.9098851181102363
20
-2.3665820472440946
11
3.9100212598425195
21
-2.3667657874015746
0
LINE
8
F.Silkscreen
6
CONTINUOUS
10
3.9100212598425195
20
-2.3667657874015746
11
3.9102240944881888
21
-2.3673335826771651
0
LINE
8
F.Silkscreen
6
CONTINUOUS
10
3.9102240944881888
20
-2.3673335826771651
11
3.9125675590551179
21
-2.3767074015748033
0
LINE
8
F.Silkscreen
6
CONTINUOUS
10
3.9125675590551179
20
-2.3767074015748033
11
3.9125829133858265
21
-2.3768113779527558
0
LINE
8
F.Silkscreen
6
CONTINUOUS
10
3.9125829133858265
20
-2.3768113779527558
11
3.9126003149606299
21
-2.3768533464566928
0
LINE
8
F.Silkscreen
6
CONTINUOUS
10
3.9126003149606299
20
-2.3768533464566928
11
3.912622559055118
21
-2.3770792125984253
0
LINE
8
F.Silkscreen
6
CONTINUOUS
10
3.912622559055118
20
-2.3770792125984253
11
3.9126557874015746
21
-2.3773038582677164
0
LINE
8
F.Silkscreen
6
CONTINUOUS
10
3.9126557874015746
20
-2.3773038582677164
11
3.9126490944881889
21
-2.3773487401574802
0
LINE
8
F.Silkscreen
6
CONTINUOUS
10
3.9126490944881889
20
-2.3773487401574802
11
3.912659409448819
21
-2.3774533858267715
0
LINE
8
F.Silkscreen
6
CONTINUOUS
10
3.912659409448819
20
-2.3774533858267715
11
3.912659409448819
21
-2.3938575984251966
0
LINE
8
F.Silkscreen
6
CONTINUOUS
10
3.912659409448819
20
-2.3938575984251966
11
3.9126490944881889
21
-2.3939622047244096
0
LINE
8
F.Silkscreen
6
CONTINUOUS
10
3.9126490944881889
20
-2.3939622047244096
11
3.9126557874015746
21
-2.3940071259842517
0
LINE
8
F.Silkscreen
6
CONTINUOUS
10
3.9126557874015746
20
-2.3940071259842517
11
3.912622559055118
21
-2.3942317322834645
0
LINE
8
F.Silkscreen
6
CONTINUOUS
10
3.912622559055118
20
-2.3942317322834645
11
3.9126003149606299
21
-2.3944576377952753
0
LINE
8
F.Silkscreen
6
CONTINUOUS
10
3.9126003149606299
20
-2.3944576377952753
11
3.9125829133858265
21
-2.394499566929134
0
LINE
8
F.Silkscreen
6
CONTINUOUS
10
3.9125829133858265
20
-2.394499566929134
11
3.9125675590551179
21
-2.3946035826771652
0
LINE
8
F.Silkscreen
6
CONTINUOUS
10
3.9125675590551179
20
-2.3946035826771652
11
3.9102240944881888
21
-2.403977401574803
0
LINE
8
F.Silkscreen
6
CONTINUOUS
10
3.9102240944881888
20
-2.403977401574803
11
3.9100212598425195
21
-2.4045451968503935
0
LINE
8
F.Silkscreen
6
CONTINUOUS
10
3.9100212598425195
20
-2.4045451968503935
11
3.9098851181102363
21
-2.4047288976377952
0
LINE
8
F.Silkscreen
6
CONTINUOUS
10
3.9098851181102363
20
-2.4047288976377952
11
3.9097975984251967
21
-2.4049402362204724
0
LINE
8
F.Silkscreen
6
CONTINUOUS
10
3.9097975984251967
20
-2.4049402362204724
11
3.9094150787401576
21
-2.4054062992125984
0
LINE
8
F.Silkscreen
6
CONTINUOUS
10
3.9094150787401576
20
-2.4054062992125984
11
3.9047281889763781
21
-2.4100932283464567
0
LINE
8
F.Silkscreen
6
CONTINUOUS
10
3.9047281889763781
20
-2.4100932283464567
11
3.9044922834645668
21
-2.4102868110236222
0
LINE
8
F.Silkscreen
6
CONTINUOUS
10
3.9044922834645668
20
-2.4102868110236222
11
3.9044390551181101
21
-2.4103482283464568
0
LINE
8
F.Silkscreen
6
CONTINUOUS
10
3.9044390551181101
20
-2.4103482283464568
11
3.9043465354330706
21
-2.4104064173228346
0
LINE
8
F.Silkscreen
6
CONTINUOUS
10
3.9043465354330706
20
-2.4104064173228346
11
3.904262125984252
21
-2.4104757480314962
0
LINE
8
F.Silkscreen
6
CONTINUOUS
10
3.904262125984252
20
-2.4104757480314962
11
3.9041870472440943
21
-2.4105068110236219
0
LINE
8
F.Silkscreen
6
CONTINUOUS
10
3.9041870472440943
20
-2.4105068110236219
11
3.903928779527559
21
-2.4106694094488188
0
LINE
8
F.Silkscreen
6
CONTINUOUS
10
3.903928779527559
20
-2.4106694094488188
11
3.8992418503937007
21
-2.4130128346456692
0
LINE
8
F.Silkscreen
6
CONTINUOUS
10
3.8992418503937007
20
-2.4130128346456692
11
3.8986787401574801
21
-2.4132283464566928
0
LINE
8
F.Silkscreen
6
CONTINUOUS
10
3.8986787401574801
20
-2.4132283464566928
11
3.8985684251968502
21
-2.4132361811023619
0
LINE
8
F.Silkscreen
6
CONTINUOUS
10
3.8985684251968502
20
-2.4132361811023619
11
3.8984663779527557
21
-2.413278464566929
0
LINE
8
F.Silkscreen
6
CONTINUOUS
10
3.8984663779527557
20
-2.413278464566929
11
3.8978663385826771
21
-2.413337559055118
0
LINE
8
F.Silkscreen
6
CONTINUOUS
10
3.8978663385826771
20
-2.413337559055118
11
3.8884925196850393
21
-2.413337559055118
0
LINE
8
F.Silkscreen
6
CONTINUOUS
10
3.8884925196850393
20
-2.413337559055118
11
3.8878924803149606
21
-2.413278464566929
0
LINE
8
F.Silkscreen
6
CONTINUOUS
10
3.8878924803149606
20
-2.413278464566929
11
3.8877903937007874
21
-2.4132361811023619
0
LINE
8
F.Silkscreen
6
CONTINUOUS
10
3.8877903937007874
20
-2.4132361811023619
11
3.8876801181102363
21
-2.4132283464566928
0
LINE
8
F.Silkscreen
6
CONTINUOUS
10
3.8876801181102363
20
-2.4132283464566928
11
3.8871170078740156
21
-2.4130128346456692
0
LINE
8
F.Silkscreen
6
CONTINUOUS
10
3.8871170078740156
20
-2.4130128346456692
11
3.8824300787401573
21
-2.4106694094488188
0
LINE
8
F.Silkscreen
6
CONTINUOUS
10
3.8824300787401573
20
-2.4106694094488188
11
3.8821717322834646
21
-2.4105067716535431
0
LINE
8
F.Silkscreen
6
CONTINUOUS
10
3.8821717322834646
20
-2.4105067716535431
11
3.8820967716535431
21
-2.4104757480314962
0
LINE
8
F.Silkscreen
6
CONTINUOUS
10
3.8820967716535431
20
-2.4104757480314962
11
3.8820123622047245
21
-2.4104064960629921
0
LINE
8
F.Silkscreen
6
CONTINUOUS
10
3.8820123622047245
20
-2.4104064960629921
11
3.8819198031496063
21
-2.4103482283464568
0
LINE
8
F.Silkscreen
6
CONTINUOUS
10
3.8819198031496063
20
-2.4103482283464568
11
3.8818665354330708
21
-2.4102868110236222
0
LINE
8
F.Silkscreen
6
CONTINUOUS
10
3.8818665354330708
20
-2.4102868110236222
11
3.8816306692913387
21
-2.4100932677165354
0
LINE
8
F.Silkscreen
6
CONTINUOUS
10
3.8816306692913387
20
-2.4100932677165354
11
3.8769437795275588
21
-2.4054062992125984
0
LINE
8
F.Silkscreen
6
CONTINUOUS
10
3.8769437795275588
20
-2.4054062992125984
11
3.8765612598425196
21
-2.4049402362204724
0
LINE
8
F.Silkscreen
6
CONTINUOUS
10
3.8765612598425196
20
-2.4049402362204724
11
3.87647374015748
21
-2.4047289370078739
0
LINE
8
F.Silkscreen
6
CONTINUOUS
10
3.87647374015748
20
-2.4047289370078739
11
3.8763375984251969
21
-2.4045451968503935
0
LINE
8
F.Silkscreen
6
CONTINUOUS
10
3.8763375984251969
20
-2.4045451968503935
11
3.8761347637795276
21
-2.403977401574803
0
LINE
8
F.Silkscreen
6
CONTINUOUS
10
3.8761347637795276
20
-2.403977401574803
11
3.8737912992125985
21
-2.3946035826771652
0
LINE
8
F.Silkscreen
6
CONTINUOUS
10
3.8737912992125985
20
-2.3946035826771652
11
3.8737759055118111
21
-2.394499566929134
0
LINE
8
F.Silkscreen
6
CONTINUOUS
10
3.8737759055118111
20
-2.394499566929134
11
3.8737585433070865
21
-2.3944576377952753
0
LINE
8
F.Silkscreen
6
CONTINUOUS
10
3.8737585433070865
20
-2.3944576377952753
11
3.8737362598425196
21
-2.3942317322834645
0
LINE
8
F.Silkscreen
6
CONTINUOUS
10
3.8737362598425196
20
-2.3942317322834645
11
3.8737030708661417
21
-2.3940071259842517
0
LINE
8
F.Silkscreen
6
CONTINUOUS
10
3.8737030708661417
20
-2.3940071259842517
11
3.8737097244094487
21
-2.3939622047244096
0
LINE
8
F.Silkscreen
6
CONTINUOUS
10
3.8737097244094487
20
-2.3939622047244096
11
3.8736994488188974
21
-2.3938575984251966
0
LINE
8
F.Silkscreen
6
CONTINUOUS
10
3.8736994488188974
20
-2.3938575984251966
11
3.8736994488188974
21
-2.3774533858267715
0
LINE
8
F.Silkscreen
6
CONTINUOUS
10
3.8736994488188974
20
-2.3774533858267715
11
3.8737097244094487
21
-2.3773487401574802
0
LINE
8
F.Silkscreen
6
CONTINUOUS
10
3.8737097244094487
20
-2.3773487401574802
11
3.8737030708661417
21
-2.3773038582677164
0
LINE
8
F.Silkscreen
6
CONTINUOUS
10
3.8737030708661417
20
-2.3773038582677164
11
3.8737362598425196
21
-2.3770792125984253
0
LINE
8
F.Silkscreen
6
CONTINUOUS
10
3.8737362598425196
20
-2.3770792125984253
11
3.8737585433070865
21
-2.3768533464566928
0
LINE
8
F.Silkscreen
6
CONTINUOUS
10
3.8737585433070865
20
-2.3768533464566928
11
3.8737759055118111
21
-2.3768113779527558
0
LINE
8
F.Silkscreen
6
CONTINUOUS
10
3.8737759055118111
20
-2.3768113779527558
11
3.8737912992125985
21
-2.3767074015748033
0
LINE
8
F.Silkscreen
6
CONTINUOUS
10
3.8737912992125985
20
-2.3767074015748033
11
3.8761347637795276
21
-2.3673335826771651
0
LINE
8
F.Silkscreen
6
CONTINUOUS
10
3.8761347637795276
20
-2.3673335826771651
11
3.8763375984251969
21
-2.3667657874015746
0
LINE
8
F.Silkscreen
6
CONTINUOUS
10
3.8763375984251969
20
-2.3667657874015746
11
3.87647374015748
21
-2.3665820078740158
0
LINE
8
F.Silkscreen
6
CONTINUOUS
10
3.87647374015748
20
-2.3665820078740158
11
3.8765612598425196
21
-2.3663707480314962
0
LINE
8
F.Silkscreen
6
CONTINUOUS
10
3.8765612598425196
20
-2.3663707480314962
11
3.8769437795275588
21
-2.3659046850393701
0
LINE
8
F.Silkscreen
6
CONTINUOUS
10
3.8769437795275588
20
-2.3659046850393701
11
3.8816306692913387
21
-2.3612177165354331
0
LINE
8
F.Silkscreen
6
CONTINUOUS
10
3.8816306692913387
20
-2.3612177165354331
11
3.8818665354330708
21
-2.3610241338582676
0
LINE
8
F.Silkscreen
6
CONTINUOUS
10
3.8818665354330708
20
-2.3610241338582676
11
3.8819198031496063
21
-2.3609627559055117
0
LINE
8
F.Silkscreen
6
CONTINUOUS
10
3.8819198031496063
20
-2.3609627559055117
11
3.8820124015748032
21
-2.3609044488188977
0
LINE
8
F.Silkscreen
6
CONTINUOUS
10
3.8820124015748032
20
-2.3609044488188977
11
3.8820967716535431
21
-2.3608352362204723
0
LINE
8
F.Silkscreen
6
CONTINUOUS
10
3.8820967716535431
20
-2.3608352362204723
11
3.8821716535433071
21
-2.3608041732283462
0
LINE
8
F.Silkscreen
6
CONTINUOUS
10
3.8821716535433071
20
-2.3608041732283462
11
3.8824300393700786
21
-2.3606415748031497
0
LINE
8
F.Silkscreen
6
CONTINUOUS
10
3.8824300393700786
20
-2.3606415748031497
11
3.8871170078740156
21
-2.3582981102362206
0
LINE
8
F.Silkscreen
6
CONTINUOUS
10
3.8871170078740156
20
-2.3582981102362206
11
3.8876801181102363
21
-2.358082598425197
0
LINE
8
F.Silkscreen
6
CONTINUOUS
10
3.8876801181102363
20
-2.358082598425197
11
3.8877903937007874
21
-2.3580747244094487
0
LINE
8
F.Silkscreen
6
CONTINUOUS
10
3.8877903937007874
20
-2.3580747244094487
11
3.8878924803149606
21
-2.3580324803149604
0
LINE
8
F.Silkscreen
6
CONTINUOUS
10
3.8878924803149606
20
-2.3580324803149604
11
3.8884925196850393
21
-2.3579733858267717
0
LINE
8
F.Silkscreen
6
CONTINUOUS
10
3.8884925196850393
20
-2.3579733858267717
11
3.8978663385826771
21
-2.3579733858267717
0
LINE
8
F.Silkscreen
6
CONTINUOUS
10
3.8978663385826771
20
-2.3579733858267717
11
3.8984663779527557
21
-2.3580324803149604
0
LINE
8
F.Silkscreen
6
CONTINUOUS
10
3.8856275196850394
20
-2.3659204724409446
11
3.8818959842519685
21
-2.3696520472440943
0
LINE
8
F.Silkscreen
6
CONTINUOUS
10
3.8818959842519685
20
-2.3696520472440943
11
3.8798510236220474
21
-2.3778319685039371
0
LINE
8
F.Silkscreen
6
CONTINUOUS
10
3.8798510236220474
20
-2.3778319685039371
11
3.8798510236220474
21
-2.3934789763779527
0
LINE
8
F.Silkscreen
6
CONTINUOUS
10
3.8798510236220474
20
-2.3934789763779527
11
3.8818959842519685
21
-2.4016588976377951
0
LINE
8
F.Silkscreen
6
CONTINUOUS
10
3.8818959842519685
20
-2.4016588976377951
11
3.8856275196850394
21
-2.4053904724409447
0
LINE
8
F.Silkscreen
6
CONTINUOUS
10
3.8856275196850394
20
-2.4053904724409447
11
3.8892185826771652
21
-2.4071859842519685
0
LINE
8
F.Silkscreen
6
CONTINUOUS
10
3.8892185826771652
20
-2.4071859842519685
11
3.8971402755905511
21
-2.4071859842519685
0
LINE
8
F.Silkscreen
6
CONTINUOUS
10
3.8971402755905511
20
-2.4071859842519685
11
3.9007312598425194
21
-2.4053904724409447
0
LINE
8
F.Silkscreen
6
CONTINUOUS
10
3.9007312598425194
20
-2.4053904724409447
11
3.9044628346456691
21
-2.4016588582677163
0
LINE
8
F.Silkscreen
6
CONTINUOUS
10
3.9044628346456691
20
-2.4016588582677163
11
3.9065078346456694
21
-2.3934789763779527
0
LINE
8
F.Silkscreen
6
CONTINUOUS
10
3.9065078346456694
20
-2.3934789763779527
11
3.9065078346456694
21
-2.3778319685039371
0
LINE
8
F.Silkscreen
6
CONTINUOUS
10
3.9065078346456694
20
-2.3778319685039371
11
3.9044628346456691
21
-2.369652086614173
0
LINE
8
F.Silkscreen
6
CONTINUOUS
10
3.9044628346456691
20
-2.369652086614173
11
3.9007312598425194
21
-2.3659204330708663
0
LINE
8
F.Silkscreen
6
CONTINUOUS
10
3.9007312598425194
20
-2.3659204330708663
11
3.8971402362204723
21
-2.3641249606299213
0
LINE
8
F.Silkscreen
6
CONTINUOUS
10
3.8971402362204723
20
-2.3641249606299213
11
3.889218622047244
21
-2.3641249606299213
0
LINE
8
F.Silkscreen
6
CONTINUOUS
10
3.889218622047244
20
-2.3641249606299213
11
3.8856275196850394
21
-2.3659204724409446
0
LINE
8
F.Silkscreen
6
CONTINUOUS
10
3.9801830314960629
20
-2.3580324803149604
11
3.9804874015748029
21
-2.3580324803149604
0
LINE
8
F.Silkscreen
6
CONTINUOUS
10
3.9804874015748029
20
-2.3580324803149604
11
3.9807657874015745
21
-2.3581477952755905
0
LINE
8
F.Silkscreen
6
CONTINUOUS
10
3.9807657874015745
20
-2.3581477952755905
11
3.9810614566929132
21
-2.3582062992125983
0
LINE
8
F.Silkscreen
6
CONTINUOUS
10
3.9810614566929132
20
-2.3582062992125983
11
3.9813147637795274
21
-2.3583751574803151
0
LINE
8
F.Silkscreen
6
CONTINUOUS
10
3.9813147637795274
20
-2.3583751574803151
11
3.9815961811023621
21
-2.3584917322834644
0
LINE
8
F.Silkscreen
6
CONTINUOUS
10
3.9815961811023621
20
-2.3584917322834644
11
3.981809251968504
21
-2.3587048031496063
0
LINE
8
F.Silkscreen
6
CONTINUOUS
10
3.981809251968504
20
-2.3587048031496063
11
3.9820599999999997
21
-2.3588719685039368
0
LINE
8
F.Silkscreen
6
CONTINUOUS
10
3.9820599999999997
20
-2.3588719685039368
11
3.9822294488188974
21
-2.3591250000000001
0
LINE
8
F.Silkscreen
6
CONTINUOUS
10
3.9822294488188974
20
-2.3591250000000001
11
3.982444803149606
21
-2.3593403543307088
0
LINE
8
F.Silkscreen
6
CONTINUOUS
10
3.982444803149606
20
-2.3593403543307088
11
3.9825600787401574
21
-2.3596187401574804
0
LINE
8
F.Silkscreen
6
CONTINUOUS
10
3.9825600787401574
20
-2.3596187401574804
11
3.9827277952755904
21
-2.3598691338582678
0
LINE
8
F.Silkscreen
6
CONTINUOUS
10
3.9827277952755904
20
-2.3598691338582678
11
3.9827875196850391
21
-2.3601677559055116
0
LINE
8
F.Silkscreen
6
CONTINUOUS
10
3.9827875196850391
20
-2.3601677559055116
11
3.9829040551181101
21
-2.3604491338582676
0
LINE
8
F.Silkscreen
6
CONTINUOUS
10
3.9829040551181101
20
-2.3604491338582676
11
3.9829625196850391
21
-2.3610427952755906
0
LINE
8
F.Silkscreen
6
CONTINUOUS
10
3.9829625196850391
20
-2.3610427952755906
11
3.9829631496062992
21
-2.3610459448818899
0
LINE
8
F.Silkscreen
6
CONTINUOUS
10
3.9829631496062992
20
-2.3610459448818899
11
3.9829629133858266
21
-2.3610470078740158
0
LINE
8
F.Silkscreen
6
CONTINUOUS
10
3.9829629133858266
20
-2.3610470078740158
11
3.9829631496062992
21
-2.3610491732283463
0
LINE
8
F.Silkscreen
6
CONTINUOUS
10
3.9829631496062992
20
-2.3610491732283463
11
3.9829631496062992
21
-2.4071859842519685
0
LINE
8
F.Silkscreen
6
CONTINUOUS
10
3.9829631496062992
20
-2.4071859842519685
11
3.9939480708661415
21
-2.4071859842519685
0
LINE
8
F.Silkscreen
6
CONTINUOUS
10
3.9939480708661415
20
-2.4071859842519685
11
3.9945481102362206
21
-2.4072450787401576
0
LINE
8
F.Silkscreen
6
CONTINUOUS
10
3.9945481102362206
20
-2.4072450787401576
11
3.9956568897637794
21
-2.4077043307086612
0
LINE
8
F.Silkscreen
6
CONTINUOUS
10
3.9956568897637794
20
-2.4077043307086612
11
3.9965055118110233
21
-2.4085529527559055
0
LINE
8
F.Silkscreen
6
CONTINUOUS
10
3.9965055118110233
20
-2.4085529527559055
11
3.9969647637795274
21
-2.4096617322834644
0
LINE
8
F.Silkscreen
6
CONTINUOUS
10
3.9969647637795274
20
-2.4096617322834644
11
3.9969647637795274
21
-2.4108618110236222
0
LINE
8
F.Silkscreen
6
CONTINUOUS
10
3.9969647637795274
20
-2.4108618110236222
11
3.9965055118110233
21
-2.411970590551181
0
LINE
8
F.Silkscreen
6
CONTINUOUS
10
3.9965055118110233
20
-2.411970590551181
11
3.9956568897637794
21
-2.4128192125984254
0
LINE
8
F.Silkscreen
6
CONTINUOUS
10
3.9956568897637794
20
-2.4128192125984254
11
3.9945481102362206
21
-2.413278464566929
0
LINE
8
F.Silkscreen
6
CONTINUOUS
10
3.9945481102362206
20
-2.413278464566929
11
3.9939480708661415
21
-2.413337559055118
0
LINE
8
F.Silkscreen
6
CONTINUOUS
10
3.9939480708661415
20
-2.413337559055118
11
3.9658266141732281
21
-2.413337559055118
0
LINE
8
F.Silkscreen
6
CONTINUOUS
10
3.9658266141732281
20
-2.413337559055118
11
3.9652265748031494
21
-2.413278464566929
0
LINE
8
F.Silkscreen
6
CONTINUOUS
10
3.9652265748031494
20
-2.413278464566929
11
3.9641177952755906
21
-2.4128192125984254
0
LINE
8
F.Silkscreen
6
CONTINUOUS
10
3.9641177952755906
20
-2.4128192125984254
11
3.9632691732283463
21
-2.411970590551181
0
LINE
8
F.Silkscreen
6
CONTINUOUS
10
3.9632691732283463
20
-2.411970590551181
11
3.9628099212598422
21
-2.4108618110236222
0
LINE
8
F.Silkscreen
6
CONTINUOUS
10
3.9628099212598422
20
-2.4108618110236222
11
3.9628099212598422
21
-2.4096617322834644
0
LINE
8
F.Silkscreen
6
CONTINUOUS
10
3.9628099212598422
20
-2.4096617322834644
11
3.9632691732283463
21
-2.4085529527559055
0
LINE
8
F.Silkscreen
6
CONTINUOUS
10
3.9632691732283463
20
-2.4085529527559055
11
3.9641177952755906
21
-2.4077043307086612
0
LINE
8
F.Silkscreen
6
CONTINUOUS
10
3.9641177952755906
20
-2.4077043307086612
11
3.9652265748031494
21
-2.4072450787401576
0
LINE
8
F.Silkscreen
6
CONTINUOUS
10
3.9652265748031494
20
-2.4072450787401576
11
3.9658266141732281
21
-2.4071859842519685
0
LINE
8
F.Silkscreen
6
CONTINUOUS
10
3.9658266141732281
20
-2.4071859842519685
11
3.9768115748031496
21
-2.4071859842519685
0
LINE
8
F.Silkscreen
6
CONTINUOUS
10
3.9768115748031496
20
-2.4071859842519685
11
3.9768115748031496
21
-2.3708182283464567
0
LINE
8
F.Silkscreen
6
CONTINUOUS
10
3.9768115748031496
20
-2.3708182283464567
11
3.9726883858267716
21
-2.3749413779527559
0
LINE
8
F.Silkscreen
6
CONTINUOUS
10
3.9726883858267716
20
-2.3749413779527559
11
3.9724525196850391
21
-2.3751349212598423
0
LINE
8
F.Silkscreen
6
CONTINUOUS
10
3.9724525196850391
20
-2.3751349212598423
11
3.9723993307086611
21
-2.3751962992125986
0
LINE
8
F.Silkscreen
6
CONTINUOUS
10
3.9723993307086611
20
-2.3751962992125986
11
3.9723068503937009
21
-2.3752544881889763
0
LINE
8
F.Silkscreen
6
CONTINUOUS
10
3.9723068503937009
20
-2.3752544881889763
11
3.9722223228346456
21
-2.3753238976377951
0
LINE
8
F.Silkscreen
6
CONTINUOUS
10
3.9722223228346456
20
-2.3753238976377951
11
3.9721472047244095
21
-2.3753549999999999
0
LINE
8
F.Silkscreen
6
CONTINUOUS
10
3.9721472047244095
20
-2.3753549999999999
11
3.9718890551181101
21
-2.3755175196850393
0
LINE
8
F.Silkscreen
6
CONTINUOUS
10
3.9718890551181101
20
-2.3755175196850393
11
3.9672021653543306
21
-2.3778609842519685
0
LINE
8
F.Silkscreen
6
CONTINUOUS
10
3.9672021653543306
20
-2.3778609842519685
11
3.9666390551181103
21
-2.3780764960629921
0
LINE
8
F.Silkscreen
6
CONTINUOUS
10
3.9666390551181103
20
-2.3780764960629921
11
3.9654419291338581
21
-2.3781615748031495
0
LINE
8
F.Silkscreen
6
CONTINUOUS
10
3.9654419291338581
20
-2.3781615748031495
11
3.9643033858267716
21
-2.3777820472440943
0
LINE
8
F.Silkscreen
6
CONTINUOUS
10
3.9643033858267716
20
-2.3777820472440943
11
3.9633967716535432
21
-2.3769957086614171
0
LINE
8
F.Silkscreen
6
CONTINUOUS
10
3.9633967716535432
20
-2.3769957086614171
11
3.9628600393700788
21
-2.3759223622047245
0
LINE
8
F.Silkscreen
6
CONTINUOUS
10
3.9628600393700788
20
-2.3759223622047245
11
3.962774960629921
21
-2.3747252362204723
0
LINE
8
F.Silkscreen
6
CONTINUOUS
10
3.962774960629921
20
-2.3747252362204723
11
3.9631544881889762
21
-2.3735866929133858
0
LINE
8
F.Silkscreen
6
CONTINUOUS
10
3.9631544881889762
20
-2.3735866929133858
11
3.9639408267716534
21
-2.3726800787401574
0
LINE
8
F.Silkscreen
6
CONTINUOUS
10
3.9639408267716534
20
-2.3726800787401574
11
3.9644510629921257
21
-2.3723588582677166
0
LINE
8
F.Silkscreen
6
CONTINUOUS
10
3.9644510629921257
20
-2.3723588582677166
11
3.9686915748031497
21
-2.3702385826771653
0
LINE
8
F.Silkscreen
6
CONTINUOUS
10
3.9686915748031497
20
-2.3702385826771653
11
3.9728101181102362
21
-2.3661200393700788
0
LINE
8
F.Silkscreen
6
CONTINUOUS
10
3.9728101181102362
20
-2.3661200393700788
11
3.9773281496062993
21
-2.3593430314960631
0
LINE
8
F.Silkscreen
6
CONTINUOUS
10
3.9773281496062993
20
-2.3593430314960631
11
3.9773294881889765
21
-2.3593413779527559
0
LINE
8
F.Silkscreen
6
CONTINUOUS
10
3.9773294881889765
20
-2.3593413779527559
11
3.9773299212598423
21
-2.3593403543307088
0
LINE
8
F.Silkscreen
6
CONTINUOUS
10
3.9773299212598423
20
-2.3593403543307088
11
3.9773322047244095
21
-2.3593380314960628
0
LINE
8
F.Silkscreen
6
CONTINUOUS
10
3.9773322047244095
20
-2.3593380314960628
11
3.9777101574803151
21
-2.3588765354330707
0
LINE
8
F.Silkscreen
6
CONTINUOUS
10
3.9777101574803151
20
-2.3588765354330707
11
3.977963188976378
21
-2.3587070472440943
0
LINE
8
F.Silkscreen
6
CONTINUOUS
10
3.977963188976378
20
-2.3587070472440943
11
3.9781785433070866
21
-2.3584917322834644
0
LINE
8
F.Silkscreen
6
CONTINUOUS
10
3.9781785433070866
20
-2.3584917322834644
11
3.9784569291338583
21
-2.3583764173228348
0
LINE
8
F.Silkscreen
6
CONTINUOUS
10
3.9784569291338583
20
-2.3583764173228348
11
3.9787073228346457
21
-2.3582087401574801
0
LINE
8
F.Silkscreen
6
CONTINUOUS
10
3.9787073228346457
20
-2.3582087401574801
11
3.9790059842519683
21
-2.3581489763779526
0
LINE
8
F.Silkscreen
6
CONTINUOUS
10
3.9790059842519683
20
-2.3581489763779526
11
3.9792873228346455
21
-2.3580324803149604
0
LINE
8
F.Silkscreen
6
CONTINUOUS
10
3.9792873228346455
20
-2.3580324803149604
11
3.9795885433070866
21
-2.3580324803149604
0
LINE
8
F.Silkscreen
6
CONTINUOUS
10
3.9795885433070866
20
-2.3580324803149604
11
3.9798841732283465
21
-2.357973346456693
0
LINE
8
F.Silkscreen
6
CONTINUOUS
10
3.9798841732283465
20
-2.357973346456693
11
3.9801830314960629
21
-2.3580324803149604
0
LINE
8
F.Silkscreen
6
CONTINUOUS
10
3.849253779527559
20
-2.3580324803149604
11
3.8493558267716534
21
-2.3580747244094487
0
LINE
8
F.Silkscreen
6
CONTINUOUS
10
3.8493558267716534
20
-2.3580747244094487
11
3.8494661417322833
21
-2.358082598425197
0
LINE
8
F.Silkscreen
6
CONTINUOUS
10
3.8494661417322833
20
-2.358082598425197
11
3.8500292913385827
21
-2.3582981102362206
0
LINE
8
F.Silkscreen
6
CONTINUOUS
10
3.8500292913385827
20
-2.3582981102362206
11
3.854716220472441
21
-2.3606415748031497
0
LINE
8
F.Silkscreen
6
CONTINUOUS
10
3.854716220472441
20
-2.3606415748031497
11
3.8549744488188975
21
-2.3608041338582675
0
LINE
8
F.Silkscreen
6
CONTINUOUS
10
3.8549744488188975
20
-2.3608041338582675
11
3.8550495275590548
21
-2.3608352362204723
0
LINE
8
F.Silkscreen
6
CONTINUOUS
10
3.8550495275590548
20
-2.3608352362204723
11
3.8551339763779526
21
-2.360904566929134
0
LINE
8
F.Silkscreen
6
CONTINUOUS
10
3.8551339763779526
20
-2.360904566929134
11
3.8552264960629921
21
-2.3609627952755905
0
LINE
8
F.Silkscreen
6
CONTINUOUS
10
3.8552264960629921
20
-2.3609627952755905
11
3.8552797244094488
21
-2.3610241732283463
0
LINE
8
F.Silkscreen
6
CONTINUOUS
10
3.8552797244094488
20
-2.3610241732283463
11
3.8555155905511809
21
-2.3612177559055119
0
LINE
8
F.Silkscreen
6
CONTINUOUS
10
3.8555155905511809
20
-2.3612177559055119
11
3.8578590157480313
21
-2.363561220472441
0
LINE
8
F.Silkscreen
6
CONTINUOUS
10
3.8578590157480313
20
-2.363561220472441
11
3.858052559055118
21
-2.3637970472440943
0
LINE
8
F.Silkscreen
6
CONTINUOUS
10
3.858052559055118
20
-2.3637970472440943
11
3.8581139763779526
21
-2.3638503149606298
0
LINE
8
F.Silkscreen
6
CONTINUOUS
10
3.8581139763779526
20
-2.3638503149606298
11
3.8581721653543308
21
-2.3639427559055117
0
LINE
8
F.Silkscreen
6
CONTINUOUS
10
3.8581721653543308
20
-2.3639427559055117
11
3.8582415354330708
21
-2.364027283464567
0
LINE
8
F.Silkscreen
6
CONTINUOUS
10
3.8582415354330708
20
-2.364027283464567
11
3.8582725984251969
21
-2.3641023228346456
0
LINE
8
F.Silkscreen
6
CONTINUOUS
10
3.8582725984251969
20
-2.3641023228346456
11
3.8584351574803151
21
-2.3643605511811021
0
LINE
8
F.Silkscreen
6
CONTINUOUS
10
3.8584351574803151
20
-2.3643605511811021
11
3.8607786220472442
21
-2.3690475196850391
0
LINE
8
F.Silkscreen
6
CONTINUOUS
10
3.8607786220472442
20
-2.3690475196850391
11
3.8609941338582678
21
-2.3696106299212598
0
LINE
8
F.Silkscreen
6
CONTINUOUS
10
3.8609941338582678
20
-2.3696106299212598
11
3.861001968503937
21
-2.3697209055118109
0
LINE
8
F.Silkscreen
6
CONTINUOUS
10
3.861001968503937
20
-2.3697209055118109
11
3.861044251968504
21
-2.3698229921259841
0
LINE
8
F.Silkscreen
6
CONTINUOUS
10
3.861044251968504
20
-2.3698229921259841
11
3.8611033464566926
21
-2.3704230314960628
0
LINE
8
F.Silkscreen
6
CONTINUOUS
10
3.8611033464566926
20
-2.3704230314960628
11
3.8611033464566926
21
-2.3774533858267715
0
LINE
8
F.Silkscreen
6
CONTINUOUS
10
3.8611033464566926
20
-2.3774533858267715
11
3.861044251968504
21
-2.3780534251968501
0
LINE
8
F.Silkscreen
6
CONTINUOUS
10
3.861044251968504
20
-2.3780534251968501
11
3.861001968503937
21
-2.3781554724409446
0
LINE
8
F.Silkscreen
6
CONTINUOUS
10
3.861001968503937
20
-2.3781554724409446
11
3.8609941338582678
21
-2.3782657874015749
0
LINE
8
F.Silkscreen
6
CONTINUOUS
10
3.8609941338582678
20
-2.3782657874015749
11
3.8607786220472442
21
-2.3788288976377951
0
LINE
8
F.Silkscreen
6
CONTINUOUS
10
3.8607786220472442
20
-2.3788288976377951
11
3.8584351574803151
21
-2.3835158661417322
0
LINE
8
F.Silkscreen
6
CONTINUOUS
10
3.8584351574803151
20
-2.3835158661417322
11
3.8582725590551181
21
-2.3837741338582679
0
LINE
8
F.Silkscreen
6
CONTINUOUS
10
3.8582725590551181
20
-2.3837741338582679
11
3.858241496062992
21
-2.3838491732283464
0
LINE
8
F.Silkscreen
6
CONTINUOUS
10
3.858241496062992
20
-2.3838491732283464
11
3.8581721653543308
21
-2.3839336220472442
0
LINE
8
F.Silkscreen
6
CONTINUOUS
10
3.8581721653543308
20
-2.3839336220472442
11
3.8581139763779526
21
-2.3840261023622045
0
LINE
8
F.Silkscreen
6
CONTINUOUS
10
3.8581139763779526
20
-2.3840261023622045
11
3.8580526377952755
21
-2.3840792913385824
0
LINE
8
F.Silkscreen
6
CONTINUOUS
10
3.8580526377952755
20
-2.3840792913385824
11
3.8578590157480313
21
-2.3843152362204725
0
LINE
8
F.Silkscreen
6
CONTINUOUS
10
3.8578590157480313
20
-2.3843152362204725
11
3.8555155905511809
21
-2.3866586614173229
0
LINE
8
F.Silkscreen
6
CONTINUOUS
10
3.8555155905511809
20
-2.3866586614173229
11
3.8552797244094488
21
-2.3868522047244092
0
LINE
8
F.Silkscreen
6
CONTINUOUS
10
3.8552797244094488
20
-2.3868522047244092
11
3.8552264960629921
21
-2.3869135826771655
0
LINE
8
F.Silkscreen
6
CONTINUOUS
10
3.8552264960629921
20
-2.3869135826771655
11
3.8551338976377951
21
-2.3869718503937007
0
LINE
8
F.Silkscreen
6
CONTINUOUS
10
3.8551338976377951
20
-2.3869718503937007
11
3.8550494881889761
21
-2.3870411417322832
0
LINE
8
F.Silkscreen
6
CONTINUOUS
10
3.8550494881889761
20
-2.3870411417322832
11
3.854974527559055
21
-2.3870721653543305
0
LINE
8
F.Silkscreen
6
CONTINUOUS
10
3.854974527559055
20
-2.3870721653543305
11
3.854716220472441
21
-2.3872348031496062
0
LINE
8
F.Silkscreen
6
CONTINUOUS
10
3.854716220472441
20
-2.3872348031496062
11
3.8500292913385827
21
-2.3895782677165354
0
LINE
8
F.Silkscreen
6
CONTINUOUS
10
3.8500292913385827
20
-2.3895782677165354
11
3.8494661417322833
21
-2.389793779527559
0
LINE
8
F.Silkscreen
6
CONTINUOUS
10
3.8494661417322833
20
-2.389793779527559
11
3.8493558267716534
21
-2.3898016141732281
0
LINE
8
F.Silkscreen
6
CONTINUOUS
10
3.8493558267716534
20
-2.3898016141732281
11
3.849253779527559
21
-2.3898438976377951
0
LINE
8
F.Silkscreen
6
CONTINUOUS
10
3.849253779527559
20
-2.3898438976377951
11
3.8486537401574803
21
-2.3899029921259842
0
LINE
8
F.Silkscreen
6
CONTINUOUS
10
3.8486537401574803
20
-2.3899029921259842
11
3.8329818897637793
21
-2.3899029921259842
0
LINE
8
F.Silkscreen
6
CONTINUOUS
10
3.8329818897637793
20
-2.3899029921259842
11
3.8329818897637793
21
-2.4102617716535431
0
LINE
8
F.Silkscreen
6
CONTINUOUS
10
3.8329818897637793
20
-2.4102617716535431
11
3.8329227952755907
21
-2.4108618110236222
0
LINE
8
F.Silkscreen
6
CONTINUOUS
10
3.8329227952755907
20
-2.4108618110236222
11
3.8324635433070866
21
-2.411970590551181
0
LINE
8
F.Silkscreen
6
CONTINUOUS
10
3.8324635433070866
20
-2.411970590551181
11
3.8316149212598423
21
-2.4128192125984254
0
LINE
8
F.Silkscreen
6
CONTINUOUS
10
3.8316149212598423
20
-2.4128192125984254
11
3.8305061417322834
21
-2.413278464566929
0
LINE
8
F.Silkscreen
6
CONTINUOUS
10
3.8305061417322834
20
-2.413278464566929
11
3.8293060629921261
21
-2.413278464566929
0
LINE
8
F.Silkscreen
6
CONTINUOUS
10
3.8293060629921261
20
-2.413278464566929
11
3.8281972834645668
21
-2.4128192125984254
0
LINE
8
F.Silkscreen
6
CONTINUOUS
10
3.8281972834645668
20
-2.4128192125984254
11
3.8273486614173229
21
-2.411970590551181
0
LINE
8
F.Silkscreen
6
CONTINUOUS
10
3.8273486614173229
20
-2.411970590551181
11
3.8268894094488188
21
-2.4108618110236222
0
LINE
8
F.Silkscreen
6
CONTINUOUS
10
3.8268894094488188
20
-2.4108618110236222
11
3.8268303149606298
21
-2.4102617716535431
0
LINE
8
F.Silkscreen
6
CONTINUOUS
10
3.8268303149606298
20
-2.4102617716535431
11
3.8268303149606298
21
-2.3610491732283463
0
LINE
8
F.Silkscreen
6
CONTINUOUS
10
3.8268303149606298
20
-2.3610491732283463
11
3.8268894094488188
21
-2.3604491338582676
0
LINE
8
F.Silkscreen
6
CONTINUOUS
10
3.8268894094488188
20
-2.3604491338582676
11
3.8273486614173229
21
-2.3593403543307088
0
LINE
8
F.Silkscreen
6
CONTINUOUS
10
3.8273486614173229
20
-2.3593403543307088
11
3.8281972834645668
21
-2.3584917322834644
0
LINE
8
F.Silkscreen
6
CONTINUOUS
10
3.8281972834645668
20
-2.3584917322834644
11
3.8293060629921261
21
-2.3580324803149604
0
LINE
8
F.Silkscreen
6
CONTINUOUS
10
3.8293060629921261
20
-2.3580324803149604
11
3.8299061023622047
21
-2.3579733858267717
0
LINE
8
F.Silkscreen
6
CONTINUOUS
10
3.8299061023622047
20
-2.3579733858267717
11
3.8486537401574803
21
-2.3579733858267717
0
LINE
8
F.Silkscreen
6
CONTINUOUS
10
3.8486537401574803
20
-2.3579733858267717
11
3.849253779527559
21
-2.3580324803149604
0
LINE
8
F.Silkscreen
6
CONTINUOUS
10
3.8329818897637793
20
-2.3837514173228347
11
3.8479276377952756
21
-2.3837514173228347
0
LINE
8
F.Silkscreen
6
CONTINUOUS
10
3.8479276377952756
20
-2.3837514173228347
11
3.8515186220472439
21
-2.3819559055118109
0
LINE
8
F.Silkscreen
6
CONTINUOUS
10
3.8515186220472439
20
-2.3819559055118109
11
3.8531562598425197
21
-2.3803183070866143
0
LINE
8
F.Silkscreen
6
CONTINUOUS
10
3.8531562598425197
20
-2.3803183070866143
11
3.8549517716535431
21
-2.3767272834645667
0
LINE
8
F.Silkscreen
6
CONTINUOUS
10
3.8549517716535431
20
-2.3767272834645667
11
3.8549517716535431
21
-2.3711491338582675
0
LINE
8
F.Silkscreen
6
CONTINUOUS
10
3.8549517716535431
20
-2.3711491338582675
11
3.8531561811023622
21
-2.3675579921259842
0
LINE
8
F.Silkscreen
6
CONTINUOUS
10
3.8531561811023622
20
-2.3675579921259842
11
3.8515186614173227
21
-2.3659204330708663
0
LINE
8
F.Silkscreen
6
CONTINUOUS
10
3.8515186614173227
20
-2.3659204330708663
11
3.8479276377952756
21
-2.3641249606299213
0
LINE
8
F.Silkscreen
6
CONTINUOUS
10
3.8479276377952756
20
-2.3641249606299213
11
3.8329818897637793
21
-2.3641249606299213
0
LINE
8
F.Silkscreen
6
CONTINUOUS
10
3.8329818897637793
20
-2.3641249606299213
11
3.8329818897637793
21
-2.3837514173228347
0
LINE
8
F.Silkscreen
6
CONTINUOUS
10
3.9523659055118108
20
-2.3580324803149604
11
3.9534746850393701
21
-2.3584917322834644
0
LINE
8
F.Silkscreen
6
CONTINUOUS
10
3.9534746850393701
20
-2.3584917322834644
11
3.9543233070866139
21
-2.3593403543307088
0
LINE
8
F.Silkscreen
6
CONTINUOUS
10
3.9543233070866139
20
-2.3593403543307088
11
3.954782559055118
21
-2.3604491338582676
0
LINE
8
F.Silkscreen
6
CONTINUOUS
10
3.954782559055118
20
-2.3604491338582676
11
3.954782559055118
21
-2.361649212598425
0
LINE
8
F.Silkscreen
6
CONTINUOUS
10
3.954782559055118
20
-2.361649212598425
11
3.9543233070866139
21
-2.3627579921259843
0
LINE
8
F.Silkscreen
6
CONTINUOUS
10
3.9543233070866139
20
-2.3627579921259843
11
3.9534746850393701
21
-2.3636066141732281
0
LINE
8
F.Silkscreen
6
CONTINUOUS
10
3.9534746850393701
20
-2.3636066141732281
11
3.9523659055118108
21
-2.3640658661417322
0
LINE
8
F.Silkscreen
6
CONTINUOUS
10
3.9523659055118108
20
-2.3640658661417322
11
3.9517658661417321
21
-2.3641249606299213
0
LINE
8
F.Silkscreen
6
CONTINUOUS
10
3.9517658661417321
20
-2.3641249606299213
11
3.940780905511811
21
-2.3641249606299213
0
LINE
8
F.Silkscreen
6
CONTINUOUS
10
3.940780905511811
20
-2.3641249606299213
11
3.940780905511811
21
-2.4102617716535431
0
LINE
8
F.Silkscreen
6
CONTINUOUS
10
3.940780905511811
20
-2.4102617716535431
11
3.940721811023622
21
-2.4108618110236222
0
LINE
8
F.Silkscreen
6
CONTINUOUS
10
3.940721811023622
20
-2.4108618110236222
11
3.9402625590551179
21
-2.411970590551181
0
LINE
8
F.Silkscreen
6
CONTINUOUS
10
3.9402625590551179
20
-2.411970590551181
11
3.939413937007874
21
-2.4128192125984254
0
LINE
8
F.Silkscreen
6
CONTINUOUS
10
3.939413937007874
20
-2.4128192125984254
11
3.9383051574803147
21
-2.413278464566929
0
LINE
8
F.Silkscreen
6
CONTINUOUS
10
3.9383051574803147
20
-2.413278464566929
11
3.9371050787401574
21
-2.413278464566929
0
LINE
8
F.Silkscreen
6
CONTINUOUS
10
3.9371050787401574
20
-2.413278464566929
11
3.9359962992125985
21
-2.4128192125984254
0
LINE
8
F.Silkscreen
6
CONTINUOUS
10
3.9359962992125985
20
-2.4128192125984254
11
3.9351476771653542
21
-2.411970590551181
0
LINE
8
F.Silkscreen
6
CONTINUOUS
10
3.9351476771653542
20
-2.411970590551181
11
3.9346884251968501
21
-2.4108618110236222
0
LINE
8
F.Silkscreen
6
CONTINUOUS
10
3.9346884251968501
20
-2.4108618110236222
11
3.9346293307086615
21
-2.4102617716535431
0
LINE
8
F.Silkscreen
6
CONTINUOUS
10
3.9346293307086615
20
-2.4102617716535431
11
3.9346293307086615
21
-2.3641249606299213
0
LINE
8
F.Silkscreen
6
CONTINUOUS
10
3.9346293307086615
20
-2.3641249606299213
11
3.92364437007874
21
-2.3641249606299213
0
LINE
8
F.Silkscreen
6
CONTINUOUS
10
3.92364437007874
20
-2.3641249606299213
11
3.9230443307086613
21
-2.3640658661417322
0
LINE
8
F.Silkscreen
6
CONTINUOUS
10
3.9230443307086613
20
-2.3640658661417322
11
3.9219355511811025
21
-2.3636066141732281
0
LINE
8
F.Silkscreen
6
CONTINUOUS
10
3.9219355511811025
20
-2.3636066141732281
11
3.9210869291338581
21
-2.3627579921259843
0
LINE
8
F.Silkscreen
6
CONTINUOUS
10
3.9210869291338581
20
-2.3627579921259843
11
3.9206276771653541
21
-2.361649212598425
0
LINE
8
F.Silkscreen
6
CONTINUOUS
10
3.9206276771653541
20
-2.361649212598425
11
3.9206276771653541
21
-2.3604491338582676
0
LINE
8
F.Silkscreen
6
CONTINUOUS
10
3.9206276771653541
20
-2.3604491338582676
11
3.9210869291338581
21
-2.3593403543307088
0
LINE
8
F.Silkscreen
6
CONTINUOUS
10
3.9210869291338581
20
-2.3593403543307088
11
3.9219355511811025
21
-2.3584917322834644
0
LINE
8
F.Silkscreen
6
CONTINUOUS
10
3.9219355511811025
20
-2.3584917322834644
11
3.9230443307086613
21
-2.3580324803149604
0
LINE
8
F.Silkscreen
6
CONTINUOUS
10
3.9230443307086613
20
-2.3580324803149604
11
3.92364437007874
21
-2.3579733858267717
0
LINE
8
F.Silkscreen
6
CONTINUOUS
10
3.92364437007874
20
-2.3579733858267717
11
3.9517658661417321
21
-2.3579733858267717
0
LINE
8
F.Silkscreen
6
CONTINUOUS
10
3.9517658661417321
20
-2.3579733858267717
11
3.9523659055118108
21
-2.3580324803149604
0
LINE
8
F.Silkscreen
6
CONTINUOUS
10
5.2898555118110231
20
-2.1679928346456694
11
5.2906832283464569
21
-2.1688205511811023
0
LINE
8
F.Silkscreen
6
CONTINUOUS
10
5.2906832283464569
20
-2.1688205511811023
11
5.2911311811023625
21
-2.1699019685039369
0
LINE
8
F.Silkscreen
6
CONTINUOUS
10
5.2911311811023625
20
-2.1699019685039369
11
5.2911888188976377
21
-2.1704872440944882
0
LINE
8
F.Silkscreen
6
CONTINUOUS
10
5.2911888188976377
20
-2.1704872440944882
11
5.2911888188976377
21
-2.3574951181102364
0
LINE
8
F.Silkscreen
6
CONTINUOUS
10
5.2911888188976377
20
-2.3574951181102364
11
5.2911311811023625
21
-2.3580803937007873
0
LINE
8
F.Silkscreen
6
CONTINUOUS
10
5.2911311811023625
20
-2.3580803937007873
11
5.2906832283464569
21
-2.3591618110236219
0
LINE
8
F.Silkscreen
6
CONTINUOUS
10
5.2906832283464569
20
-2.3591618110236219
11
5.2898555118110231
21
-2.3599895275590552
0
LINE
8
F.Silkscreen
6
CONTINUOUS
10
5.2898555118110231
20
-2.3599895275590552
11
5.2887740944881889
21
-2.3604374803149604
0
LINE
8
F.Silkscreen
6
CONTINUOUS
10
5.2887740944881889
20
-2.3604374803149604
11
5.2876035433070863
21
-2.3604374803149604
0
LINE
8
F.Silkscreen
6
CONTINUOUS
10
5.2876035433070863
20
-2.3604374803149604
11
5.2865221259842521
21
-2.3599895275590552
0
LINE
8
F.Silkscreen
6
CONTINUOUS
10
5.2865221259842521
20
-2.3599895275590552
11
5.2856944094488192
21
-2.3591618110236219
0
LINE
8
F.Silkscreen
6
CONTINUOUS
10
5.2856944094488192
20
-2.3591618110236219
11
5.2852464566929136
21
-2.3580803937007873
0
LINE
8
F.Silkscreen
6
CONTINUOUS
10
5.2852464566929136
20
-2.3580803937007873
11
5.2851888188976375
21
-2.3574951181102364
0
LINE
8
F.Silkscreen
6
CONTINUOUS
10
5.2851888188976375
20
-2.3574951181102364
11
5.2851888188976375
21
-2.1704872440944882
0
LINE
8
F.Silkscreen
6
CONTINUOUS
10
5.2851888188976375
20
-2.1704872440944882
11
5.2852464566929136
21
-2.1699019685039369
0
LINE
8
F.Silkscreen
6
CONTINUOUS
10
5.2852464566929136
20
-2.1699019685039369
11
5.2856944094488192
21
-2.1688205511811023
0
LINE
8
F.Silkscreen
6
CONTINUOUS
10
5.2856944094488192
20
-2.1688205511811023
11
5.2865221259842521
21
-2.1679928346456694
0
LINE
8
F.Silkscreen
6
CONTINUOUS
10
5.2865221259842521
20
-2.1679928346456694
11
5.2876035433070863
21
-2.1675448818897638
0
LINE
8
F.Silkscreen
6
CONTINUOUS
10
5.2876035433070863
20
-2.1675448818897638
11
5.2887740944881889
21
-2.1675448818897638
0
LINE
8
F.Silkscreen
6
CONTINUOUS
10
5.2887740944881889
20
-2.1675448818897638
11
5.2898555118110231
21
-2.1679928346456694
0
LINE
8
F.Silkscreen
6
CONTINUOUS
10
3.8489573228346456
20
-2.2580032677165356
11
3.8490384645669291
21
-2.2579975196850395
0
LINE
8
F.Silkscreen
6
CONTINUOUS
10
3.8490384645669291
20
-2.2579975196850395
11
3.8491451181102363
21
-2.2580217716535431
0
LINE
8
F.Silkscreen
6
CONTINUOUS
10
3.8491451181102363
20
-2.2580217716535431
11
3.849253779527559
21
-2.2580324803149607
0
LINE
8
F.Silkscreen
6
CONTINUOUS
10
3.849253779527559
20
-2.2580324803149607
11
3.8493287401574801
21
-2.2580635039370076
0
LINE
8
F.Silkscreen
6
CONTINUOUS
10
3.8493287401574801
20
-2.2580635039370076
11
3.849626377952756
21
-2.2581312204724409
0
LINE
8
F.Silkscreen
6
CONTINUOUS
10
3.849626377952756
20
-2.2581312204724409
11
3.8566567322834646
21
-2.26047468503937
0
LINE
8
F.Silkscreen
6
CONTINUOUS
10
3.8566567322834646
20
-2.26047468503937
11
3.8572072834645668
21
-2.2607205118110234
0
LINE
8
F.Silkscreen
6
CONTINUOUS
10
3.8572072834645668
20
-2.2607205118110234
11
3.8581139370078739
21
-2.2615068110236218
0
LINE
8
F.Silkscreen
6
CONTINUOUS
10
3.8581139370078739
20
-2.2615068110236218
11
3.8586506692913387
21
-2.2625802362204723
0
LINE
8
F.Silkscreen
6
CONTINUOUS
10
3.8586506692913387
20
-2.2625802362204723
11
3.8587357086614174
21
-2.2637773622047241
0
LINE
8
F.Silkscreen
6
CONTINUOUS
10
3.8587357086614174
20
-2.2637773622047241
11
3.8583562204724409
21
-2.2649158267716536
0
LINE
8
F.Silkscreen
6
CONTINUOUS
10
3.8583562204724409
20
-2.2649158267716536
11
3.8575698818897637
21
-2.2658224803149607
0
LINE
8
F.Silkscreen
6
CONTINUOUS
10
3.8575698818897637
20
-2.2658224803149607
11
3.8564964566929132
21
-2.2663592125984251
0
LINE
8
F.Silkscreen
6
CONTINUOUS
10
3.8564964566929132
20
-2.2663592125984251
11
3.8552993700787401
21
-2.2664442519685037
0
LINE
8
F.Silkscreen
6
CONTINUOUS
10
3.8552993700787401
20
-2.2664442519685037
11
3.8547114173228345
21
-2.2663105905511811
0
LINE
8
F.Silkscreen
6
CONTINUOUS
10
3.8547114173228345
20
-2.2663105905511811
11
3.8481546062992127
21
-2.2641249606299212
0
LINE
8
F.Silkscreen
6
CONTINUOUS
10
3.8481546062992127
20
-2.2641249606299212
11
3.8376625590551181
21
-2.2641249606299212
0
LINE
8
F.Silkscreen
6
CONTINUOUS
10
3.8376625590551181
20
-2.2641249606299212
11
3.8340714566929135
21
-2.265920472440945
0
LINE
8
F.Silkscreen
6
CONTINUOUS
10
3.8340714566929135
20
-2.265920472440945
11
3.8324339370078739
21
-2.2675580314960628
0
LINE
8
F.Silkscreen
6
CONTINUOUS
10
3.8324339370078739
20
-2.2675580314960628
11
3.8306384251968502
21
-2.2711490944881891
0
LINE
8
F.Silkscreen
6
CONTINUOUS
10
3.8306384251968502
20
-2.2711490944881891
11
3.8306384251968502
21
-2.274383818897638
0
LINE
8
F.Silkscreen
6
CONTINUOUS
10
3.8306384251968502
20
-2.274383818897638
11
3.8324339370078739
21
-2.2779748818897638
0
LINE
8
F.Silkscreen
6
CONTINUOUS
10
3.8324339370078739
20
-2.2779748818897638
11
3.8340714960629922
21
-2.2796124409448817
0
LINE
8
F.Silkscreen
6
CONTINUOUS
10
3.8340714960629922
20
-2.2796124409448817
11
3.8380099606299214
21
-2.2815816535433071
0
LINE
8
F.Silkscreen
6
CONTINUOUS
10
3.8380099606299214
20
-2.2815816535433071
11
3.8470562598425198
21
-2.2838432677165352
0
LINE
8
F.Silkscreen
6
CONTINUOUS
10
3.8470562598425198
20
-2.2838432677165352
11
3.847100433070866
21
-2.2838590157480314
0
LINE
8
F.Silkscreen
6
CONTINUOUS
10
3.847100433070866
20
-2.2838590157480314
11
3.8471226771653542
21
-2.2838606299212598
0
LINE
8
F.Silkscreen
6
CONTINUOUS
10
3.8471226771653542
20
-2.2838606299212598
11
3.8473726377952757
21
-2.2839562598425198
0
LINE
8
F.Silkscreen
6
CONTINUOUS
10
3.8473726377952757
20
-2.2839562598425198
11
3.8476240551181102
21
-2.2840461023622045
0
LINE
8
F.Silkscreen
6
CONTINUOUS
10
3.8476240551181102
20
-2.2840461023622045
11
3.8476418897637794
21
-2.2840593307086614
0
LINE
8
F.Silkscreen
6
CONTINUOUS
10
3.8476418897637794
20
-2.2840593307086614
11
3.8476858267716536
21
-2.2840761417322835
0
LINE
8
F.Silkscreen
6
CONTINUOUS
10
3.8476858267716536
20
-2.2840761417322835
11
3.8523727559055119
21
-2.2864196062992126
0
LINE
8
F.Silkscreen
6
CONTINUOUS
10
3.8523727559055119
20
-2.2864196062992126
11
3.8526310629921259
21
-2.2865822047244095
0
LINE
8
F.Silkscreen
6
CONTINUOUS
10
3.8526310629921259
20
-2.2865822047244095
11
3.8527060236220469
21
-2.2866132677165352
0
LINE
8
F.Silkscreen
6
CONTINUOUS
10
3.8527060236220469
20
-2.2866132677165352
11
3.852790433070866
21
-2.2866825196850393
0
LINE
8
F.Silkscreen
6
CONTINUOUS
10
3.852790433070866
20
-2.2866825196850393
11
3.8528830314960629
21
-2.2867408267716534
0
LINE
8
F.Silkscreen
6
CONTINUOUS
10
3.8528830314960629
20
-2.2867408267716534
11
3.8529362598425196
21
-2.2868021653543305
0
LINE
8
F.Silkscreen
6
CONTINUOUS
10
3.8529362598425196
20
-2.2868021653543305
11
3.8531721259842517
21
-2.286995748031496
0
LINE
8
F.Silkscreen
6
CONTINUOUS
10
3.8531721259842517
20
-2.286995748031496
11
3.8555155905511809
21
-2.2893392519685039
0
LINE
8
F.Silkscreen
6
CONTINUOUS
10
3.8555155905511809
20
-2.2893392519685039
11
3.8557091338582676
21
-2.2895750787401576
0
LINE
8
F.Silkscreen
6
CONTINUOUS
10
3.8557091338582676
20
-2.2895750787401576
11
3.8557705511811022
21
-2.2896283464566927
0
LINE
8
F.Silkscreen
6
CONTINUOUS
10
3.8557705511811022
20
-2.2896283464566927
11
3.85582874015748
21
-2.2897207874015746
0
LINE
8
F.Silkscreen
6
CONTINUOUS
10
3.85582874015748
20
-2.2897207874015746
11
3.8558981102362204
21
-2.2898053149606299
0
LINE
8
F.Silkscreen
6
CONTINUOUS
10
3.8558981102362204
20
-2.2898053149606299
11
3.8559292125984252
21
-2.289880433070866
0
LINE
8
F.Silkscreen
6
CONTINUOUS
10
3.8559292125984252
20
-2.289880433070866
11
3.8560917322834647
21
-2.2901386220472442
0
LINE
8
F.Silkscreen
6
CONTINUOUS
10
3.8560917322834647
20
-2.2901386220472442
11
3.8584351574803151
21
-2.2948254724409449
0
LINE
8
F.Silkscreen
6
CONTINUOUS
10
3.8584351574803151
20
-2.2948254724409449
11
3.85865062992126
21
-2.2953886220472439
0
LINE
8
F.Silkscreen
6
CONTINUOUS
10
3.85865062992126
20
-2.2953886220472439
11
3.8586584251968503
21
-2.2954987795275592
0
LINE
8
F.Silkscreen
6
CONTINUOUS
10
3.8586584251968503
20
-2.2954987795275592
11
3.8587007874015748
21
-2.2956009842519682
0
LINE
8
F.Silkscreen
6
CONTINUOUS
10
3.8587007874015748
20
-2.2956009842519682
11
3.8587598818897635
21
-2.2962010236220474
0
LINE
8
F.Silkscreen
6
CONTINUOUS
10
3.8587598818897635
20
-2.2962010236220474
11
3.8587598818897635
21
-2.3008879527559056
0
LINE
8
F.Silkscreen
6
CONTINUOUS
10
3.8587598818897635
20
-2.3008879527559056
11
3.8587007874015748
21
-2.3014879921259843
0
LINE
8
F.Silkscreen
6
CONTINUOUS
10
3.8587007874015748
20
-2.3014879921259843
11
3.8586585039370078
21
-2.3015900393700788
0
LINE
8
F.Silkscreen
6
CONTINUOUS
10
3.8586585039370078
20
-2.3015900393700788
11
3.8586506692913387
21
-2.3017003543307086
0
LINE
8
F.Silkscreen
6
CONTINUOUS
10
3.8586506692913387
20
-2.3017003543307086
11
3.8584351574803151
21
-2.3022634645669289
0
LINE
8
F.Silkscreen
6
CONTINUOUS
10
3.8584351574803151
20
-2.3022634645669289
11
3.8560917322834647
21
-2.3069503937007871
0
LINE
8
F.Silkscreen
6
CONTINUOUS
10
3.8560917322834647
20
-2.3069503937007871
11
3.8559292125984252
21
-2.3072085433070866
0
LINE
8
F.Silkscreen
6
CONTINUOUS
10
3.8559292125984252
20
-2.3072085433070866
11
3.8558981102362204
21
-2.3072837007874014
0
LINE
8
F.Silkscreen
6
CONTINUOUS
10
3.8558981102362204
20
-2.3072837007874014
11
3.85582874015748
21
-2.307368188976378
0
LINE
8
F.Silkscreen
6
CONTINUOUS
10
3.85582874015748
20
-2.307368188976378
11
3.8557705511811022
21
-2.3074606692913386
0
LINE
8
F.Silkscreen
6
CONTINUOUS
10
3.8557705511811022
20
-2.3074606692913386
11
3.8557091338582676
21
-2.3075138976377954
0
LINE
8
F.Silkscreen
6
CONTINUOUS
10
3.8557091338582676
20
-2.3075138976377954
11
3.8555155905511809
21
-2.3077497637795275
0
LINE
8
F.Silkscreen
6
CONTINUOUS
10
3.8555155905511809
20
-2.3077497637795275
11
3.8531721259842517
21
-2.3100932677165353
0
LINE
8
F.Silkscreen
6
CONTINUOUS
10
3.8531721259842517
20
-2.3100932677165353
11
3.8529362204724409
21
-2.3102868110236221
0
LINE
8
F.Silkscreen
6
CONTINUOUS
10
3.8529362204724409
20
-2.3102868110236221
11
3.8528829921259842
21
-2.3103482283464567
0
LINE
8
F.Silkscreen
6
CONTINUOUS
10
3.8528829921259842
20
-2.3103482283464567
11
3.8527903937007872
21
-2.310406496062992
0
LINE
8
F.Silkscreen
6
CONTINUOUS
10
3.8527903937007872
20
-2.310406496062992
11
3.8527060236220469
21
-2.3104757480314961
0
LINE
8
F.Silkscreen
6
CONTINUOUS
10
3.8527060236220469
20
-2.3104757480314961
11
3.8526310236220471
21
-2.3105067716535435
0
LINE
8
F.Silkscreen
6
CONTINUOUS
10
3.8526310236220471
20
-2.3105067716535435
11
3.8523727165354331
21
-2.3106694094488187
0
LINE
8
F.Silkscreen
6
CONTINUOUS
10
3.8523727165354331
20
-2.3106694094488187
11
3.8476857874015749
21
-2.3130128346456691
0
LINE
8
F.Silkscreen
6
CONTINUOUS
10
3.8476857874015749
20
-2.3130128346456691
11
3.8471226771653542
21
-2.3132283464566927
0
LINE
8
F.Silkscreen
6
CONTINUOUS
10
3.8471226771653542
20
-2.3132283464566927
11
3.8470123622047243
21
-2.3132361811023623
0
LINE
8
F.Silkscreen
6
CONTINUOUS
10
3.8470123622047243
20
-2.3132361811023623
11
3.8469103149606299
21
-2.3132784645669289
0
LINE
8
F.Silkscreen
6
CONTINUOUS
10
3.8469103149606299
20
-2.3132784645669289
11
3.8463102755905512
21
-2.313337559055118
0
LINE
8
F.Silkscreen
6
CONTINUOUS
10
3.8463102755905512
20
-2.313337559055118
11
3.8345929921259843
21
-2.313337559055118
0
LINE
8
F.Silkscreen
6
CONTINUOUS
10
3.8345929921259843
20
-2.313337559055118
11
3.8342893700787402
21
-2.3133076377952757
0
LINE
8
F.Silkscreen
6
CONTINUOUS
10
3.8342893700787402
20
-2.3133076377952757
11
3.8342082677165354
21
-2.3133134251968501
0
LINE
8
F.Silkscreen
6
CONTINUOUS
10
3.8342082677165354
20
-2.3133134251968501
11
3.8341015748031495
21
-2.3132891338582677
0
LINE
8
F.Silkscreen
6
CONTINUOUS
10
3.8341015748031495
20
-2.3132891338582677
11
3.8339929527559056
21
-2.3132784645669289
0
LINE
8
F.Silkscreen
6
CONTINUOUS
10
3.8339929527559056
20
-2.3132784645669289
11
3.8339179527559053
21
-2.3132474015748032
0
LINE
8
F.Silkscreen
6
CONTINUOUS
10
3.8339179527559053
20
-2.3132474015748032
11
3.8336203543307086
21
-2.3131797244094487
0
LINE
8
F.Silkscreen
6
CONTINUOUS
10
3.8336203543307086
20
-2.3131797244094487
11
3.8265899999999999
21
-2.3108362992125984
0
LINE
8
F.Silkscreen
6
CONTINUOUS
10
3.8265899999999999
20
-2.3108362992125984
11
3.8260394488188973
21
-2.310590472440945
0
LINE
8
F.Silkscreen
6
CONTINUOUS
10
3.8260394488188973
20
-2.310590472440945
11
3.8251327952755902
21
-2.3098041732283465
0
LINE
8
F.Silkscreen
6
CONTINUOUS
10
3.8251327952755902
20
-2.3098041732283465
11
3.8245960629921258
21
-2.308730748031496
0
LINE
8
F.Silkscreen
6
CONTINUOUS
10
3.8245960629921258
20
-2.308730748031496
11
3.8245109842519684
21
-2.307533661417323
0
LINE
8
F.Silkscreen
6
CONTINUOUS
10
3.8245109842519684
20
-2.307533661417323
11
3.8248905118110237
21
-2.3063951574803148
0
LINE
8
F.Silkscreen
6
CONTINUOUS
10
3.8248905118110237
20
-2.3063951574803148
11
3.8256768110236221
21
-2.3054885039370077
0
LINE
8
F.Silkscreen
6
CONTINUOUS
10
3.8256768110236221
20
-2.3054885039370077
11
3.8267502362204722
21
-2.3049517716535433
0
LINE
8
F.Silkscreen
6
CONTINUOUS
10
3.8267502362204722
20
-2.3049517716535433
11
3.8279473228346457
21
-2.3048666929133859
0
LINE
8
F.Silkscreen
6
CONTINUOUS
10
3.8279473228346457
20
-2.3048666929133859
11
3.8285352755905513
21
-2.3050003937007872
0
LINE
8
F.Silkscreen
6
CONTINUOUS
10
3.8285352755905513
20
-2.3050003937007872
11
3.8350921259842519
21
-2.3071859842519684
0
LINE
8
F.Silkscreen
6
CONTINUOUS
10
3.8350921259842519
20
-2.3071859842519684
11
3.8455842125984252
21
-2.3071859842519684
0
LINE
8
F.Silkscreen
6
CONTINUOUS
10
3.8455842125984252
20
-2.3071859842519684
11
3.8491751574803148
21
-2.3053905118110234
0
LINE
8
F.Silkscreen
6
CONTINUOUS
10
3.8491751574803148
20
-2.3053905118110234
11
3.8508127952755906
21
-2.303752874015748
0
LINE
8
F.Silkscreen
6
CONTINUOUS
10
3.8508127952755906
20
-2.303752874015748
11
3.8526083070866139
21
-2.3001618897637797
0
LINE
8
F.Silkscreen
6
CONTINUOUS
10
3.8526083070866139
20
-2.3001618897637797
11
3.8526083070866139
21
-2.2969270472440946
0
LINE
8
F.Silkscreen
6
CONTINUOUS
10
3.8526083070866139
20
-2.2969270472440946
11
3.8508128346456694
21
-2.2933361023622045
0
LINE
8
F.Silkscreen
6
CONTINUOUS
10
3.8508128346456694
20
-2.2933361023622045
11
3.8491751574803148
21
-2.2916984645669292
0
LINE
8
F.Silkscreen
6
CONTINUOUS
10
3.8491751574803148
20
-2.2916984645669292
11
3.8452366535433069
21
-2.289729212598425
0
LINE
8
F.Silkscreen
6
CONTINUOUS
10
3.8452366535433069
20
-2.289729212598425
11
3.8361904724409448
21
-2.2874676771653544
0
LINE
8
F.Silkscreen
6
CONTINUOUS
10
3.8361904724409448
20
-2.2874676771653544
11
3.8361462598425198
21
-2.2874518897637794
0
LINE
8
F.Silkscreen
6
CONTINUOUS
10
3.8361462598425198
20
-2.2874518897637794
11
3.8361240551181099
21
-2.2874503149606298
0
LINE
8
F.Silkscreen
6
CONTINUOUS
10
3.8361240551181099
20
-2.2874503149606298
11
3.8358743307086614
21
-2.287354724409449
0
LINE
8
F.Silkscreen
6
CONTINUOUS
10
3.8358743307086614
20
-2.287354724409449
11
3.8356226771653543
21
-2.2872648425196851
0
LINE
8
F.Silkscreen
6
CONTINUOUS
10
3.8356226771653543
20
-2.2872648425196851
11
3.8356047637795276
21
-2.2872515748031494
0
LINE
8
F.Silkscreen
6
CONTINUOUS
10
3.8356047637795276
20
-2.2872515748031494
11
3.8355609448818897
21
-2.2872348031496061
0
LINE
8
F.Silkscreen
6
CONTINUOUS
10
3.8355609448818897
20
-2.2872348031496061
11
3.8308740157480314
21
-2.2848913779527558
0
LINE
8
F.Silkscreen
6
CONTINUOUS
10
3.8308740157480314
20
-2.2848913779527558
11
3.8306157086614174
21
-2.2847287795275588
0
LINE
8
F.Silkscreen
6
CONTINUOUS
10
3.8306157086614174
20
-2.2847287795275588
11
3.8305406692913384
21
-2.2846977165354332
0
LINE
8
F.Silkscreen
6
CONTINUOUS
10
3.8305406692913384
20
-2.2846977165354332
11
3.8304562204724411
21
-2.2846283858267715
0
LINE
8
F.Silkscreen
6
CONTINUOUS
10
3.8304562204724411
20
-2.2846283858267715
11
3.8303637401574804
21
-2.2845701968503938
0
LINE
8
F.Silkscreen
6
CONTINUOUS
10
3.8303637401574804
20
-2.2845701968503938
11
3.8303104724409449
21
-2.2845087795275592
0
LINE
8
F.Silkscreen
6
CONTINUOUS
10
3.8303104724409449
20
-2.2845087795275592
11
3.8300746062992124
21
-2.2843151968503936
0
LINE
8
F.Silkscreen
6
CONTINUOUS
10
3.8300746062992124
20
-2.2843151968503936
11
3.827731181102362
21
-2.2819717322834645
0
LINE
8
F.Silkscreen
6
CONTINUOUS
10
3.827731181102362
20
-2.2819717322834645
11
3.8275375984251969
21
-2.2817358661417324
0
LINE
8
F.Silkscreen
6
CONTINUOUS
10
3.8275375984251969
20
-2.2817358661417324
11
3.8274762598425194
21
-2.2816826771653544
0
LINE
8
F.Silkscreen
6
CONTINUOUS
10
3.8274762598425194
20
-2.2816826771653544
11
3.8274180314960629
21
-2.2815901968503938
0
LINE
8
F.Silkscreen
6
CONTINUOUS
10
3.8274180314960629
20
-2.2815901968503938
11
3.8273486614173229
21
-2.2815056692913385
0
LINE
8
F.Silkscreen
6
CONTINUOUS
10
3.8273486614173229
20
-2.2815056692913385
11
3.8273175196850393
21
-2.2814305511811024
0
LINE
8
F.Silkscreen
6
CONTINUOUS
10
3.8273175196850393
20
-2.2814305511811024
11
3.8271550393700786
21
-2.2811724015748029
0
LINE
8
F.Silkscreen
6
CONTINUOUS
10
3.8271550393700786
20
-2.2811724015748029
11
3.8248115748031495
21
-2.2764854724409447
0
LINE
8
F.Silkscreen
6
CONTINUOUS
10
3.8248115748031495
20
-2.2764854724409447
11
3.8245960629921258
21
-2.2759223228346457
0
LINE
8
F.Silkscreen
6
CONTINUOUS
10
3.8245960629921258
20
-2.2759223228346457
11
3.824588188976378
21
-2.2758120078740158
0
LINE
8
F.Silkscreen
6
CONTINUOUS
10
3.824588188976378
20
-2.2758120078740158
11
3.8245459448818897
21
-2.2757099606299214
0
LINE
8
F.Silkscreen
6
CONTINUOUS
10
3.8245459448818897
20
-2.2757099606299214
11
3.8244868503937006
21
-2.2751099212598427
0
LINE
8
F.Silkscreen
6
CONTINUOUS
10
3.8244868503937006
20
-2.2751099212598427
11
3.8244868503937006
21
-2.2704230314960627
0
LINE
8
F.Silkscreen
6
CONTINUOUS
10
3.8244868503937006
20
-2.2704230314960627
11
3.8245459448818897
21
-2.269822992125984
0
LINE
8
F.Silkscreen
6
CONTINUOUS
10
3.8245459448818897
20
-2.269822992125984
11
3.824588188976378
21
-2.2697209055118108
0
LINE
8
F.Silkscreen
6
CONTINUOUS
10
3.824588188976378
20
-2.2697209055118108
11
3.8245960629921258
21
-2.2696106299212597
0
LINE
8
F.Silkscreen
6
CONTINUOUS
10
3.8245960629921258
20
-2.2696106299212597
11
3.8248115748031495
21
-2.2690474803149607
0
LINE
8
F.Silkscreen
6
CONTINUOUS
10
3.8248115748031495
20
-2.2690474803149607
11
3.8271550393700786
21
-2.2643605511811025
0
LINE
8
F.Silkscreen
6
CONTINUOUS
10
3.8271550393700786
20
-2.2643605511811025
11
3.8273175196850393
21
-2.2641023622047243
0
LINE
8
F.Silkscreen
6
CONTINUOUS
10
3.8273175196850393
20
-2.2641023622047243
11
3.8273486614173229
21
-2.2640272834645669
0
LINE
8
F.Silkscreen
6
CONTINUOUS
10
3.8273486614173229
20
-2.2640272834645669
11
3.8274180314960629
21
-2.2639427165354329
0
LINE
8
F.Silkscreen
6
CONTINUOUS
10
3.8274180314960629
20
-2.2639427165354329
11
3.8274762598425194
21
-2.263850275590551
0
LINE
8
F.Silkscreen
6
CONTINUOUS
10
3.8274762598425194
20
-2.263850275590551
11
3.8275375984251969
21
-2.2637970472440943
0
LINE
8
F.Silkscreen
6
CONTINUOUS
10
3.8275375984251969
20
-2.2637970472440943
11
3.827731181102362
21
-2.2635612204724409
0
LINE
8
F.Silkscreen
6
CONTINUOUS
10
3.827731181102362
20
-2.2635612204724409
11
3.8300746062992124
21
-2.2612177559055118
0
LINE
8
F.Silkscreen
6
CONTINUOUS
10
3.8300746062992124
20
-2.2612177559055118
11
3.8303104724409449
21
-2.2610241338582675
0
LINE
8
F.Silkscreen
6
CONTINUOUS
10
3.8303104724409449
20
-2.2610241338582675
11
3.8303637401574804
21
-2.2609627559055117
0
LINE
8
F.Silkscreen
6
CONTINUOUS
10
3.8303637401574804
20
-2.2609627559055117
11
3.8304562204724411
21
-2.2609044881889764
0
LINE
8
F.Silkscreen
6
CONTINUOUS
10
3.8304562204724411
20
-2.2609044881889764
11
3.8305406692913384
21
-2.2608352362204722
0
LINE
8
F.Silkscreen
6
CONTINUOUS
10
3.8305406692913384
20
-2.2608352362204722
11
3.8306156692913387
21
-2.2608041338582678
0
LINE
8
F.Silkscreen
6
CONTINUOUS
10
3.8306156692913387
20
-2.2608041338582678
11
3.8308739763779527
21
-2.2606415748031496
0
LINE
8
F.Silkscreen
6
CONTINUOUS
10
3.8308739763779527
20
-2.2606415748031496
11
3.8355609448818897
21
-2.2582981102362205
0
LINE
8
F.Silkscreen
6
CONTINUOUS
10
3.8355609448818897
20
-2.2582981102362205
11
3.8361240551181099
21
-2.2580825984251969
0
LINE
8
F.Silkscreen
6
CONTINUOUS
10
3.8361240551181099
20
-2.2580825984251969
11
3.8362343307086615
21
-2.2580747244094486
0
LINE
8
F.Silkscreen
6
CONTINUOUS
10
3.8362343307086615
20
-2.2580747244094486
11
3.8363364173228347
21
-2.2580324803149607
0
LINE
8
F.Silkscreen
6
CONTINUOUS
10
3.8363364173228347
20
-2.2580324803149607
11
3.8369364566929134
21
-2.2579733858267717
0
LINE
8
F.Silkscreen
6
CONTINUOUS
10
3.8369364566929134
20
-2.2579733858267717
11
3.8486537401574803
21
-2.2579733858267717
0
LINE
8
F.Silkscreen
6
CONTINUOUS
10
3.8486537401574803
20
-2.2579733858267717
11
3.8489573228346456
21
-2.2580032677165356
0
LINE
8
F.Silkscreen
6
CONTINUOUS
10
3.9500224015748029
20
-2.2580324803149607
11
3.9501244488188973
21
-2.2580747244094486
0
LINE
8
F.Silkscreen
6
CONTINUOUS
10
3.9501244488188973
20
-2.2580747244094486
11
3.9502347637795276
21
-2.2580825984251969
0
LINE
8
F.Silkscreen
6
CONTINUOUS
10
3.9502347637795276
20
-2.2580825984251969
11
3.9507979133858266
21
-2.2582981102362205
0
LINE
8
F.Silkscreen
6
CONTINUOUS
10
3.9507979133858266
20
-2.2582981102362205
11
3.9554848425196849
21
-2.2606415748031496
0
LINE
8
F.Silkscreen
6
CONTINUOUS
10
3.9554848425196849
20
-2.2606415748031496
11
3.9557431496062989
21
-2.2608041732283466
0
LINE
8
F.Silkscreen
6
CONTINUOUS
10
3.9557431496062989
20
-2.2608041732283466
11
3.9558181102362204
21
-2.2608352362204722
0
LINE
8
F.Silkscreen
6
CONTINUOUS
10
3.9558181102362204
20
-2.2608352362204722
11
3.9559025196850395
21
-2.2609044881889764
0
LINE
8
F.Silkscreen
6
CONTINUOUS
10
3.9559025196850395
20
-2.2609044881889764
11
3.955995118110236
21
-2.2609627952755904
0
LINE
8
F.Silkscreen
6
CONTINUOUS
10
3.955995118110236
20
-2.2609627952755904
11
3.9560483464566927
21
-2.2610241338582675
0
LINE
8
F.Silkscreen
6
CONTINUOUS
10
3.9560483464566927
20
-2.2610241338582675
11
3.9562842125984252
21
-2.261217716535433
0
LINE
8
F.Silkscreen
6
CONTINUOUS
10
3.9562842125984252
20
-2.261217716535433
11
3.9586276771653544
21
-2.2635612204724409
0
LINE
8
F.Silkscreen
6
CONTINUOUS
10
3.9586276771653544
20
-2.2635612204724409
11
3.9588212204724407
21
-2.2637970472440943
0
LINE
8
F.Silkscreen
6
CONTINUOUS
10
3.9588212204724407
20
-2.2637970472440943
11
3.9588826377952757
21
-2.2638503149606297
0
LINE
8
F.Silkscreen
6
CONTINUOUS
10
3.9588826377952757
20
-2.2638503149606297
11
3.9589408267716535
21
-2.2639427559055116
0
LINE
8
F.Silkscreen
6
CONTINUOUS
10
3.9589408267716535
20
-2.2639427559055116
11
3.9590101968503935
21
-2.2640272834645669
0
LINE
8
F.Silkscreen
6
CONTINUOUS
10
3.9590101968503935
20
-2.2640272834645669
11
3.9590412992125983
21
-2.264102401574803
0
LINE
8
F.Silkscreen
6
CONTINUOUS
10
3.9590412992125983
20
-2.264102401574803
11
3.9592038188976377
21
-2.2643605905511812
0
LINE
8
F.Silkscreen
6
CONTINUOUS
10
3.9592038188976377
20
-2.2643605905511812
11
3.9615472440944881
21
-2.2690475196850395
0
LINE
8
F.Silkscreen
6
CONTINUOUS
10
3.9615472440944881
20
-2.2690475196850395
11
3.9617627559055117
21
-2.2696106299212597
0
LINE
8
F.Silkscreen
6
CONTINUOUS
10
3.9617627559055117
20
-2.2696106299212597
11
3.9617705905511809
21
-2.2697209055118108
0
LINE
8
F.Silkscreen
6
CONTINUOUS
10
3.9617705905511809
20
-2.2697209055118108
11
3.9618128740157479
21
-2.269822992125984
0
LINE
8
F.Silkscreen
6
CONTINUOUS
10
3.9618128740157479
20
-2.269822992125984
11
3.961871968503937
21
-2.2704230314960627
0
LINE
8
F.Silkscreen
6
CONTINUOUS
10
3.961871968503937
20
-2.2704230314960627
11
3.961871968503937
21
-2.2751099212598427
0
LINE
8
F.Silkscreen
6
CONTINUOUS
10
3.961871968503937
20
-2.2751099212598427
11
3.9618420472440943
21
-2.2754134645669293
0
LINE
8
F.Silkscreen
6
CONTINUOUS
10
3.9618420472440943
20
-2.2754134645669293
11
3.9618478346456691
21
-2.2754946062992127
0
LINE
8
F.Silkscreen
6
CONTINUOUS
10
3.9618478346456691
20
-2.2754946062992127
11
3.9618235433070863
21
-2.2756012598425195
0
LINE
8
F.Silkscreen
6
CONTINUOUS
10
3.9618235433070863
20
-2.2756012598425195
11
3.9618128740157479
21
-2.2757099606299214
0
LINE
8
F.Silkscreen
6
CONTINUOUS
10
3.9618128740157479
20
-2.2757099606299214
11
3.9617817716535431
21
-2.2757849606299212
0
LINE
8
F.Silkscreen
6
CONTINUOUS
10
3.9617817716535431
20
-2.2757849606299212
11
3.9617141338582678
21
-2.2760825590551179
0
LINE
8
F.Silkscreen
6
CONTINUOUS
10
3.9617141338582678
20
-2.2760825590551179
11
3.9593707086614174
21
-2.2831129527559053
0
LINE
8
F.Silkscreen
6
CONTINUOUS
10
3.9593707086614174
20
-2.2831129527559053
11
3.9591248818897635
21
-2.2836635039370079
0
LINE
8
F.Silkscreen
6
CONTINUOUS
10
3.9591248818897635
20
-2.2836635039370079
11
3.9590524803149605
21
-2.2837469685039369
0
LINE
8
F.Silkscreen
6
CONTINUOUS
10
3.9590524803149605
20
-2.2837469685039369
11
3.9590101574803147
21
-2.2838491732283464
0
LINE
8
F.Silkscreen
6
CONTINUOUS
10
3.9590101574803147
20
-2.2838491732283464
11
3.9586276771653544
21
-2.2843152362204724
0
LINE
8
F.Silkscreen
6
CONTINUOUS
10
3.9586276771653544
20
-2.2843152362204724
11
3.9357568897637796
21
-2.3071859842519684
0
LINE
8
F.Silkscreen
6
CONTINUOUS
10
3.9357568897637796
20
-2.3071859842519684
11
3.958796181102362
21
-2.3071859842519684
0
LINE
8
F.Silkscreen
6
CONTINUOUS
10
3.958796181102362
20
-2.3071859842519684
11
3.9593962204724407
21
-2.3072450787401575
0
LINE
8
F.Silkscreen
6
CONTINUOUS
10
3.9593962204724407
20
-2.3072450787401575
11
3.9605049999999999
21
-2.3077043307086615
0
LINE
8
F.Silkscreen
6
CONTINUOUS
10
3.9605049999999999
20
-2.3077043307086615
11
3.9613536220472438
21
-2.3085529527559054
0
LINE
8
F.Silkscreen
6
CONTINUOUS
10
3.9613536220472438
20
-2.3085529527559054
11
3.9618128740157479
21
-2.3096617322834647
0
LINE
8
F.Silkscreen
6
CONTINUOUS
10
3.9618128740157479
20
-2.3096617322834647
11
3.9618128740157479
21
-2.3108618110236221
0
LINE
8
F.Silkscreen
6
CONTINUOUS
10
3.9618128740157479
20
-2.3108618110236221
11
3.9613536220472438
21
-2.3119705905511809
0
LINE
8
F.Silkscreen
6
CONTINUOUS
10
3.9613536220472438
20
-2.3119705905511809
11
3.9605049999999999
21
-2.3128192125984253
0
LINE
8
F.Silkscreen
6
CONTINUOUS
10
3.9605049999999999
20
-2.3128192125984253
11
3.9593962204724407
21
-2.3132784645669289
0
LINE
8
F.Silkscreen
6
CONTINUOUS
10
3.9593962204724407
20
-2.3132784645669289
11
3.958796181102362
21
-2.313337559055118
0
LINE
8
F.Silkscreen
6
CONTINUOUS
10
3.958796181102362
20
-2.313337559055118
11
3.9283312598425195
21
-2.313337559055118
0
LINE
8
F.Silkscreen
6
CONTINUOUS
10
3.9283312598425195
20
-2.313337559055118
11
3.9277312204724408
21
-2.3132784645669289
0
LINE
8
F.Silkscreen
6
CONTINUOUS
10
3.9277312204724408
20
-2.3132784645669289
11
3.9277311811023621
21
-2.3132784645669289
0
LINE
8
F.Silkscreen
6
CONTINUOUS
10
3.9277311811023621
20
-2.3132784645669289
11
3.9274064173228345
21
-2.3131439370078741
0
LINE
8
F.Silkscreen
6
CONTINUOUS
10
3.9274064173228345
20
-2.3131439370078741
11
3.926622440944882
21
-2.3128192125984253
0
LINE
8
F.Silkscreen
6
CONTINUOUS
10
3.926622440944882
20
-2.3128192125984253
11
3.9257738188976377
21
-2.3119705905511809
0
LINE
8
F.Silkscreen
6
CONTINUOUS
10
3.9257738188976377
20
-2.3119705905511809
11
3.9253145669291336
21
-2.3108618110236221
0
LINE
8
F.Silkscreen
6
CONTINUOUS
10
3.9253145669291336
20
-2.3108618110236221
11
3.9253145669291336
21
-2.3096617322834647
0
LINE
8
F.Silkscreen
6
CONTINUOUS
10
3.9253145669291336
20
-2.3096617322834647
11
3.9253288976377951
21
-2.3096271653543305
0
LINE
8
F.Silkscreen
6
CONTINUOUS
10
3.9253288976377951
20
-2.3096271653543305
11
3.92544905511811
21
-2.3093369291338584
0
LINE
8
F.Silkscreen
6
CONTINUOUS
10
3.92544905511811
20
-2.3093369291338584
11
3.9257738188976377
21
-2.3085529527559054
0
LINE
8
F.Silkscreen
6
CONTINUOUS
10
3.9257738188976377
20
-2.3085529527559054
11
3.9257740157480314
21
-2.3085527165354329
0
LINE
8
F.Silkscreen
6
CONTINUOUS
10
3.9257740157480314
20
-2.3085527165354329
11
3.9261563385826772
21
-2.3080868503937007
0
LINE
8
F.Silkscreen
6
CONTINUOUS
10
3.9261563385826772
20
-2.3080868503937007
11
3.9537644094488189
21
-2.280478779527559
0
LINE
8
F.Silkscreen
6
CONTINUOUS
10
3.9537644094488189
20
-2.280478779527559
11
3.9557203937007874
21
-2.2746107874015746
0
LINE
8
F.Silkscreen
6
CONTINUOUS
10
3.9557203937007874
20
-2.2746107874015746
11
3.9557203937007874
21
-2.2711490551181104
0
LINE
8
F.Silkscreen
6
CONTINUOUS
10
3.9557203937007874
20
-2.2711490551181104
11
3.9539248818897637
21
-2.2675580708661416
0
LINE
8
F.Silkscreen
6
CONTINUOUS
10
3.9539248818897637
20
-2.2675580708661416
11
3.9522872440944883
21
-2.2659204330708662
0
LINE
8
F.Silkscreen
6
CONTINUOUS
10
3.9522872440944883
20
-2.2659204330708662
11
3.9486962598425195
21
-2.2641249606299212
0
LINE
8
F.Silkscreen
6
CONTINUOUS
10
3.9486962598425195
20
-2.2641249606299212
11
3.938431181102362
21
-2.2641249606299212
0
LINE
8
F.Silkscreen
6
CONTINUOUS
10
3.938431181102362
20
-2.2641249606299212
11
3.9348401181102362
21
-2.265920472440945
0
LINE
8
F.Silkscreen
6
CONTINUOUS
10
3.9348401181102362
20
-2.265920472440945
11
3.9328496456692914
21
-2.2679110236220472
0
LINE
8
F.Silkscreen
6
CONTINUOUS
10
3.9328496456692914
20
-2.2679110236220472
11
3.9323835433070866
21
-2.268293503937008
0
LINE
8
F.Silkscreen
6
CONTINUOUS
10
3.9323835433070866
20
-2.268293503937008
11
3.9312748031496061
21
-2.2687527952755904
0
LINE
8
F.Silkscreen
6
CONTINUOUS
10
3.9312748031496061
20
-2.2687527952755904
11
3.9300746456692912
21
-2.2687527952755904
0
LINE
8
F.Silkscreen
6
CONTINUOUS
10
3.9300746456692912
20
-2.2687527952755904
11
3.9289659055118111
21
-2.268293503937008
0
LINE
8
F.Silkscreen
6
CONTINUOUS
10
3.9289659055118111
20
-2.268293503937008
11
3.9281173228346455
21
-2.2674449212598424
0
LINE
8
F.Silkscreen
6
CONTINUOUS
10
3.9281173228346455
20
-2.2674449212598424
11
3.9276580314960627
21
-2.2663361811023623
0
LINE
8
F.Silkscreen
6
CONTINUOUS
10
3.9276580314960627
20
-2.2663361811023623
11
3.9276580314960627
21
-2.265136023622047
0
LINE
8
F.Silkscreen
6
CONTINUOUS
10
3.9276580314960627
20
-2.265136023622047
11
3.9281173228346455
21
-2.2640272834645669
0
LINE
8
F.Silkscreen
6
CONTINUOUS
10
3.9281173228346455
20
-2.2640272834645669
11
3.9284998031496063
21
-2.2635611811023622
0
LINE
8
F.Silkscreen
6
CONTINUOUS
10
3.9284998031496063
20
-2.2635611811023622
11
3.9308433070866142
21
-2.261217716535433
0
LINE
8
F.Silkscreen
6
CONTINUOUS
10
3.9308433070866142
20
-2.261217716535433
11
3.9310792519685038
21
-2.2610240157480312
0
LINE
8
F.Silkscreen
6
CONTINUOUS
10
3.9310792519685038
20
-2.2610240157480312
11
3.931132401574803
21
-2.2609627952755904
0
LINE
8
F.Silkscreen
6
CONTINUOUS
10
3.931132401574803
20
-2.2609627952755904
11
3.9312246850393699
21
-2.2609046850393701
0
LINE
8
F.Silkscreen
6
CONTINUOUS
10
3.9312246850393699
20
-2.2609046850393701
11
3.9313093700787403
21
-2.2608351968503935
0
LINE
8
F.Silkscreen
6
CONTINUOUS
10
3.9313093700787403
20
-2.2608351968503935
11
3.9313845275590551
21
-2.2608040551181103
0
LINE
8
F.Silkscreen
6
CONTINUOUS
10
3.9313845275590551
20
-2.2608040551181103
11
3.9316426377952753
21
-2.2606415748031496
0
LINE
8
F.Silkscreen
6
CONTINUOUS
10
3.9316426377952753
20
-2.2606415748031496
11
3.9363295275590549
21
-2.2582981102362205
0
LINE
8
F.Silkscreen
6
CONTINUOUS
10
3.9363295275590549
20
-2.2582981102362205
11
3.9368926771653543
21
-2.2580825984251969
0
LINE
8
F.Silkscreen
6
CONTINUOUS
10
3.9368926771653543
20
-2.2580825984251969
11
3.9370029527559054
21
-2.2580747244094486
0
LINE
8
F.Silkscreen
6
CONTINUOUS
10
3.9370029527559054
20
-2.2580747244094486
11
3.9371050393700786
21
-2.2580324803149607
0
LINE
8
F.Silkscreen
6
CONTINUOUS
10
3.9371050393700786
20
-2.2580324803149607
11
3.9377050787401573
21
-2.2579733858267717
0
LINE
8
F.Silkscreen
6
CONTINUOUS
10
3.9377050787401573
20
-2.2579733858267717
11
3.9494223622047242
21
-2.2579733858267717
0
LINE
8
F.Silkscreen
6
CONTINUOUS
10
3.9494223622047242
20
-2.2579733858267717
11
3.9500224015748029
21
-2.2580324803149607
0
LINE
8
F.Silkscreen
6
CONTINUOUS
10
3.915552992125984
20
-2.258253503937008
11
3.9165252755905513
21
-2.2589570472440945
0
LINE
8
F.Silkscreen
6
CONTINUOUS
10
3.9165252755905513
20
-2.2589570472440945
11
3.9171542519685039
21
-2.2599791732283463
0
LINE
8
F.Silkscreen
6
CONTINUOUS
10
3.9171542519685039
20
-2.2599791732283463
11
3.917344212598425
21
-2.2611641732283463
0
LINE
8
F.Silkscreen
6
CONTINUOUS
10
3.917344212598425
20
-2.2611641732283463
11
3.9172627165354328
21
-2.2617615748031494
0
LINE
8
F.Silkscreen
6
CONTINUOUS
10
3.9172627165354328
20
-2.2617615748031494
11
3.9055453543307084
21
-2.3109741732283462
0
LINE
8
F.Silkscreen
6
CONTINUOUS
10
3.9055453543307084
20
-2.3109741732283462
11
3.9054744094488187
21
-2.3111799212598423
0
LINE
8
F.Silkscreen
6
CONTINUOUS
10
3.9054744094488187
20
-2.3111799212598423
11
3.9054646062992124
21
-2.3112539370078742
0
LINE
8
F.Silkscreen
6
CONTINUOUS
10
3.9054646062992124
20
-2.3112539370078742
11
3.9054258661417323
21
-2.3113207874015749
0
LINE
8
F.Silkscreen
6
CONTINUOUS
10
3.9054258661417323
20
-2.3113207874015749
11
3.9053488976377952
21
-2.3115442125984251
0
LINE
8
F.Silkscreen
6
CONTINUOUS
10
3.9053488976377952
20
-2.3115442125984251
11
3.9050871259842519
21
-2.3119059448818895
0
LINE
8
F.Silkscreen
6
CONTINUOUS
10
3.9050871259842519
20
-2.3119059448818895
11
3.9048633070866141
21
-2.312292559055118
0
LINE
8
F.Silkscreen
6
CONTINUOUS
10
3.9048633070866141
20
-2.312292559055118
11
3.9047378740157481
21
-2.3123885433070868
0
LINE
8
F.Silkscreen
6
CONTINUOUS
10
3.9047378740157481
20
-2.3123885433070868
11
3.9046453149606299
21
-2.312516496062992
0
LINE
8
F.Silkscreen
6
CONTINUOUS
10
3.9046453149606299
20
-2.312516496062992
11
3.9042648818897638
21
-2.3127505905511812
0
LINE
8
F.Silkscreen
6
CONTINUOUS
10
3.9042648818897638
20
-2.3127505905511812
11
3.9039103149606298
21
-2.3130220078740158
0
LINE
8
F.Silkscreen
6
CONTINUOUS
10
3.9039103149606298
20
-2.3130220078740158
11
3.9037577165354329
21
-2.3130626771653544
0
LINE
8
F.Silkscreen
6
CONTINUOUS
10
3.9037577165354329
20
-2.3130626771653544
11
3.9036232283464565
21
-2.313145472440945
0
LINE
8
F.Silkscreen
6
CONTINUOUS
10
3.9036232283464565
20
-2.313145472440945
11
3.9031822834645666
21
-2.3132161023622047
0
LINE
8
F.Silkscreen
6
CONTINUOUS
10
3.9031822834645666
20
-2.3132161023622047
11
3.902750748031496
21
-2.313331220472441
0
LINE
8
F.Silkscreen
6
CONTINUOUS
10
3.902750748031496
20
-2.313331220472441
11
3.9025940944881889
21
-2.3133103937007875
0
LINE
8
F.Silkscreen
6
CONTINUOUS
10
3.9025940944881889
20
-2.3133103937007875
11
3.9024382283464565
21
-2.3133353937007874
0
LINE
8
F.Silkscreen
6
CONTINUOUS
10
3.9024382283464565
20
-2.3133353937007874
11
3.9020038976377953
21
-2.3132319685039371
0
LINE
8
F.Silkscreen
6
CONTINUOUS
10
3.9020038976377953
20
-2.3132319685039371
11
3.9015610629921258
21
-2.3131731496062993
0
LINE
8
F.Silkscreen
6
CONTINUOUS
10
3.9015610629921258
20
-2.3131731496062993
11
3.9014243307086613
21
-2.3130939763779526
0
LINE
8
F.Silkscreen
6
CONTINUOUS
10
3.9014243307086613
20
-2.3130939763779526
11
3.9012707874015748
21
-2.3130574409448816
0
LINE
8
F.Silkscreen
6
CONTINUOUS
10
3.9012707874015748
20
-2.3130574409448816
11
3.9009090157480313
21
-2.3127956692913387
0
LINE
8
F.Silkscreen
6
CONTINUOUS
10
3.9009090157480313
20
-2.3127956692913387
11
3.900522440944882
21
-2.3125718503937009
0
LINE
8
F.Silkscreen
6
CONTINUOUS
10
3.900522440944882
20
-2.3125718503937009
11
3.9004264173228345
21
-2.3124464173228345
0
LINE
8
F.Silkscreen
6
CONTINUOUS
10
3.9004264173228345
20
-2.3124464173228345
11
3.9002985039370079
21
-2.3123538582677163
0
LINE
8
F.Silkscreen
6
CONTINUOUS
10
3.9002985039370079
20
-2.3123538582677163
11
3.9000643700787401
21
-2.3119734251968502
0
LINE
8
F.Silkscreen
6
CONTINUOUS
10
3.9000643700787401
20
-2.3119734251968502
11
3.8997929921259842
21
-2.3116188582677166
0
LINE
8
F.Silkscreen
6
CONTINUOUS
10
3.8997929921259842
20
-2.3116188582677166
11
3.8997099999999998
21
-2.3113975590551181
0
LINE
8
F.Silkscreen
6
CONTINUOUS
10
3.8997099999999998
20
-2.3113975590551181
11
3.8996695275590549
21
-2.3113317716535433
0
LINE
8
F.Silkscreen
6
CONTINUOUS
10
3.8996695275590549
20
-2.3113317716535433
11
3.8996577165354331
21
-2.3112580708661419
0
LINE
8
F.Silkscreen
6
CONTINUOUS
10
3.8996577165354331
20
-2.3112580708661419
11
3.8995812992125982
21
-2.3110542913385825
0
LINE
8
F.Silkscreen
6
CONTINUOUS
10
3.8995812992125982
20
-2.3110542913385825
11
3.8931794094488188
21
-2.2870471653543305
0
LINE
8
F.Silkscreen
6
CONTINUOUS
10
3.8931794094488188
20
-2.2870471653543305
11
3.8867775196850394
21
-2.3110542913385825
0
LINE
8
F.Silkscreen
6
CONTINUOUS
10
3.8867775196850394
20
-2.3110542913385825
11
3.8867010629921257
21
-2.3112581102362206
0
LINE
8
F.Silkscreen
6
CONTINUOUS
10
3.8867010629921257
20
-2.3112581102362206
11
3.8866892913385827
21
-2.3113317322834646
0
LINE
8
F.Silkscreen
6
CONTINUOUS
10
3.8866892913385827
20
-2.3113317322834646
11
3.8866488188976378
21
-2.3113974409448819
0
LINE
8
F.Silkscreen
6
CONTINUOUS
10
3.8866488188976378
20
-2.3113974409448819
11
3.8865658267716534
21
-2.3116188582677166
0
LINE
8
F.Silkscreen
6
CONTINUOUS
10
3.8865658267716534
20
-2.3116188582677166
11
3.886294212598425
21
-2.3119736614173227
0
LINE
8
F.Silkscreen
6
CONTINUOUS
10
3.886294212598425
20
-2.3119736614173227
11
3.8860602755905509
21
-2.3123538582677163
0
LINE
8
F.Silkscreen
6
CONTINUOUS
10
3.8860602755905509
20
-2.3123538582677163
11
3.8859324015748031
21
-2.3124463779527558
0
LINE
8
F.Silkscreen
6
CONTINUOUS
10
3.8859324015748031
20
-2.3124463779527558
11
3.8858363779527556
21
-2.3125718503937009
0
LINE
8
F.Silkscreen
6
CONTINUOUS
10
3.8858363779527556
20
-2.3125718503937009
11
3.88544968503937
21
-2.3127957086614175
0
LINE
8
F.Silkscreen
6
CONTINUOUS
10
3.88544968503937
20
-2.3127957086614175
11
3.8850880314960627
21
-2.3130574409448816
0
LINE
8
F.Silkscreen
6
CONTINUOUS
10
3.8850880314960627
20
-2.3130574409448816
11
3.8849344488188975
21
-2.3130939763779526
0
LINE
8
F.Silkscreen
6
CONTINUOUS
10
3.8849344488188975
20
-2.3130939763779526
11
3.8847977559055118
21
-2.3131731496062993
0
LINE
8
F.Silkscreen
6
CONTINUOUS
10
3.8847977559055118
20
-2.3131731496062993
11
3.8843548818897635
21
-2.3132319685039371
0
LINE
8
F.Silkscreen
6
CONTINUOUS
10
3.8843548818897635
20
-2.3132319685039371
11
3.8839205905511811
21
-2.3133353937007874
0
LINE
8
F.Silkscreen
6
CONTINUOUS
10
3.8839205905511811
20
-2.3133353937007874
11
3.8837646850393699
21
-2.3133103937007875
0
LINE
8
F.Silkscreen
6
CONTINUOUS
10
3.8837646850393699
20
-2.3133103937007875
11
3.8836080708661416
21
-2.313331220472441
0
LINE
8
F.Silkscreen
6
CONTINUOUS
10
3.8836080708661416
20
-2.313331220472441
11
3.8831762598425197
21
-2.3132160629921259
0
LINE
8
F.Silkscreen
6
CONTINUOUS
10
3.8831762598425197
20
-2.3132160629921259
11
3.8827355905511811
21
-2.3131454330708663
0
LINE
8
F.Silkscreen
6
CONTINUOUS
10
3.8827355905511811
20
-2.3131454330708663
11
3.8826011811023622
21
-2.3130627165354332
0
LINE
8
F.Silkscreen
6
CONTINUOUS
10
3.8826011811023622
20
-2.3130627165354332
11
3.8824485039370078
21
-2.3130220078740158
0
LINE
8
F.Silkscreen
6
CONTINUOUS
10
3.8824485039370078
20
-2.3130220078740158
11
3.8820936220472442
21
-2.3127503937007874
0
LINE
8
F.Silkscreen
6
CONTINUOUS
10
3.8820936220472442
20
-2.3127503937007874
11
3.8817135039370076
21
-2.3125164566929133
0
LINE
8
F.Silkscreen
6
CONTINUOUS
10
3.8817135039370076
20
-2.3125164566929133
11
3.8816209448818895
21
-2.3123885826771655
0
LINE
8
F.Silkscreen
6
CONTINUOUS
10
3.8816209448818895
20
-2.3123885826771655
11
3.8814955118110235
21
-2.312292559055118
0
LINE
8
F.Silkscreen
6
CONTINUOUS
10
3.8814955118110235
20
-2.312292559055118
11
3.8812716141732282
21
-2.3119058661417324
0
LINE
8
F.Silkscreen
6
CONTINUOUS
10
3.8812716141732282
20
-2.3119058661417324
11
3.8810099212598423
21
-2.3115442125984251
0
LINE
8
F.Silkscreen
6
CONTINUOUS
10
3.8810099212598423
20
-2.3115442125984251
11
3.8809328740157478
21
-2.3113207086614174
0
LINE
8
F.Silkscreen
6
CONTINUOUS
10
3.8809328740157478
20
-2.3113207086614174
11
3.8808942125984252
21
-2.3112539370078742
0
LINE
8
F.Silkscreen
6
CONTINUOUS
10
3.8808942125984252
20
-2.3112539370078742
11
3.8808843700787401
21
-2.3111800393700785
0
LINE
8
F.Silkscreen
6
CONTINUOUS
10
3.8808843700787401
20
-2.3111800393700785
11
3.8808134251968505
21
-2.3109741732283462
0
LINE
8
F.Silkscreen
6
CONTINUOUS
10
3.8808134251968505
20
-2.3109741732283462
11
3.8690961811023623
21
-2.2617615748031494
0
LINE
8
F.Silkscreen
6
CONTINUOUS
10
3.8690961811023623
20
-2.2617615748031494
11
3.8690146850393701
21
-2.2611641732283463
0
LINE
8
F.Silkscreen
6
CONTINUOUS
10
3.8690146850393701
20
-2.2611641732283463
11
3.8692046062992125
21
-2.2599791732283463
0
LINE
8
F.Silkscreen
6
CONTINUOUS
10
3.8692046062992125
20
-2.2599791732283463
11
3.8698335826771655
21
-2.2589570866141733
0
LINE
8
F.Silkscreen
6
CONTINUOUS
10
3.8698335826771655
20
-2.2589570866141733
11
3.8708058661417324
21
-2.258253503937008
0
LINE
8
F.Silkscreen
6
CONTINUOUS
10
3.8708058661417324
20
-2.258253503937008
11
3.871973307086614
21
-2.2579755511811022
0
LINE
8
F.Silkscreen
6
CONTINUOUS
10
3.871973307086614
20
-2.2579755511811022
11
3.873158307086614
21
-2.258165472440945
0
LINE
8
F.Silkscreen
6
CONTINUOUS
10
3.873158307086614
20
-2.258165472440945
11
3.8741803937007875
21
-2.2587944488188976
0
LINE
8
F.Silkscreen
6
CONTINUOUS
10
3.8741803937007875
20
-2.2587944488188976
11
3.8748839763779528
21
-2.2597667322834645
0
LINE
8
F.Silkscreen
6
CONTINUOUS
10
3.8748839763779528
20
-2.2597667322834645
11
3.8750804330708659
21
-2.2603367716535434
0
LINE
8
F.Silkscreen
6
CONTINUOUS
10
3.8750804330708659
20
-2.2603367716535434
11
3.8839743700787399
21
-2.2976914173228344
0
LINE
8
F.Silkscreen
6
CONTINUOUS
10
3.8839743700787399
20
-2.2976914173228344
11
3.8902074803149604
21
-2.2743174015748031
0
LINE
8
F.Silkscreen
6
CONTINUOUS
10
3.8902074803149604
20
-2.2743174015748031
11
3.8902601574803151
21
-2.2741768503937005
0
LINE
8
F.Silkscreen
6
CONTINUOUS
10
3.8902601574803151
20
-2.2741768503937005
11
3.8902680314960629
21
-2.2741177559055119
0
LINE
8
F.Silkscreen
6
CONTINUOUS
10
3.8902680314960629
20
-2.2741177559055119
11
3.890308622047244
21
-2.2740475984251969
0
LINE
8
F.Silkscreen
6
CONTINUOUS
10
3.890308622047244
20
-2.2740475984251969
11
3.8904191732283464
21
-2.273752834645669
0
LINE
8
F.Silkscreen
6
CONTINUOUS
10
3.8904191732283464
20
-2.273752834645669
11
3.8906659448818899
21
-2.2734303937007874
0
LINE
8
F.Silkscreen
6
CONTINUOUS
10
3.8906659448818899
20
-2.2734303937007874
11
3.8908693307086613
21
-2.2730791338582677
0
LINE
8
F.Silkscreen
6
CONTINUOUS
10
3.8908693307086613
20
-2.2730791338582677
11
3.8910275196850392
21
-2.2729580314960631
0
LINE
8
F.Silkscreen
6
CONTINUOUS
10
3.8910275196850392
20
-2.2729580314960631
11
3.8911486220472442
21
-2.2727998425196851
0
LINE
8
F.Silkscreen
6
CONTINUOUS
10
3.8911486220472442
20
-2.2727998425196851
11
3.8914998818897635
21
-2.2725964566929133
0
LINE
8
F.Silkscreen
6
CONTINUOUS
10
3.8914998818897635
20
-2.2725964566929133
11
3.8918223228346456
21
-2.2723496850393698
0
LINE
8
F.Silkscreen
6
CONTINUOUS
10
3.8918223228346456
20
-2.2723496850393698
11
3.8920148425196848
21
-2.2722983070866141
0
LINE
8
F.Silkscreen
6
CONTINUOUS
10
3.8920148425196848
20
-2.2722983070866141
11
3.892187244094488
21
-2.2721985433070864
0
LINE
8
F.Silkscreen
6
CONTINUOUS
10
3.892187244094488
20
-2.2721985433070864
11
3.8925895669291339
21
-2.2721450787401576
0
LINE
8
F.Silkscreen
6
CONTINUOUS
10
3.8925895669291339
20
-2.2721450787401576
11
3.8929818897637793
21
-2.2720404724409446
0
LINE
8
F.Silkscreen
6
CONTINUOUS
10
3.8929818897637793
20
-2.2720404724409446
11
3.8931794094488188
21
-2.2720666929133859
0
LINE
8
F.Silkscreen
6
CONTINUOUS
10
3.8931794094488188
20
-2.2720666929133859
11
3.8933769291338582
21
-2.2720404724409446
0
LINE
8
F.Silkscreen
6
CONTINUOUS
10
3.8933769291338582
20
-2.2720404724409446
11
3.8937692125984249
21
-2.2721450787401576
0
LINE
8
F.Silkscreen
6
CONTINUOUS
10
3.8937692125984249
20
-2.2721450787401576
11
3.8941715748031496
21
-2.2721985433070864
0
LINE
8
F.Silkscreen
6
CONTINUOUS
10
3.8941715748031496
20
-2.2721985433070864
11
3.8943439370078741
21
-2.2722983070866141
0
LINE
8
F.Silkscreen
6
CONTINUOUS
10
3.8943439370078741
20
-2.2722983070866141
11
3.894536496062992
21
-2.2723496850393698
0
LINE
8
F.Silkscreen
6
CONTINUOUS
10
3.894536496062992
20
-2.2723496850393698
11
3.8948588976377954
21
-2.2725964566929133
0
LINE
8
F.Silkscreen
6
CONTINUOUS
10
3.8948588976377954
20
-2.2725964566929133
11
3.8952101968503938
21
-2.2727998425196851
0
LINE
8
F.Silkscreen
6
CONTINUOUS
10
3.8952101968503938
20
-2.2727998425196851
11
3.8953312598425196
21
-2.2729580314960631
0
LINE
8
F.Silkscreen
6
CONTINUOUS
10
3.8953312598425196
20
-2.2729580314960631
11
3.8954894881889763
21
-2.2730791338582677
0
LINE
8
F.Silkscreen
6
CONTINUOUS
10
3.8954894881889763
20
-2.2730791338582677
11
3.8956928346456694
21
-2.2734303937007874
0
LINE
8
F.Silkscreen
6
CONTINUOUS
10
3.8956928346456694
20
-2.2734303937007874
11
3.8959396456692912
21
-2.273752834645669
0
LINE
8
F.Silkscreen
6
CONTINUOUS
10
3.8959396456692912
20
-2.273752834645669
11
3.8960501574803148
21
-2.2740475984251969
0
LINE
8
F.Silkscreen
6
CONTINUOUS
10
3.8960501574803148
20
-2.2740475984251969
11
3.8960907874015747
21
-2.2741177559055119
0
LINE
8
F.Silkscreen
6
CONTINUOUS
10
3.8960907874015747
20
-2.2741177559055119
11
3.8960986220472442
21
-2.2741768503937005
0
LINE
8
F.Silkscreen
6
CONTINUOUS
10
3.8960986220472442
20
-2.2741768503937005
11
3.8961513385826771
21
-2.2743174015748031
0
LINE
8
F.Silkscreen
6
CONTINUOUS
10
3.8961513385826771
20
-2.2743174015748031
11
3.9023844094488189
21
-2.2976914566929132
0
LINE
8
F.Silkscreen
6
CONTINUOUS
10
3.9023844094488189
20
-2.2976914566929132
11
3.9112784251968504
21
-2.2603367322834647
0
LINE
8
F.Silkscreen
6
CONTINUOUS
10
3.9112784251968504
20
-2.2603367322834647
11
3.9114748818897636
21
-2.2597666929133857
0
LINE
8
F.Silkscreen
6
CONTINUOUS
10
3.9114748818897636
20
-2.2597666929133857
11
3.9121784645669289
21
-2.2587944488188976
0
LINE
8
F.Silkscreen
6
CONTINUOUS
10
3.9121784645669289
20
-2.2587944488188976
11
3.9132005511811023
21
-2.258165472440945
0
LINE
8
F.Silkscreen
6
CONTINUOUS
10
3.9132005511811023
20
-2.258165472440945
11
3.9143855511811023
21
-2.2579755118110234
0
LINE
8
F.Silkscreen
6
CONTINUOUS
10
3.9143855511811023
20
-2.2579755118110234
11
3.915552992125984
21
-2.258253503937008
0
LINE
8
F.Silkscreen
6
CONTINUOUS
10
5.1067772047244091
20
-2.2280324803149605
11
5.106879251968504
21
-2.2280747244094488
0
LINE
8
F.Silkscreen
6
CONTINUOUS
10
5.106879251968504
20
-2.2280747244094488
11
5.1069895669291334
21
-2.2280825984251966
0
LINE
8
F.Silkscreen
6
CONTINUOUS
10
5.1069895669291334
20
-2.2280825984251966
11
5.1075527165354329
21
-2.2282981102362203
0
LINE
8
F.Silkscreen
6
CONTINUOUS
10
5.1075527165354329
20
-2.2282981102362203
11
5.1122396456692911
21
-2.2306415748031494
0
LINE
8
F.Silkscreen
6
CONTINUOUS
10
5.1122396456692911
20
-2.2306415748031494
11
5.1124978740157481
21
-2.2308041338582676
0
LINE
8
F.Silkscreen
6
CONTINUOUS
10
5.1124978740157481
20
-2.2308041338582676
11
5.1125729527559054
21
-2.2308352362204724
0
LINE
8
F.Silkscreen
6
CONTINUOUS
10
5.1125729527559054
20
-2.2308352362204724
11
5.1126574015748032
21
-2.2309045669291336
0
LINE
8
F.Silkscreen
6
CONTINUOUS
10
5.1126574015748032
20
-2.2309045669291336
11
5.1127499212598426
21
-2.2309627952755906
0
LINE
8
F.Silkscreen
6
CONTINUOUS
10
5.1127499212598426
20
-2.2309627952755906
11
5.1128031496062993
21
-2.2310241732283465
0
LINE
8
F.Silkscreen
6
CONTINUOUS
10
5.1128031496062993
20
-2.2310241732283465
11
5.113039015748031
21
-2.231217755905512
0
LINE
8
F.Silkscreen
6
CONTINUOUS
10
5.113039015748031
20
-2.231217755905512
11
5.1177259055118105
21
-2.2359046850393702
0
LINE
8
F.Silkscreen
6
CONTINUOUS
10
5.1177259055118105
20
-2.2359046850393702
11
5.1181084251968505
21
-2.2363707480314958
0
LINE
8
F.Silkscreen
6
CONTINUOUS
10
5.1181084251968505
20
-2.2363707480314958
11
5.1181959448818892
21
-2.2365820472440943
0
LINE
8
F.Silkscreen
6
CONTINUOUS
10
5.1181959448818892
20
-2.2365820472440943
11
5.1183320866141733
21
-2.2367657874015747
0
LINE
8
F.Silkscreen
6
CONTINUOUS
10
5.1183320866141733
20
-2.2367657874015747
11
5.1185349212598421
21
-2.2373335826771652
0
LINE
8
F.Silkscreen
6
CONTINUOUS
10
5.1185349212598421
20
-2.2373335826771652
11
5.1208783858267717
21
-2.246707401574803
0
LINE
8
F.Silkscreen
6
CONTINUOUS
10
5.1208783858267717
20
-2.246707401574803
11
5.1208937401574799
21
-2.2468113779527559
0
LINE
8
F.Silkscreen
6
CONTINUOUS
10
5.1208937401574799
20
-2.2468113779527559
11
5.1209111417322832
21
-2.2468533464566929
0
LINE
8
F.Silkscreen
6
CONTINUOUS
10
5.1209111417322832
20
-2.2468533464566929
11
5.1209333858267714
21
-2.2470792125984254
0
LINE
8
F.Silkscreen
6
CONTINUOUS
10
5.1209333858267714
20
-2.2470792125984254
11
5.120966614173228
21
-2.2473038582677165
0
LINE
8
F.Silkscreen
6
CONTINUOUS
10
5.120966614173228
20
-2.2473038582677165
11
5.1209599212598427
21
-2.2473487401574803
0
LINE
8
F.Silkscreen
6
CONTINUOUS
10
5.1209599212598427
20
-2.2473487401574803
11
5.1209702362204723
21
-2.2474533858267716
0
LINE
8
F.Silkscreen
6
CONTINUOUS
10
5.1209702362204723
20
-2.2474533858267716
11
5.1209702362204723
21
-2.2638575984251967
0
LINE
8
F.Silkscreen
6
CONTINUOUS
10
5.1209702362204723
20
-2.2638575984251967
11
5.1209599212598427
21
-2.2639622047244092
0
LINE
8
F.Silkscreen
6
CONTINUOUS
10
5.1209599212598427
20
-2.2639622047244092
11
5.120966614173228
21
-2.2640071259842518
0
LINE
8
F.Silkscreen
6
CONTINUOUS
10
5.120966614173228
20
-2.2640071259842518
11
5.1209333858267714
21
-2.2642317322834646
0
LINE
8
F.Silkscreen
6
CONTINUOUS
10
5.1209333858267714
20
-2.2642317322834646
11
5.1209111417322832
21
-2.2644576377952754
0
LINE
8
F.Silkscreen
6
CONTINUOUS
10
5.1209111417322832
20
-2.2644576377952754
11
5.1208937401574799
21
-2.2644995669291337
0
LINE
8
F.Silkscreen
6
CONTINUOUS
10
5.1208937401574799
20
-2.2644995669291337
11
5.1208783858267717
21
-2.2646035826771653
0
LINE
8
F.Silkscreen
6
CONTINUOUS
10
5.1208783858267717
20
-2.2646035826771653
11
5.1185349212598421
21
-2.2739774015748031
0
LINE
8
F.Silkscreen
6
CONTINUOUS
10
5.1185349212598421
20
-2.2739774015748031
11
5.1183320866141733
21
-2.2745451968503936
0
LINE
8
F.Silkscreen
6
CONTINUOUS
10
5.1183320866141733
20
-2.2745451968503936
11
5.1181959448818892
21
-2.2747288976377953
0
LINE
8
F.Silkscreen
6
CONTINUOUS
10
5.1181959448818892
20
-2.2747288976377953
11
5.1181084251968505
21
-2.2749402362204725
0
LINE
8
F.Silkscreen
6
CONTINUOUS
10
5.1181084251968505
20
-2.2749402362204725
11
5.1177259055118105
21
-2.2754062992125985
0
LINE
8
F.Silkscreen
6
CONTINUOUS
10
5.1177259055118105
20
-2.2754062992125985
11
5.113039015748031
21
-2.2800932283464568
0
LINE
8
F.Silkscreen
6
CONTINUOUS
10
5.113039015748031
20
-2.2800932283464568
11
5.1128031102362206
21
-2.2802868110236219
0
LINE
8
F.Silkscreen
6
CONTINUOUS
10
5.1128031102362206
20
-2.2802868110236219
11
5.1127498818897639
21
-2.2803482283464565
0
LINE
8
F.Silkscreen
6
CONTINUOUS
10
5.1127498818897639
20
-2.2803482283464565
11
5.1126573622047244
21
-2.2804064173228347
0
LINE
8
F.Silkscreen
6
CONTINUOUS
10
5.1126573622047244
20
-2.2804064173228347
11
5.1125729527559054
21
-2.2804757480314959
0
LINE
8
F.Silkscreen
6
CONTINUOUS
10
5.1125729527559054
20
-2.2804757480314959
11
5.1124978740157481
21
-2.280506811023622
0
LINE
8
F.Silkscreen
6
CONTINUOUS
10
5.1124978740157481
20
-2.280506811023622
11
5.1122396062992124
21
-2.2806694094488189
0
LINE
8
F.Silkscreen
6
CONTINUOUS
10
5.1122396062992124
20
-2.2806694094488189
11
5.1075526771653541
21
-2.2830128346456693
0
LINE
8
F.Silkscreen
6
CONTINUOUS
10
5.1075526771653541
20
-2.2830128346456693
11
5.1069895669291334
21
-2.2832283464566929
0
LINE
8
F.Silkscreen
6
CONTINUOUS
10
5.1069895669291334
20
-2.2832283464566929
11
5.106879251968504
21
-2.283236181102362
0
LINE
8
F.Silkscreen
6
CONTINUOUS
10
5.106879251968504
20
-2.283236181102362
11
5.1067772047244091
21
-2.2832784645669291
0
LINE
8
F.Silkscreen
6
CONTINUOUS
10
5.1067772047244091
20
-2.2832784645669291
11
5.1061771653543309
21
-2.2833375590551181
0
LINE
8
F.Silkscreen
6
CONTINUOUS
10
5.1061771653543309
20
-2.2833375590551181
11
5.0968033464566931
21
-2.2833375590551181
0
LINE
8
F.Silkscreen
6
CONTINUOUS
10
5.0968033464566931
20
-2.2833375590551181
11
5.096203307086614
21
-2.2832784645669291
0
LINE
8
F.Silkscreen
6
CONTINUOUS
10
5.096203307086614
20
-2.2832784645669291
11
5.0961012204724412
21
-2.283236181102362
0
LINE
8
F.Silkscreen
6
CONTINUOUS
10
5.0961012204724412
20
-2.283236181102362
11
5.0959909448818896
21
-2.2832283464566929
0
LINE
8
F.Silkscreen
6
CONTINUOUS
10
5.0959909448818896
20
-2.2832283464566929
11
5.095427834645669
21
-2.2830128346456693
0
LINE
8
F.Silkscreen
6
CONTINUOUS
10
5.095427834645669
20
-2.2830128346456693
11
5.0907409055118107
21
-2.2806694094488189
0
LINE
8
F.Silkscreen
6
CONTINUOUS
10
5.0907409055118107
20
-2.2806694094488189
11
5.0904825590551184
21
-2.2805067716535432
0
LINE
8
F.Silkscreen
6
CONTINUOUS
10
5.0904825590551184
20
-2.2805067716535432
11
5.0904075984251964
21
-2.2804757480314959
0
LINE
8
F.Silkscreen
6
CONTINUOUS
10
5.0904075984251964
20
-2.2804757480314959
11
5.0903231889763783
21
-2.2804064960629922
0
LINE
8
F.Silkscreen
6
CONTINUOUS
10
5.0903231889763783
20
-2.2804064960629922
11
5.0902306299212601
21
-2.2803482283464565
0
LINE
8
F.Silkscreen
6
CONTINUOUS
10
5.0902306299212601
20
-2.2803482283464565
11
5.0901773622047246
21
-2.2802868110236219
0
LINE
8
F.Silkscreen
6
CONTINUOUS
10
5.0901773622047246
20
-2.2802868110236219
11
5.0899414960629921
21
-2.2800932677165355
0
LINE
8
F.Silkscreen
6
CONTINUOUS
10
5.0899414960629921
20
-2.2800932677165355
11
5.0852546062992126
21
-2.2754062992125985
0
LINE
8
F.Silkscreen
6
CONTINUOUS
10
5.0852546062992126
20
-2.2754062992125985
11
5.0848720866141734
21
-2.2749402362204725
0
LINE
8
F.Silkscreen
6
CONTINUOUS
10
5.0848720866141734
20
-2.2749402362204725
11
5.0847845669291338
21
-2.274728937007874
0
LINE
8
F.Silkscreen
6
CONTINUOUS
10
5.0847845669291338
20
-2.274728937007874
11
5.0846484251968507
21
-2.2745451968503936
0
LINE
8
F.Silkscreen
6
CONTINUOUS
10
5.0846484251968507
20
-2.2745451968503936
11
5.0844455905511809
21
-2.2739774015748031
0
LINE
8
F.Silkscreen
6
CONTINUOUS
10
5.0844455905511809
20
-2.2739774015748031
11
5.0821021259842523
21
-2.2646035826771653
0
LINE
8
F.Silkscreen
6
CONTINUOUS
10
5.0821021259842523
20
-2.2646035826771653
11
5.0820867322834644
21
-2.2644995669291337
0
LINE
8
F.Silkscreen
6
CONTINUOUS
10
5.0820867322834644
20
-2.2644995669291337
11
5.0820693700787398
21
-2.2644576377952754
0
LINE
8
F.Silkscreen
6
CONTINUOUS
10
5.0820693700787398
20
-2.2644576377952754
11
5.0820470866141729
21
-2.2642317322834646
0
LINE
8
F.Silkscreen
6
CONTINUOUS
10
5.0820470866141729
20
-2.2642317322834646
11
5.0820138976377951
21
-2.2640071259842518
0
LINE
8
F.Silkscreen
6
CONTINUOUS
10
5.0820138976377951
20
-2.2640071259842518
11
5.0820205511811025
21
-2.2639622047244092
0
LINE
8
F.Silkscreen
6
CONTINUOUS
10
5.0820205511811025
20
-2.2639622047244092
11
5.0820102755905507
21
-2.2638575984251967
0
LINE
8
F.Silkscreen
6
CONTINUOUS
10
5.0820102755905507
20
-2.2638575984251967
11
5.0820102755905507
21
-2.2474533858267716
0
LINE
8
F.Silkscreen
6
CONTINUOUS
10
5.0820102755905507
20
-2.2474533858267716
11
5.0820205511811025
21
-2.2473487401574803
0
LINE
8
F.Silkscreen
6
CONTINUOUS
10
5.0820205511811025
20
-2.2473487401574803
11
5.0820138976377951
21
-2.2473038582677165
0
LINE
8
F.Silkscreen
6
CONTINUOUS
10
5.0820138976377951
20
-2.2473038582677165
11
5.0820470866141729
21
-2.2470792125984254
0
LINE
8
F.Silkscreen
6
CONTINUOUS
10
5.0820470866141729
20
-2.2470792125984254
11
5.0820693700787398
21
-2.2468533464566929
0
LINE
8
F.Silkscreen
6
CONTINUOUS
10
5.0820693700787398
20
-2.2468533464566929
11
5.0820867322834644
21
-2.2468113779527559
0
LINE
8
F.Silkscreen
6
CONTINUOUS
10
5.0820867322834644
20
-2.2468113779527559
11
5.0821021259842523
21
-2.246707401574803
0
LINE
8
F.Silkscreen
6
CONTINUOUS
10
5.0821021259842523
20
-2.246707401574803
11
5.0844455905511809
21
-2.2373335826771652
0
LINE
8
F.Silkscreen
6
CONTINUOUS
10
5.0844455905511809
20
-2.2373335826771652
11
5.0846484251968507
21
-2.2367657874015747
0
LINE
8
F.Silkscreen
6
CONTINUOUS
10
5.0846484251968507
20
-2.2367657874015747
11
5.0847845669291338
21
-2.2365820078740155
0
LINE
8
F.Silkscreen
6
CONTINUOUS
10
5.0847845669291338
20
-2.2365820078740155
11
5.0848720866141734
21
-2.2363707480314958
0
LINE
8
F.Silkscreen
6
CONTINUOUS
10
5.0848720866141734
20
-2.2363707480314958
11
5.0852546062992126
21
-2.2359046850393702
0
LINE
8
F.Silkscreen
6
CONTINUOUS
10
5.0852546062992126
20
-2.2359046850393702
11
5.0899414960629921
21
-2.2312177165354332
0
LINE
8
F.Silkscreen
6
CONTINUOUS
10
5.0899414960629921
20
-2.2312177165354332
11
5.0901773622047246
21
-2.2310241338582677
0
LINE
8
F.Silkscreen
6
CONTINUOUS
10
5.0901773622047246
20
-2.2310241338582677
11
5.0902306299212601
21
-2.2309627559055119
0
LINE
8
F.Silkscreen
6
CONTINUOUS
10
5.0902306299212601
20
-2.2309627559055119
11
5.090323228346457
21
-2.2309044488188974
0
LINE
8
F.Silkscreen
6
CONTINUOUS
10
5.090323228346457
20
-2.2309044488188974
11
5.0904075984251964
21
-2.2308352362204724
0
LINE
8
F.Silkscreen
6
CONTINUOUS
10
5.0904075984251964
20
-2.2308352362204724
11
5.0904824803149609
21
-2.2308041732283463
0
LINE
8
F.Silkscreen
6
CONTINUOUS
10
5.0904824803149609
20
-2.2308041732283463
11
5.0907408661417319
21
-2.2306415748031494
0
LINE
8
F.Silkscreen
6
CONTINUOUS
10
5.0907408661417319
20
-2.2306415748031494
11
5.095427834645669
21
-2.2282981102362203
0
LINE
8
F.Silkscreen
6
CONTINUOUS
10
5.095427834645669
20
-2.2282981102362203
11
5.0959909448818896
21
-2.2280825984251966
0
LINE
8
F.Silkscreen
6
CONTINUOUS
10
5.0959909448818896
20
-2.2280825984251966
11
5.0961012204724412
21
-2.2280747244094488
0
LINE
8
F.Silkscreen
6
CONTINUOUS
10
5.0961012204724412
20
-2.2280747244094488
11
5.096203307086614
21
-2.2280324803149605
0
LINE
8
F.Silkscreen
6
CONTINUOUS
10
5.096203307086614
20
-2.2280324803149605
11
5.0968033464566931
21
-2.2279733858267714
0
LINE
8
F.Silkscreen
6
CONTINUOUS
10
5.0968033464566931
20
-2.2279733858267714
11
5.1061771653543309
21
-2.2279733858267714
0
LINE
8
F.Silkscreen
6
CONTINUOUS
10
5.1061771653543309
20
-2.2279733858267714
11
5.1067772047244091
21
-2.2280324803149605
0
LINE
8
F.Silkscreen
6
CONTINUOUS
10
5.0939383464566932
20
-2.2359204724409447
11
5.0902068110236218
21
-2.2396520472440944
0
LINE
8
F.Silkscreen
6
CONTINUOUS
10
5.0902068110236218
20
-2.2396520472440944
11
5.0881618503937007
21
-2.2478319685039367
0
LINE
8
F.Silkscreen
6
CONTINUOUS
10
5.0881618503937007
20
-2.2478319685039367
11
5.0881618503937007
21
-2.2634789763779528
0
LINE
8
F.Silkscreen
6
CONTINUOUS
10
5.0881618503937007
20
-2.2634789763779528
11
5.0902068110236218
21
-2.2716588976377952
0
LINE
8
F.Silkscreen
6
CONTINUOUS
10
5.0902068110236218
20
-2.2716588976377952
11
5.0939383464566932
21
-2.2753904724409448
0
LINE
8
F.Silkscreen
6
CONTINUOUS
10
5.0939383464566932
20
-2.2753904724409448
11
5.0975294094488186
21
-2.2771859842519686
0
LINE
8
F.Silkscreen
6
CONTINUOUS
10
5.0975294094488186
20
-2.2771859842519686
11
5.1054511023622045
21
-2.2771859842519686
0
LINE
8
F.Silkscreen
6
CONTINUOUS
10
5.1054511023622045
20
-2.2771859842519686
11
5.1090420866141733
21
-2.2753904724409448
0
LINE
8
F.Silkscreen
6
CONTINUOUS
10
5.1090420866141733
20
-2.2753904724409448
11
5.1127736614173225
21
-2.2716588582677164
0
LINE
8
F.Silkscreen
6
CONTINUOUS
10
5.1127736614173225
20
-2.2716588582677164
11
5.1148186614173223
21
-2.2634789763779528
0
LINE
8
F.Silkscreen
6
CONTINUOUS
10
5.1148186614173223
20
-2.2634789763779528
11
5.1148186614173223
21
-2.2478319685039367
0
LINE
8
F.Silkscreen
6
CONTINUOUS
10
5.1148186614173223
20
-2.2478319685039367
11
5.1127736614173225
21
-2.2396520866141731
0
LINE
8
F.Silkscreen
6
CONTINUOUS
10
5.1127736614173225
20
-2.2396520866141731
11
5.1090420866141733
21
-2.235920433070866
0
LINE
8
F.Silkscreen
6
CONTINUOUS
10
5.1090420866141733
20
-2.235920433070866
11
5.1054510629921257
21
-2.2341249606299214
0
LINE
8
F.Silkscreen
6
CONTINUOUS
10
5.1054510629921257
20
-2.2341249606299214
11
5.0975294488188974
21
-2.2341249606299214
0
LINE
8
F.Silkscreen
6
CONTINUOUS
10
5.0975294488188974
20
-2.2341249606299214
11
5.0939383464566932
21
-2.2359204724409447
0
LINE
8
F.Silkscreen
6
CONTINUOUS
10
5.1406944094488187
20
-2.2284917322834645
11
5.1415430314960631
21
-2.2293403543307084
0
LINE
8
F.Silkscreen
6
CONTINUOUS
10
5.1415430314960631
20
-2.2293403543307084
11
5.1420022834645671
21
-2.2304491338582677
0
LINE
8
F.Silkscreen
6
CONTINUOUS
10
5.1420022834645671
20
-2.2304491338582677
11
5.1420613779527562
21
-2.2310491732283464
0
LINE
8
F.Silkscreen
6
CONTINUOUS
10
5.1420613779527562
20
-2.2310491732283464
11
5.1420613779527562
21
-2.2701618897637794
0
LINE
8
F.Silkscreen
6
CONTINUOUS
10
5.1420613779527562
20
-2.2701618897637794
11
5.143856811023622
21
-2.273752834645669
0
LINE
8
F.Silkscreen
6
CONTINUOUS
10
5.143856811023622
20
-2.273752834645669
11
5.1454944488188978
21
-2.2753904724409448
0
LINE
8
F.Silkscreen
6
CONTINUOUS
10
5.1454944488188978
20
-2.2753904724409448
11
5.1490854724409445
21
-2.2771859842519686
0
LINE
8
F.Silkscreen
6
CONTINUOUS
10
5.1490854724409445
20
-2.2771859842519686
11
5.1570071653543303
21
-2.2771859842519686
0
LINE
8
F.Silkscreen
6
CONTINUOUS
10
5.1570071653543303
20
-2.2771859842519686
11
5.1605981496062991
21
-2.2753904724409448
0
LINE
8
F.Silkscreen
6
CONTINUOUS
10
5.1605981496062991
20
-2.2753904724409448
11
5.1622356692913387
21
-2.2737529527559053
0
LINE
8
F.Silkscreen
6
CONTINUOUS
10
5.1622356692913387
20
-2.2737529527559053
11
5.1640312598425195
21
-2.2701618503937007
0
LINE
8
F.Silkscreen
6
CONTINUOUS
10
5.1640312598425195
20
-2.2701618503937007
11
5.1640312598425195
21
-2.2310491732283464
0
LINE
8
F.Silkscreen
6
CONTINUOUS
10
5.1640312598425195
20
-2.2310491732283464
11
5.1640903543307086
21
-2.2304491338582677
0
LINE
8
F.Silkscreen
6
CONTINUOUS
10
5.1640903543307086
20
-2.2304491338582677
11
5.1645496062992127
21
-2.2293403543307084
0
LINE
8
F.Silkscreen
6
CONTINUOUS
10
5.1645496062992127
20
-2.2293403543307084
11
5.165398228346457
21
-2.2284917322834645
0
LINE
8
F.Silkscreen
6
CONTINUOUS
10
5.165398228346457
20
-2.2284917322834645
11
5.1665070078740154
21
-2.2280324803149605
0
LINE
8
F.Silkscreen
6
CONTINUOUS
10
5.1665070078740154
20
-2.2280324803149605
11
5.1677070866141728
21
-2.2280324803149605
0
LINE
8
F.Silkscreen
6
CONTINUOUS
10
5.1677070866141728
20
-2.2280324803149605
11
5.1688158661417321
21
-2.2284917322834645
0
LINE
8
F.Silkscreen
6
CONTINUOUS
10
5.1688158661417321
20
-2.2284917322834645
11
5.1696644881889764
21
-2.2293403543307084
0
LINE
8
F.Silkscreen
6
CONTINUOUS
10
5.1696644881889764
20
-2.2293403543307084
11
5.1701237401574804
21
-2.2304491338582677
0
LINE
8
F.Silkscreen
6
CONTINUOUS
10
5.1701237401574804
20
-2.2304491338582677
11
5.1701828346456695
21
-2.2310491732283464
0
LINE
8
F.Silkscreen
6
CONTINUOUS
10
5.1701828346456695
20
-2.2310491732283464
11
5.1701828346456695
21
-2.2708879527559054
0
LINE
8
F.Silkscreen
6
CONTINUOUS
10
5.1701828346456695
20
-2.2708879527559054
11
5.1701237401574804
21
-2.2714879921259841
0
LINE
8
F.Silkscreen
6
CONTINUOUS
10
5.1701237401574804
20
-2.2714879921259841
11
5.1700814566929134
21
-2.2715900393700785
0
LINE
8
F.Silkscreen
6
CONTINUOUS
10
5.1700814566929134
20
-2.2715900393700785
11
5.1700736220472443
21
-2.2717003543307088
0
LINE
8
F.Silkscreen
6
CONTINUOUS
10
5.1700736220472443
20
-2.2717003543307088
11
5.1698581102362207
21
-2.2722634645669291
0
LINE
8
F.Silkscreen
6
CONTINUOUS
10
5.1698581102362207
20
-2.2722634645669291
11
5.1675146456692911
21
-2.2769504330708661
0
LINE
8
F.Silkscreen
6
CONTINUOUS
10
5.1675146456692911
20
-2.2769504330708661
11
5.1673520866141729
21
-2.2772086220472438
0
LINE
8
F.Silkscreen
6
CONTINUOUS
10
5.1673520866141729
20
-2.2772086220472438
11
5.1673210236220468
21
-2.2772837007874016
0
LINE
8
F.Silkscreen
6
CONTINUOUS
10
5.1673210236220468
20
-2.2772837007874016
11
5.1672516535433068
21
-2.2773681889763777
0
LINE
8
F.Silkscreen
6
CONTINUOUS
10
5.1672516535433068
20
-2.2773681889763777
11
5.1671934645669291
21
-2.2774606692913384
0
LINE
8
F.Silkscreen
6
CONTINUOUS
10
5.1671934645669291
20
-2.2774606692913384
11
5.1671320472440945
21
-2.2775138976377951
0
LINE
8
F.Silkscreen
6
CONTINUOUS
10
5.1671320472440945
20
-2.2775138976377951
11
5.1669385039370077
21
-2.2777497637795276
0
LINE
8
F.Silkscreen
6
CONTINUOUS
10
5.1669385039370077
20
-2.2777497637795276
11
5.1645950787401578
21
-2.2800932283464568
0
LINE
8
F.Silkscreen
6
CONTINUOUS
10
5.1645950787401578
20
-2.2800932283464568
11
5.1643591732283465
21
-2.2802868110236219
0
LINE
8
F.Silkscreen
6
CONTINUOUS
10
5.1643591732283465
20
-2.2802868110236219
11
5.1643059448818898
21
-2.2803482283464565
0
LINE
8
F.Silkscreen
6
CONTINUOUS
10
5.1643059448818898
20
-2.2803482283464565
11
5.1642134251968503
21
-2.2804064173228347
0
LINE
8
F.Silkscreen
6
CONTINUOUS
10
5.1642134251968503
20
-2.2804064173228347
11
5.1641290157480313
21
-2.2804757480314959
0
LINE
8
F.Silkscreen
6
CONTINUOUS
10
5.1641290157480313
20
-2.2804757480314959
11
5.164053937007874
21
-2.280506811023622
0
LINE
8
F.Silkscreen
6
CONTINUOUS
10
5.164053937007874
20
-2.280506811023622
11
5.1637956692913383
21
-2.2806694094488189
0
LINE
8
F.Silkscreen
6
CONTINUOUS
10
5.1637956692913383
20
-2.2806694094488189
11
5.15910874015748
21
-2.2830128346456693
0
LINE
8
F.Silkscreen
6
CONTINUOUS
10
5.15910874015748
20
-2.2830128346456693
11
5.1585456299212593
21
-2.2832283464566929
0
LINE
8
F.Silkscreen
6
CONTINUOUS
10
5.1585456299212593
20
-2.2832283464566929
11
5.1584353149606299
21
-2.283236181102362
0
LINE
8
F.Silkscreen
6
CONTINUOUS
10
5.1584353149606299
20
-2.283236181102362
11
5.158333267716535
21
-2.2832784645669291
0
LINE
8
F.Silkscreen
6
CONTINUOUS
10
5.158333267716535
20
-2.2832784645669291
11
5.1577332283464568
21
-2.2833375590551181
0
LINE
8
F.Silkscreen
6
CONTINUOUS
10
5.1577332283464568
20
-2.2833375590551181
11
5.148359409448819
21
-2.2833375590551181
0
LINE
8
F.Silkscreen
6
CONTINUOUS
10
5.148359409448819
20
-2.2833375590551181
11
5.1477593700787398
21
-2.2832784645669291
0
LINE
8
F.Silkscreen
6
CONTINUOUS
10
5.1477593700787398
20
-2.2832784645669291
11
5.1476572834645671
21
-2.283236181102362
0
LINE
8
F.Silkscreen
6
CONTINUOUS
10
5.1476572834645671
20
-2.283236181102362
11
5.1475470078740155
21
-2.2832283464566929
0
LINE
8
F.Silkscreen
6
CONTINUOUS
10
5.1475470078740155
20
-2.2832283464566929
11
5.1469838976377948
21
-2.2830128346456693
0
LINE
8
F.Silkscreen
6
CONTINUOUS
10
5.1469838976377948
20
-2.2830128346456693
11
5.1422969685039366
21
-2.2806694094488189
0
LINE
8
F.Silkscreen
6
CONTINUOUS
10
5.1422969685039366
20
-2.2806694094488189
11
5.1420387795275593
21
-2.2805068897637795
0
LINE
8
F.Silkscreen
6
CONTINUOUS
10
5.1420387795275593
20
-2.2805068897637795
11
5.1419636614173223
21
-2.2804757874015746
0
LINE
8
F.Silkscreen
6
CONTINUOUS
10
5.1419636614173223
20
-2.2804757874015746
11
5.1418791338582679
21
-2.2804064173228347
0
LINE
8
F.Silkscreen
6
CONTINUOUS
10
5.1418791338582679
20
-2.2804064173228347
11
5.141786692913386
21
-2.2803482283464565
0
LINE
8
F.Silkscreen
6
CONTINUOUS
10
5.141786692913386
20
-2.2803482283464565
11
5.1417334251968505
21
-2.2802868110236219
0
LINE
8
F.Silkscreen
6
CONTINUOUS
10
5.1417334251968505
20
-2.2802868110236219
11
5.1414975984251967
21
-2.2800932677165355
0
LINE
8
F.Silkscreen
6
CONTINUOUS
10
5.1414975984251967
20
-2.2800932677165355
11
5.1391540944881893
21
-2.2777498031496064
0
LINE
8
F.Silkscreen
6
CONTINUOUS
10
5.1391540944881893
20
-2.2777498031496064
11
5.1389605118110238
21
-2.2775138976377951
0
LINE
8
F.Silkscreen
6
CONTINUOUS
10
5.1389605118110238
20
-2.2775138976377951
11
5.1388991338582679
21
-2.2774606692913384
0
LINE
8
F.Silkscreen
6
CONTINUOUS
10
5.1388991338582679
20
-2.2774606692913384
11
5.138840826771653
21
-2.2773680708661415
0
LINE
8
F.Silkscreen
6
CONTINUOUS
10
5.138840826771653
20
-2.2773680708661415
11
5.138771614173228
21
-2.2772837007874016
0
LINE
8
F.Silkscreen
6
CONTINUOUS
10
5.138771614173228
20
-2.2772837007874016
11
5.138740551181102
21
-2.2772087007874013
0
LINE
8
F.Silkscreen
6
CONTINUOUS
10
5.138740551181102
20
-2.2772087007874013
11
5.138577952755905
21
-2.2769503937007873
0
LINE
8
F.Silkscreen
6
CONTINUOUS
10
5.138577952755905
20
-2.2769503937007873
11
5.1362345275590551
21
-2.2722634645669291
0
LINE
8
F.Silkscreen
6
CONTINUOUS
10
5.1362345275590551
20
-2.2722634645669291
11
5.1360190157480314
21
-2.2717003543307088
0
LINE
8
F.Silkscreen
6
CONTINUOUS
10
5.1360190157480314
20
-2.2717003543307088
11
5.1360111417322836
21
-2.2715900393700785
0
LINE
8
F.Silkscreen
6
CONTINUOUS
10
5.1360111417322836
20
-2.2715900393700785
11
5.1359688976377953
21
-2.2714879921259841
0
LINE
8
F.Silkscreen
6
CONTINUOUS
10
5.1359688976377953
20
-2.2714879921259841
11
5.1359098031496062
21
-2.2708879527559054
0
LINE
8
F.Silkscreen
6
CONTINUOUS
10
5.1359098031496062
20
-2.2708879527559054
11
5.1359098031496062
21
-2.2310491732283464
0
LINE
8
F.Silkscreen
6
CONTINUOUS
10
5.1359098031496062
20
-2.2310491732283464
11
5.1359688976377953
21
-2.2304491338582677
0
LINE
8
F.Silkscreen
6
CONTINUOUS
10
5.1359688976377953
20
-2.2304491338582677
11
5.1364281496062993
21
-2.2293403543307084
0
LINE
8
F.Silkscreen
6
CONTINUOUS
10
5.1364281496062993
20
-2.2293403543307084
11
5.1372767716535428
21
-2.2284917322834645
0
LINE
8
F.Silkscreen
6
CONTINUOUS
10
5.1372767716535428
20
-2.2284917322834645
11
5.1383855511811021
21
-2.2280324803149605
0
LINE
8
F.Silkscreen
6
CONTINUOUS
10
5.1383855511811021
20
-2.2280324803149605
11
5.1395856299212594
21
-2.2280324803149605
0
LINE
8
F.Silkscreen
6
CONTINUOUS
10
5.1395856299212594
20
-2.2280324803149605
11
5.1406944094488187
21
-2.2284917322834645
0
LINE
8
F.Silkscreen
6
CONTINUOUS
10
5.2450411811023621
20
-2.2280324803149605
11
5.245143228346457
21
-2.2280747244094488
0
LINE
8
F.Silkscreen
6
CONTINUOUS
10
5.245143228346457
20
-2.2280747244094488
11
5.2452535433070864
21
-2.2280825984251966
0
LINE
8
F.Silkscreen
6
CONTINUOUS
10
5.2452535433070864
20
-2.2280825984251966
11
5.2458166929133858
21
-2.2282981102362203
0
LINE
8
F.Silkscreen
6
CONTINUOUS
10
5.2458166929133858
20
-2.2282981102362203
11
5.2505036220472441
21
-2.2306415748031494
0
LINE
8
F.Silkscreen
6
CONTINUOUS
10
5.2505036220472441
20
-2.2306415748031494
11
5.2507619291338585
21
-2.2308041732283463
0
LINE
8
F.Silkscreen
6
CONTINUOUS
10
5.2507619291338585
20
-2.2308041732283463
11
5.2508368897637796
21
-2.2308352362204724
0
LINE
8
F.Silkscreen
6
CONTINUOUS
10
5.2508368897637796
20
-2.2308352362204724
11
5.2509212992125986
21
-2.2309044881889761
0
LINE
8
F.Silkscreen
6
CONTINUOUS
10
5.2509212992125986
20
-2.2309044881889761
11
5.2510138976377956
21
-2.2309627952755906
0
LINE
8
F.Silkscreen
6
CONTINUOUS
10
5.2510138976377956
20
-2.2309627952755906
11
5.2510671259842523
21
-2.2310241338582677
0
LINE
8
F.Silkscreen
6
CONTINUOUS
10
5.2510671259842523
20
-2.2310241338582677
11
5.2513029921259839
21
-2.2312177165354332
0
LINE
8
F.Silkscreen
6
CONTINUOUS
10
5.2513029921259839
20
-2.2312177165354332
11
5.2536464566929135
21
-2.2335612204724411
0
LINE
8
F.Silkscreen
6
CONTINUOUS
10
5.2536464566929135
20
-2.2335612204724411
11
5.2538400000000003
21
-2.2337970472440944
0
LINE
8
F.Silkscreen
6
CONTINUOUS
10
5.2538400000000003
20
-2.2337970472440944
11
5.2539014173228349
21
-2.2338503149606299
0
LINE
8
F.Silkscreen
6
CONTINUOUS
10
5.2539014173228349
20
-2.2338503149606299
11
5.2539596062992127
21
-2.2339427559055118
0
LINE
8
F.Silkscreen
6
CONTINUOUS
10
5.2539596062992127
20
-2.2339427559055118
11
5.2540289763779526
21
-2.2340272834645667
0
LINE
8
F.Silkscreen
6
CONTINUOUS
10
5.2540289763779526
20
-2.2340272834645667
11
5.2540600787401575
21
-2.2341024015748032
0
LINE
8
F.Silkscreen
6
CONTINUOUS
10
5.2540600787401575
20
-2.2341024015748032
11
5.2542225984251969
21
-2.234360590551181
0
LINE
8
F.Silkscreen
6
CONTINUOUS
10
5.2542225984251969
20
-2.234360590551181
11
5.2565660236220468
21
-2.2390475196850392
0
LINE
8
F.Silkscreen
6
CONTINUOUS
10
5.2565660236220468
20
-2.2390475196850392
11
5.2567815354330705
21
-2.2396106299212599
0
LINE
8
F.Silkscreen
6
CONTINUOUS
10
5.2567815354330705
20
-2.2396106299212599
11
5.2567893700787405
21
-2.239720905511811
0
LINE
8
F.Silkscreen
6
CONTINUOUS
10
5.2567893700787405
20
-2.239720905511811
11
5.2568316535433066
21
-2.2398229921259842
0
LINE
8
F.Silkscreen
6
CONTINUOUS
10
5.2568316535433066
20
-2.2398229921259842
11
5.2568907480314957
21
-2.2404230314960629
0
LINE
8
F.Silkscreen
6
CONTINUOUS
10
5.2568907480314957
20
-2.2404230314960629
11
5.2568907480314957
21
-2.2451099212598424
0
LINE
8
F.Silkscreen
6
CONTINUOUS
10
5.2568907480314957
20
-2.2451099212598424
11
5.2568608267716534
21
-2.245413464566929
0
LINE
8
F.Silkscreen
6
CONTINUOUS
10
5.2568608267716534
20
-2.245413464566929
11
5.2568666141732283
21
-2.2454946062992125
0
LINE
8
F.Silkscreen
6
CONTINUOUS
10
5.2568666141732283
20
-2.2454946062992125
11
5.2568423228346459
21
-2.2456012598425197
0
LINE
8
F.Silkscreen
6
CONTINUOUS
10
5.2568423228346459
20
-2.2456012598425197
11
5.2568316535433066
21
-2.2457099606299211
0
LINE
8
F.Silkscreen
6
CONTINUOUS
10
5.2568316535433066
20
-2.2457099606299211
11
5.2568005511811027
21
-2.2457849606299214
0
LINE
8
F.Silkscreen
6
CONTINUOUS
10
5.2568005511811027
20
-2.2457849606299214
11
5.2567329133858269
21
-2.2460825590551181
0
LINE
8
F.Silkscreen
6
CONTINUOUS
10
5.2567329133858269
20
-2.2460825590551181
11
5.2543894881889761
21
-2.2531129527559055
0
LINE
8
F.Silkscreen
6
CONTINUOUS
10
5.2543894881889761
20
-2.2531129527559055
11
5.2541436614173227
21
-2.2536635039370077
0
LINE
8
F.Silkscreen
6
CONTINUOUS
10
5.2541436614173227
20
-2.2536635039370077
11
5.2540712598425197
21
-2.2537469685039371
0
LINE
8
F.Silkscreen
6
CONTINUOUS
10
5.2540712598425197
20
-2.2537469685039371
11
5.2540289370078739
21
-2.2538491732283465
0
LINE
8
F.Silkscreen
6
CONTINUOUS
10
5.2540289370078739
20
-2.2538491732283465
11
5.2536464566929135
21
-2.2543152362204726
0
LINE
8
F.Silkscreen
6
CONTINUOUS
10
5.2536464566929135
20
-2.2543152362204726
11
5.2307756692913383
21
-2.2771859842519686
0
LINE
8
F.Silkscreen
6
CONTINUOUS
10
5.2307756692913383
20
-2.2771859842519686
11
5.2538149606299207
21
-2.2771859842519686
0
LINE
8
F.Silkscreen
6
CONTINUOUS
10
5.2538149606299207
20
-2.2771859842519686
11
5.2544149999999998
21
-2.2772450787401572
0
LINE
8
F.Silkscreen
6
CONTINUOUS
10
5.2544149999999998
20
-2.2772450787401572
11
5.2555237795275591
21
-2.2777043307086613
0
LINE
8
F.Silkscreen
6
CONTINUOUS
10
5.2555237795275591
20
-2.2777043307086613
11
5.2563724015748035
21
-2.2785529527559056
0
LINE
8
F.Silkscreen
6
CONTINUOUS
10
5.2563724015748035
20
-2.2785529527559056
11
5.2568316535433066
21
-2.2796617322834645
0
LINE
8
F.Silkscreen
6
CONTINUOUS
10
5.2568316535433066
20
-2.2796617322834645
11
5.2568316535433066
21
-2.2808618110236218
0
LINE
8
F.Silkscreen
6
CONTINUOUS
10
5.2568316535433066
20
-2.2808618110236218
11
5.2563724015748035
21
-2.2819705905511811
0
LINE
8
F.Silkscreen
6
CONTINUOUS
10
5.2563724015748035
20
-2.2819705905511811
11
5.2555237795275591
21
-2.282819212598425
0
LINE
8
F.Silkscreen
6
CONTINUOUS
10
5.2555237795275591
20
-2.282819212598425
11
5.2544149999999998
21
-2.2832784645669291
0
LINE
8
F.Silkscreen
6
CONTINUOUS
10
5.2544149999999998
20
-2.2832784645669291
11
5.2538149606299207
21
-2.2833375590551181
0
LINE
8
F.Silkscreen
6
CONTINUOUS
10
5.2538149606299207
20
-2.2833375590551181
11
5.2233500393700787
21
-2.2833375590551181
0
LINE
8
F.Silkscreen
6
CONTINUOUS
10
5.2233500393700787
20
-2.2833375590551181
11
5.2227499999999996
21
-2.2832784645669291
0
LINE
8
F.Silkscreen
6
CONTINUOUS
10
5.2227499999999996
20
-2.2832784645669291
11
5.2227499606299208
21
-2.2832784645669291
0
LINE
8
F.Silkscreen
6
CONTINUOUS
10
5.2227499606299208
20
-2.2832784645669291
11
5.2224251968503932
21
-2.2831439370078739
0
LINE
8
F.Silkscreen
6
CONTINUOUS
10
5.2224251968503932
20
-2.2831439370078739
11
5.2216412204724412
21
-2.282819212598425
0
LINE
8
F.Silkscreen
6
CONTINUOUS
10
5.2216412204724412
20
-2.282819212598425
11
5.2207925984251968
21
-2.2819705905511811
0
LINE
8
F.Silkscreen
6
CONTINUOUS
10
5.2207925984251968
20
-2.2819705905511811
11
5.2204212992125987
21
-2.2810741732283466
0
LINE
8
F.Silkscreen
6
CONTINUOUS
10
5.2204212992125987
20
-2.2810741732283466
11
5.2203333464566928
21
-2.2808618503937006
0
LINE
8
F.Silkscreen
6
CONTINUOUS
10
5.2203333464566928
20
-2.2808618503937006
11
5.2203333464566928
21
-2.2796616929133857
0
LINE
8
F.Silkscreen
6
CONTINUOUS
10
5.2203333464566928
20
-2.2796616929133857
11
5.2204678346456692
21
-2.2793369291338581
0
LINE
8
F.Silkscreen
6
CONTINUOUS
10
5.2204678346456692
20
-2.2793369291338581
11
5.2207925984251968
21
-2.2785529527559056
0
LINE
8
F.Silkscreen
6
CONTINUOUS
10
5.2207925984251968
20
-2.2785529527559056
11
5.2207927952755906
21
-2.2785527165354331
0
LINE
8
F.Silkscreen
6
CONTINUOUS
10
5.2207927952755906
20
-2.2785527165354331
11
5.2211751181102359
21
-2.2780868503937008
0
LINE
8
F.Silkscreen
6
CONTINUOUS
10
5.2211751181102359
20
-2.2780868503937008
11
5.2487831889763781
21
-2.2504787795275591
0
LINE
8
F.Silkscreen
6
CONTINUOUS
10
5.2487831889763781
20
-2.2504787795275591
11
5.2507391732283466
21
-2.2446107874015748
0
LINE
8
F.Silkscreen
6
CONTINUOUS
10
5.2507391732283466
20
-2.2446107874015748
11
5.2507391732283466
21
-2.2411490551181101
0
LINE
8
F.Silkscreen
6
CONTINUOUS
10
5.2507391732283466
20
-2.2411490551181101
11
5.2489436614173224
21
-2.2375580708661418
0
LINE
8
F.Silkscreen
6
CONTINUOUS
10
5.2489436614173224
20
-2.2375580708661418
11
5.2473060236220475
21
-2.235920433070866
0
LINE
8
F.Silkscreen
6
CONTINUOUS
10
5.2473060236220475
20
-2.235920433070866
11
5.2437150393700787
21
-2.2341249606299214
0
LINE
8
F.Silkscreen
6
CONTINUOUS
10
5.2437150393700787
20
-2.2341249606299214
11
5.2334499606299207
21
-2.2341249606299214
0
LINE
8
F.Silkscreen
6
CONTINUOUS
10
5.2334499606299207
20
-2.2341249606299214
11
5.2298588976377953
21
-2.2359204724409447
0
LINE
8
F.Silkscreen
6
CONTINUOUS
10
5.2298588976377953
20
-2.2359204724409447
11
5.2278684251968501
21
-2.2379110236220474
0
LINE
8
F.Silkscreen
6
CONTINUOUS
10
5.2278684251968501
20
-2.2379110236220474
11
5.2274023228346458
21
-2.2382935039370078
0
LINE
8
F.Silkscreen
6
CONTINUOUS
10
5.2274023228346458
20
-2.2382935039370078
11
5.2262935826771653
21
-2.2387527952755906
0
LINE
8
F.Silkscreen
6
CONTINUOUS
10
5.2262935826771653
20
-2.2387527952755906
11
5.2250934251968504
21
-2.2387527952755906
0
LINE
8
F.Silkscreen
6
CONTINUOUS
10
5.2250934251968504
20
-2.2387527952755906
11
5.2239846850393699
21
-2.2382935039370078
0
LINE
8
F.Silkscreen
6
CONTINUOUS
10
5.2239846850393699
20
-2.2382935039370078
11
5.2231361023622043
21
-2.2374449212598426
0
LINE
8
F.Silkscreen
6
CONTINUOUS
10
5.2231361023622043
20
-2.2374449212598426
11
5.2226768110236224
21
-2.2363361811023621
0
LINE
8
F.Silkscreen
6
CONTINUOUS
10
5.2226768110236224
20
-2.2363361811023621
11
5.2226768110236224
21
-2.2351360236220472
0
LINE
8
F.Silkscreen
6
CONTINUOUS
10
5.2226768110236224
20
-2.2351360236220472
11
5.2231361023622043
21
-2.2340272834645667
0
LINE
8
F.Silkscreen
6
CONTINUOUS
10
5.2231361023622043
20
-2.2340272834645667
11
5.2235185826771655
21
-2.2335611811023623
0
LINE
8
F.Silkscreen
6
CONTINUOUS
10
5.2235185826771655
20
-2.2335611811023623
11
5.225862086614173
21
-2.2312177165354332
0
LINE
8
F.Silkscreen
6
CONTINUOUS
10
5.225862086614173
20
-2.2312177165354332
11
5.226098031496063
21
-2.2310240157480314
0
LINE
8
F.Silkscreen
6
CONTINUOUS
10
5.226098031496063
20
-2.2310240157480314
11
5.2261511811023622
21
-2.2309627952755906
0
LINE
8
F.Silkscreen
6
CONTINUOUS
10
5.2261511811023622
20
-2.2309627952755906
11
5.2262434645669291
21
-2.2309046850393699
0
LINE
8
F.Silkscreen
6
CONTINUOUS
10
5.2262434645669291
20
-2.2309046850393699
11
5.2263281496062994
21
-2.2308351968503937
0
LINE
8
F.Silkscreen
6
CONTINUOUS
10
5.2263281496062994
20
-2.2308351968503937
11
5.2264033070866143
21
-2.2308040551181101
0
LINE
8
F.Silkscreen
6
CONTINUOUS
10
5.2264033070866143
20
-2.2308040551181101
11
5.226661417322835
21
-2.2306415748031494
0
LINE
8
F.Silkscreen
6
CONTINUOUS
10
5.226661417322835
20
-2.2306415748031494
11
5.2313483070866145
21
-2.2282981102362203
0
LINE
8
F.Silkscreen
6
CONTINUOUS
10
5.2313483070866145
20
-2.2282981102362203
11
5.231911456692913
21
-2.2280825984251966
0
LINE
8
F.Silkscreen
6
CONTINUOUS
10
5.231911456692913
20
-2.2280825984251966
11
5.2320217322834646
21
-2.2280747244094488
0
LINE
8
F.Silkscreen
6
CONTINUOUS
10
5.2320217322834646
20
-2.2280747244094488
11
5.2321238188976373
21
-2.2280324803149605
0
LINE
8
F.Silkscreen
6
CONTINUOUS
10
5.2321238188976373
20
-2.2280324803149605
11
5.2327238582677165
21
-2.2279733858267714
0
LINE
8
F.Silkscreen
6
CONTINUOUS
10
5.2327238582677165
20
-2.2279733858267714
11
5.2444411417322829
21
-2.2279733858267714
0
LINE
8
F.Silkscreen
6
CONTINUOUS
10
5.2444411417322829
20
-2.2279733858267714
11
5.2450411811023621
21
-2.2280324803149605
0
LINE
8
F.Silkscreen
6
CONTINUOUS
10
5.2122327952755905
20
-2.2280324803149605
11
5.2133415748031497
21
-2.2284917322834645
0
LINE
8
F.Silkscreen
6
CONTINUOUS
10
5.2133415748031497
20
-2.2284917322834645
11
5.2141901968503932
21
-2.2293403543307084
0
LINE
8
F.Silkscreen
6
CONTINUOUS
10
5.2141901968503932
20
-2.2293403543307084
11
5.2146494488188972
21
-2.2304491338582677
0
LINE
8
F.Silkscreen
6
CONTINUOUS
10
5.2146494488188972
20
-2.2304491338582677
11
5.2146494488188972
21
-2.2316492125984251
0
LINE
8
F.Silkscreen
6
CONTINUOUS
10
5.2146494488188972
20
-2.2316492125984251
11
5.2141901968503932
21
-2.2327579921259844
0
LINE
8
F.Silkscreen
6
CONTINUOUS
10
5.2141901968503932
20
-2.2327579921259844
11
5.2133415748031497
21
-2.2336066141732283
0
LINE
8
F.Silkscreen
6
CONTINUOUS
10
5.2133415748031497
20
-2.2336066141732283
11
5.2122327952755905
21
-2.2340658661417323
0
LINE
8
F.Silkscreen
6
CONTINUOUS
10
5.2122327952755905
20
-2.2340658661417323
11
5.2116327559055113
21
-2.2341249606299214
0
LINE
8
F.Silkscreen
6
CONTINUOUS
10
5.2116327559055113
20
-2.2341249606299214
11
5.2006477952755903
21
-2.2341249606299214
0
LINE
8
F.Silkscreen
6
CONTINUOUS
10
5.2006477952755903
20
-2.2341249606299214
11
5.2006477952755903
21
-2.2802617716535432
0
LINE
8
F.Silkscreen
6
CONTINUOUS
10
5.2006477952755903
20
-2.2802617716535432
11
5.2005887007874012
21
-2.2808618110236218
0
LINE
8
F.Silkscreen
6
CONTINUOUS
10
5.2005887007874012
20
-2.2808618110236218
11
5.2001294488188972
21
-2.2819705905511811
0
LINE
8
F.Silkscreen
6
CONTINUOUS
10
5.2001294488188972
20
-2.2819705905511811
11
5.1992808267716537
21
-2.282819212598425
0
LINE
8
F.Silkscreen
6
CONTINUOUS
10
5.1992808267716537
20
-2.282819212598425
11
5.1981720472440944
21
-2.2832784645669291
0
LINE
8
F.Silkscreen
6
CONTINUOUS
10
5.1981720472440944
20
-2.2832784645669291
11
5.1969719685039371
21
-2.2832784645669291
0
LINE
8
F.Silkscreen
6
CONTINUOUS
10
5.1969719685039371
20
-2.2832784645669291
11
5.1958631889763778
21
-2.282819212598425
0
LINE
8
F.Silkscreen
6
CONTINUOUS
10
5.1958631889763778
20
-2.282819212598425
11
5.1950145669291334
21
-2.2819705905511811
0
LINE
8
F.Silkscreen
6
CONTINUOUS
10
5.1950145669291334
20
-2.2819705905511811
11
5.1945553149606294
21
-2.2808618110236218
0
LINE
8
F.Silkscreen
6
CONTINUOUS
10
5.1945553149606294
20
-2.2808618110236218
11
5.1944962204724412
21
-2.2802617716535432
0
LINE
8
F.Silkscreen
6
CONTINUOUS
10
5.1944962204724412
20
-2.2802617716535432
11
5.1944962204724412
21
-2.2341249606299214
0
LINE
8
F.Silkscreen
6
CONTINUOUS
10
5.1944962204724412
20
-2.2341249606299214
11
5.1835112598425193
21
-2.2341249606299214
0
LINE
8
F.Silkscreen
6
CONTINUOUS
10
5.1835112598425193
20
-2.2341249606299214
11
5.182911220472441
21
-2.2340658661417323
0
LINE
8
F.Silkscreen
6
CONTINUOUS
10
5.182911220472441
20
-2.2340658661417323
11
5.1818024409448817
21
-2.2336066141732283
0
LINE
8
F.Silkscreen
6
CONTINUOUS
10
5.1818024409448817
20
-2.2336066141732283
11
5.1809538188976374
21
-2.2327579921259844
0
LINE
8
F.Silkscreen
6
CONTINUOUS
10
5.1809538188976374
20
-2.2327579921259844
11
5.1804945669291333
21
-2.2316492125984251
0
LINE
8
F.Silkscreen
6
CONTINUOUS
10
5.1804945669291333
20
-2.2316492125984251
11
5.1804945669291333
21
-2.2304491338582677
0
LINE
8
F.Silkscreen
6
CONTINUOUS
10
5.1804945669291333
20
-2.2304491338582677
11
5.1809538188976374
21
-2.2293403543307084
0
LINE
8
F.Silkscreen
6
CONTINUOUS
10
5.1809538188976374
20
-2.2293403543307084
11
5.1818024409448817
21
-2.2284917322834645
0
LINE
8
F.Silkscreen
6
CONTINUOUS
10
5.1818024409448817
20
-2.2284917322834645
11
5.182911220472441
21
-2.2280324803149605
0
LINE
8
F.Silkscreen
6
CONTINUOUS
10
5.182911220472441
20
-2.2280324803149605
11
5.1835112598425193
21
-2.2279733858267714
0
LINE
8
F.Silkscreen
6
CONTINUOUS
10
5.1835112598425193
20
-2.2279733858267714
11
5.2116327559055113
21
-2.2279733858267714
0
LINE
8
F.Silkscreen
6
CONTINUOUS
10
5.2116327559055113
20
-2.2279733858267714
11
5.2122327952755905
21
-2.2280324803149605
0
LINE
8
F.Silkscreen
6
CONTINUOUS
10
3.8489573228346456
20
-2.1580032677165355
11
3.8490384645669291
21
-2.1579975196850394
0
LINE
8
F.Silkscreen
6
CONTINUOUS
10
3.8490384645669291
20
-2.1579975196850394
11
3.8491451181102363
21
-2.1580217716535435
0
LINE
8
F.Silkscreen
6
CONTINUOUS
10
3.8491451181102363
20
-2.1580217716535435
11
3.849253779527559
21
-2.1580324803149606
0
LINE
8
F.Silkscreen
6
CONTINUOUS
10
3.849253779527559
20
-2.1580324803149606
11
3.8493287401574801
21
-2.158063503937008
0
LINE
8
F.Silkscreen
6
CONTINUOUS
10
3.8493287401574801
20
-2.158063503937008
11
3.849626377952756
21
-2.1581312204724408
0
LINE
8
F.Silkscreen
6
CONTINUOUS
10
3.849626377952756
20
-2.1581312204724408
11
3.8566567322834646
21
-2.1604746850393699
0
LINE
8
F.Silkscreen
6
CONTINUOUS
10
3.8566567322834646
20
-2.1604746850393699
11
3.8572072834645668
21
-2.1607205118110238
0
LINE
8
F.Silkscreen
6
CONTINUOUS
10
3.8572072834645668
20
-2.1607205118110238
11
3.8581139370078739
21
-2.1615068110236222
0
LINE
8
F.Silkscreen
6
CONTINUOUS
10
3.8581139370078739
20
-2.1615068110236222
11
3.8586506692913387
21
-2.1625802362204722
0
LINE
8
F.Silkscreen
6
CONTINUOUS
10
3.8586506692913387
20
-2.1625802362204722
11
3.8587357086614174
21
-2.1637773622047245
0
LINE
8
F.Silkscreen
6
CONTINUOUS
10
3.8587357086614174
20
-2.1637773622047245
11
3.8583562204724409
21
-2.1649158267716535
0
LINE
8
F.Silkscreen
6
CONTINUOUS
10
3.8583562204724409
20
-2.1649158267716535
11
3.8575698818897637
21
-2.1658224803149606
0
LINE
8
F.Silkscreen
6
CONTINUOUS
10
3.8575698818897637
20
-2.1658224803149606
11
3.8564964566929132
21
-2.166359212598425
0
LINE
8
F.Silkscreen
6
CONTINUOUS
10
3.8564964566929132
20
-2.166359212598425
11
3.8552993700787401
21
-2.1664442519685041
0
LINE
8
F.Silkscreen
6
CONTINUOUS
10
3.8552993700787401
20
-2.1664442519685041
11
3.8547114173228345
21
-2.166310590551181
0
LINE
8
F.Silkscreen
6
CONTINUOUS
10
3.8547114173228345
20
-2.166310590551181
11
3.8481546062992127
21
-2.1641249606299211
0
LINE
8
F.Silkscreen
6
CONTINUOUS
10
3.8481546062992127
20
-2.1641249606299211
11
3.8376625590551181
21
-2.1641249606299211
0
LINE
8
F.Silkscreen
6
CONTINUOUS
10
3.8376625590551181
20
-2.1641249606299211
11
3.8340714566929135
21
-2.1659204724409449
0
LINE
8
F.Silkscreen
6
CONTINUOUS
10
3.8340714566929135
20
-2.1659204724409449
11
3.8324339370078739
21
-2.1675580314960627
0
LINE
8
F.Silkscreen
6
CONTINUOUS
10
3.8324339370078739
20
-2.1675580314960627
11
3.8306384251968502
21
-2.171149094488189
0
LINE
8
F.Silkscreen
6
CONTINUOUS
10
3.8306384251968502
20
-2.171149094488189
11
3.8306384251968502
21
-2.1743838188976379
0
LINE
8
F.Silkscreen
6
CONTINUOUS
10
3.8306384251968502
20
-2.1743838188976379
11
3.8324339370078739
21
-2.1779748818897637
0
LINE
8
F.Silkscreen
6
CONTINUOUS
10
3.8324339370078739
20
-2.1779748818897637
11
3.8340714960629922
21
-2.179612440944882
0
LINE
8
F.Silkscreen
6
CONTINUOUS
10
3.8340714960629922
20
-2.179612440944882
11
3.8380099606299214
21
-2.181581653543307
0
LINE
8
F.Silkscreen
6
CONTINUOUS
10
3.8380099606299214
20
-2.181581653543307
11
3.8470562598425198
21
-2.1838432677165356
0
LINE
8
F.Silkscreen
6
CONTINUOUS
10
3.8470562598425198
20
-2.1838432677165356
11
3.847100433070866
21
-2.1838590157480313
0
LINE
8
F.Silkscreen
6
CONTINUOUS
10
3.847100433070866
20
-2.1838590157480313
11
3.8471226771653542
21
-2.1838606299212597
0
LINE
8
F.Silkscreen
6
CONTINUOUS
10
3.8471226771653542
20
-2.1838606299212597
11
3.8473726377952757
21
-2.1839562598425197
0
LINE
8
F.Silkscreen
6
CONTINUOUS
10
3.8473726377952757
20
-2.1839562598425197
11
3.8476240551181102
21
-2.1840461023622049
0
LINE
8
F.Silkscreen
6
CONTINUOUS
10
3.8476240551181102
20
-2.1840461023622049
11
3.8476418897637794
21
-2.1840593307086613
0
LINE
8
F.Silkscreen
6
CONTINUOUS
10
3.8476418897637794
20
-2.1840593307086613
11
3.8476858267716536
21
-2.1840761417322834
0
LINE
8
F.Silkscreen
6
CONTINUOUS
10
3.8476858267716536
20
-2.1840761417322834
11
3.8523727559055119
21
-2.1864196062992125
0
LINE
8
F.Silkscreen
6
CONTINUOUS
10
3.8523727559055119
20
-2.1864196062992125
11
3.8526310629921259
21
-2.1865822047244095
0
LINE
8
F.Silkscreen
6
CONTINUOUS
10
3.8526310629921259
20
-2.1865822047244095
11
3.8527060236220469
21
-2.1866132677165355
0
LINE
8
F.Silkscreen
6
CONTINUOUS
10
3.8527060236220469
20
-2.1866132677165355
11
3.852790433070866
21
-2.1866825196850392
0
LINE
8
F.Silkscreen
6
CONTINUOUS
10
3.852790433070866
20
-2.1866825196850392
11
3.8528830314960629
21
-2.1867408267716537
0
LINE
8
F.Silkscreen
6
CONTINUOUS
10
3.8528830314960629
20
-2.1867408267716537
11
3.8529362598425196
21
-2.1868021653543308
0
LINE
8
F.Silkscreen
6
CONTINUOUS
10
3.8529362598425196
20
-2.1868021653543308
11
3.8531721259842517
21
-2.1869957480314959
0
LINE
8
F.Silkscreen
6
CONTINUOUS
10
3.8531721259842517
20
-2.1869957480314959
11
3.8555155905511809
21
-2.1893392519685038
0
LINE
8
F.Silkscreen
6
CONTINUOUS
10
3.8555155905511809
20
-2.1893392519685038
11
3.8557091338582676
21
-2.1895750787401576
0
LINE
8
F.Silkscreen
6
CONTINUOUS
10
3.8557091338582676
20
-2.1895750787401576
11
3.8557705511811022
21
-2.189628346456693
0
LINE
8
F.Silkscreen
6
CONTINUOUS
10
3.8557705511811022
20
-2.189628346456693
11
3.85582874015748
21
-2.1897207874015749
0
LINE
8
F.Silkscreen
6
CONTINUOUS
10
3.85582874015748
20
-2.1897207874015749
11
3.8558981102362204
21
-2.1898053149606298
0
LINE
8
F.Silkscreen
6
CONTINUOUS
10
3.8558981102362204
20
-2.1898053149606298
11
3.8559292125984252
21
-2.1898804330708659
0
LINE
8
F.Silkscreen
6
CONTINUOUS
10
3.8559292125984252
20
-2.1898804330708659
11
3.8560917322834647
21
-2.1901386220472441
0
LINE
8
F.Silkscreen
6
CONTINUOUS
10
3.8560917322834647
20
-2.1901386220472441
11
3.8584351574803151
21
-2.1948254724409448
0
LINE
8
F.Silkscreen
6
CONTINUOUS
10
3.8584351574803151
20
-2.1948254724409448
11
3.85865062992126
21
-2.1953886220472438
0
LINE
8
F.Silkscreen
6
CONTINUOUS
10
3.85865062992126
20
-2.1953886220472438
11
3.8586584251968503
21
-2.1954987795275591
0
LINE
8
F.Silkscreen
6
CONTINUOUS
10
3.8586584251968503
20
-2.1954987795275591
11
3.8587007874015748
21
-2.1956009842519686
0
LINE
8
F.Silkscreen
6
CONTINUOUS
10
3.8587007874015748
20
-2.1956009842519686
11
3.8587598818897635
21
-2.1962010236220473
0
LINE
8
F.Silkscreen
6
CONTINUOUS
10
3.8587598818897635
20
-2.1962010236220473
11
3.8587598818897635
21
-2.2008879527559055
0
LINE
8
F.Silkscreen
6
CONTINUOUS
10
3.8587598818897635
20
-2.2008879527559055
11
3.8587007874015748
21
-2.2014879921259842
0
LINE
8
F.Silkscreen
6
CONTINUOUS
10
3.8587007874015748
20
-2.2014879921259842
11
3.8586585039370078
21
-2.2015900393700787
0
LINE
8
F.Silkscreen
6
CONTINUOUS
10
3.8586585039370078
20
-2.2015900393700787
11
3.8586506692913387
21
-2.2017003543307085
0
LINE
8
F.Silkscreen
6
CONTINUOUS
10
3.8586506692913387
20
-2.2017003543307085
11
3.8584351574803151
21
-2.2022634645669292
0
LINE
8
F.Silkscreen
6
CONTINUOUS
10
3.8584351574803151
20
-2.2022634645669292
11
3.8560917322834647
21
-2.2069503937007875
0
LINE
8
F.Silkscreen
6
CONTINUOUS
10
3.8560917322834647
20
-2.2069503937007875
11
3.8559292125984252
21
-2.2072085433070865
0
LINE
8
F.Silkscreen
6
CONTINUOUS
10
3.8559292125984252
20
-2.2072085433070865
11
3.8558981102362204
21
-2.2072837007874013
0
LINE
8
F.Silkscreen
6
CONTINUOUS
10
3.8558981102362204
20
-2.2072837007874013
11
3.85582874015748
21
-2.2073681889763779
0
LINE
8
F.Silkscreen
6
CONTINUOUS
10
3.85582874015748
20
-2.2073681889763779
11
3.8557705511811022
21
-2.2074606692913386
0
LINE
8
F.Silkscreen
6
CONTINUOUS
10
3.8557705511811022
20
-2.2074606692913386
11
3.8557091338582676
21
-2.2075138976377953
0
LINE
8
F.Silkscreen
6
CONTINUOUS
10
3.8557091338582676
20
-2.2075138976377953
11
3.8555155905511809
21
-2.2077497637795274
0
LINE
8
F.Silkscreen
6
CONTINUOUS
10
3.8555155905511809
20
-2.2077497637795274
11
3.8531721259842517
21
-2.2100932677165352
0
LINE
8
F.Silkscreen
6
CONTINUOUS
10
3.8531721259842517
20
-2.2100932677165352
11
3.8529362204724409
21
-2.210286811023622
0
LINE
8
F.Silkscreen
6
CONTINUOUS
10
3.8529362204724409
20
-2.210286811023622
11
3.8528829921259842
21
-2.2103482283464566
0
LINE
8
F.Silkscreen
6
CONTINUOUS
10
3.8528829921259842
20
-2.2103482283464566
11
3.8527903937007872
21
-2.2104064960629919
0
LINE
8
F.Silkscreen
6
CONTINUOUS
10
3.8527903937007872
20
-2.2104064960629919
11
3.8527060236220469
21
-2.210475748031496
0
LINE
8
F.Silkscreen
6
CONTINUOUS
10
3.8527060236220469
20
-2.210475748031496
11
3.8526310236220471
21
-2.2105067716535434
0
LINE
8
F.Silkscreen
6
CONTINUOUS
10
3.8526310236220471
20
-2.2105067716535434
11
3.8523727165354331
21
-2.2106694094488191
0
LINE
8
F.Silkscreen
6
CONTINUOUS
10
3.8523727165354331
20
-2.2106694094488191
11
3.8476857874015749
21
-2.2130128346456694
0
LINE
8
F.Silkscreen
6
CONTINUOUS
10
3.8476857874015749
20
-2.2130128346456694
11
3.8471226771653542
21
-2.2132283464566926
0
LINE
8
F.Silkscreen
6
CONTINUOUS
10
3.8471226771653542
20
-2.2132283464566926
11
3.8470123622047243
21
-2.2132361811023622
0
LINE
8
F.Silkscreen
6
CONTINUOUS
10
3.8470123622047243
20
-2.2132361811023622
11
3.8469103149606299
21
-2.2132784645669292
0
LINE
8
F.Silkscreen
6
CONTINUOUS
10
3.8469103149606299
20
-2.2132784645669292
11
3.8463102755905512
21
-2.2133375590551179
0
LINE
8
F.Silkscreen
6
CONTINUOUS
10
3.8463102755905512
20
-2.2133375590551179
11
3.8345929921259843
21
-2.2133375590551179
0
LINE
8
F.Silkscreen
6
CONTINUOUS
10
3.8345929921259843
20
-2.2133375590551179
11
3.8342893700787402
21
-2.2133076377952756
0
LINE
8
F.Silkscreen
6
CONTINUOUS
10
3.8342893700787402
20
-2.2133076377952756
11
3.8342082677165354
21
-2.2133134251968505
0
LINE
8
F.Silkscreen
6
CONTINUOUS
10
3.8342082677165354
20
-2.2133134251968505
11
3.8341015748031495
21
-2.2132891338582676
0
LINE
8
F.Silkscreen
6
CONTINUOUS
10
3.8341015748031495
20
-2.2132891338582676
11
3.8339929527559056
21
-2.2132784645669292
0
LINE
8
F.Silkscreen
6
CONTINUOUS
10
3.8339929527559056
20
-2.2132784645669292
11
3.8339179527559053
21
-2.2132474015748032
0
LINE
8
F.Silkscreen
6
CONTINUOUS
10
3.8339179527559053
20
-2.2132474015748032
11
3.8336203543307086
21
-2.2131797244094487
0
LINE
8
F.Silkscreen
6
CONTINUOUS
10
3.8336203543307086
20
-2.2131797244094487
11
3.8265899999999999
21
-2.2108362992125983
0
LINE
8
F.Silkscreen
6
CONTINUOUS
10
3.8265899999999999
20
-2.2108362992125983
11
3.8260394488188973
21
-2.2105904724409449
0
LINE
8
F.Silkscreen
6
CONTINUOUS
10
3.8260394488188973
20
-2.2105904724409449
11
3.8251327952755902
21
-2.2098041732283464
0
LINE
8
F.Silkscreen
6
CONTINUOUS
10
3.8251327952755902
20
-2.2098041732283464
11
3.8245960629921258
21
-2.2087307480314959
0
LINE
8
F.Silkscreen
6
CONTINUOUS
10
3.8245960629921258
20
-2.2087307480314959
11
3.8245109842519684
21
-2.2075336614173229
0
LINE
8
F.Silkscreen
6
CONTINUOUS
10
3.8245109842519684
20
-2.2075336614173229
11
3.8248905118110237
21
-2.2063951574803151
0
LINE
8
F.Silkscreen
6
CONTINUOUS
10
3.8248905118110237
20
-2.2063951574803151
11
3.8256768110236221
21
-2.205488503937008
0
LINE
8
F.Silkscreen
6
CONTINUOUS
10
3.8256768110236221
20
-2.205488503937008
11
3.8267502362204722
21
-2.2049517716535432
0
LINE
8
F.Silkscreen
6
CONTINUOUS
10
3.8267502362204722
20
-2.2049517716535432
11
3.8279473228346457
21
-2.2048666929133858
0
LINE
8
F.Silkscreen
6
CONTINUOUS
10
3.8279473228346457
20
-2.2048666929133858
11
3.8285352755905513
21
-2.2050003937007872
0
LINE
8
F.Silkscreen
6
CONTINUOUS
10
3.8285352755905513
20
-2.2050003937007872
11
3.8350921259842519
21
-2.2071859842519683
0
LINE
8
F.Silkscreen
6
CONTINUOUS
10
3.8350921259842519
20
-2.2071859842519683
11
3.8455842125984252
21
-2.2071859842519683
0
LINE
8
F.Silkscreen
6
CONTINUOUS
10
3.8455842125984252
20
-2.2071859842519683
11
3.8491751574803148
21
-2.2053905118110237
0
LINE
8
F.Silkscreen
6
CONTINUOUS
10
3.8491751574803148
20
-2.2053905118110237
11
3.8508127952755906
21
-2.2037528740157479
0
LINE
8
F.Silkscreen
6
CONTINUOUS
10
3.8508127952755906
20
-2.2037528740157479
11
3.8526083070866139
21
-2.2001618897637796
0
LINE
8
F.Silkscreen
6
CONTINUOUS
10
3.8526083070866139
20
-2.2001618897637796
11
3.8526083070866139
21
-2.1969270472440945
0
LINE
8
F.Silkscreen
6
CONTINUOUS
10
3.8526083070866139
20
-2.1969270472440945
11
3.8508128346456694
21
-2.1933361023622049
0
LINE
8
F.Silkscreen
6
CONTINUOUS
10
3.8508128346456694
20
-2.1933361023622049
11
3.8491751574803148
21
-2.1916984645669291
0
LINE
8
F.Silkscreen
6
CONTINUOUS
10
3.8491751574803148
20
-2.1916984645669291
11
3.8452366535433069
21
-2.1897292125984253
0
LINE
8
F.Silkscreen
6
CONTINUOUS
10
3.8452366535433069
20
-2.1897292125984253
11
3.8361904724409448
21
-2.1874676771653543
0
LINE
8
F.Silkscreen
6
CONTINUOUS
10
3.8361904724409448
20
-2.1874676771653543
11
3.8361462598425198
21
-2.1874518897637794
0
LINE
8
F.Silkscreen
6
CONTINUOUS
10
3.8361462598425198
20
-2.1874518897637794
11
3.8361240551181099
21
-2.1874503149606297
0
LINE
8
F.Silkscreen
6
CONTINUOUS
10
3.8361240551181099
20
-2.1874503149606297
11
3.8358743307086614
21
-2.1873547244094489
0
LINE
8
F.Silkscreen
6
CONTINUOUS
10
3.8358743307086614
20
-2.1873547244094489
11
3.8356226771653543
21
-2.187264842519685
0
LINE
8
F.Silkscreen
6
CONTINUOUS
10
3.8356226771653543
20
-2.187264842519685
11
3.8356047637795276
21
-2.1872515748031494
0
LINE
8
F.Silkscreen
6
CONTINUOUS
10
3.8356047637795276
20
-2.1872515748031494
11
3.8355609448818897
21
-2.1872348031496061
0
LINE
8
F.Silkscreen
6
CONTINUOUS
10
3.8355609448818897
20
-2.1872348031496061
11
3.8308740157480314
21
-2.1848913779527557
0
LINE
8
F.Silkscreen
6
CONTINUOUS
10
3.8308740157480314
20
-2.1848913779527557
11
3.8306157086614174
21
-2.1847287795275592
0
LINE
8
F.Silkscreen
6
CONTINUOUS
10
3.8306157086614174
20
-2.1847287795275592
11
3.8305406692913384
21
-2.1846977165354331
0
LINE
8
F.Silkscreen
6
CONTINUOUS
10
3.8305406692913384
20
-2.1846977165354331
11
3.8304562204724411
21
-2.1846283858267714
0
LINE
8
F.Silkscreen
6
CONTINUOUS
10
3.8304562204724411
20
-2.1846283858267714
11
3.8303637401574804
21
-2.1845701968503937
0
LINE
8
F.Silkscreen
6
CONTINUOUS
10
3.8303637401574804
20
-2.1845701968503937
11
3.8303104724409449
21
-2.1845087795275591
0
LINE
8
F.Silkscreen
6
CONTINUOUS
10
3.8303104724409449
20
-2.1845087795275591
11
3.8300746062992124
21
-2.1843151968503935
0
LINE
8
F.Silkscreen
6
CONTINUOUS
10
3.8300746062992124
20
-2.1843151968503935
11
3.827731181102362
21
-2.1819717322834644
0
LINE
8
F.Silkscreen
6
CONTINUOUS
10
3.827731181102362
20
-2.1819717322834644
11
3.8275375984251969
21
-2.1817358661417323
0
LINE
8
F.Silkscreen
6
CONTINUOUS
10
3.8275375984251969
20
-2.1817358661417323
11
3.8274762598425194
21
-2.1816826771653544
0
LINE
8
F.Silkscreen
6
CONTINUOUS
10
3.8274762598425194
20
-2.1816826771653544
11
3.8274180314960629
21
-2.1815901968503937
0
LINE
8
F.Silkscreen
6
CONTINUOUS
10
3.8274180314960629
20
-2.1815901968503937
11
3.8273486614173229
21
-2.1815056692913384
0
LINE
8
F.Silkscreen
6
CONTINUOUS
10
3.8273486614173229
20
-2.1815056692913384
11
3.8273175196850393
21
-2.1814305511811023
0
LINE
8
F.Silkscreen
6
CONTINUOUS
10
3.8273175196850393
20
-2.1814305511811023
11
3.8271550393700786
21
-2.1811724015748033
0
LINE
8
F.Silkscreen
6
CONTINUOUS
10
3.8271550393700786
20
-2.1811724015748033
11
3.8248115748031495
21
-2.176485472440945
0
LINE
8
F.Silkscreen
6
CONTINUOUS
10
3.8248115748031495
20
-2.176485472440945
11
3.8245960629921258
21
-2.1759223228346456
0
LINE
8
F.Silkscreen
6
CONTINUOUS
10
3.8245960629921258
20
-2.1759223228346456
11
3.824588188976378
21
-2.1758120078740157
0
LINE
8
F.Silkscreen
6
CONTINUOUS
10
3.824588188976378
20
-2.1758120078740157
11
3.8245459448818897
21
-2.1757099606299213
0
LINE
8
F.Silkscreen
6
CONTINUOUS
10
3.8245459448818897
20
-2.1757099606299213
11
3.8244868503937006
21
-2.1751099212598426
0
LINE
8
F.Silkscreen
6
CONTINUOUS
10
3.8244868503937006
20
-2.1751099212598426
11
3.8244868503937006
21
-2.1704230314960631
0
LINE
8
F.Silkscreen
6
CONTINUOUS
10
3.8244868503937006
20
-2.1704230314960631
11
3.8245459448818897
21
-2.1698229921259844
0
LINE
8
F.Silkscreen
6
CONTINUOUS
10
3.8245459448818897
20
-2.1698229921259844
11
3.824588188976378
21
-2.1697209055118112
0
LINE
8
F.Silkscreen
6
CONTINUOUS
10
3.824588188976378
20
-2.1697209055118112
11
3.8245960629921258
21
-2.1696106299212596
0
LINE
8
F.Silkscreen
6
CONTINUOUS
10
3.8245960629921258
20
-2.1696106299212596
11
3.8248115748031495
21
-2.1690474803149606
0
LINE
8
F.Silkscreen
6
CONTINUOUS
10
3.8248115748031495
20
-2.1690474803149606
11
3.8271550393700786
21
-2.1643605511811024
0
LINE
8
F.Silkscreen
6
CONTINUOUS
10
3.8271550393700786
20
-2.1643605511811024
11
3.8273175196850393
21
-2.1641023622047242
0
LINE
8
F.Silkscreen
6
CONTINUOUS
10
3.8273175196850393
20
-2.1641023622047242
11
3.8273486614173229
21
-2.1640272834645669
0
LINE
8
F.Silkscreen
6
CONTINUOUS
10
3.8273486614173229
20
-2.1640272834645669
11
3.8274180314960629
21
-2.1639427165354332
0
LINE
8
F.Silkscreen
6
CONTINUOUS
10
3.8274180314960629
20
-2.1639427165354332
11
3.8274762598425194
21
-2.1638502755905513
0
LINE
8
F.Silkscreen
6
CONTINUOUS
10
3.8274762598425194
20
-2.1638502755905513
11
3.8275375984251969
21
-2.1637970472440946
0
LINE
8
F.Silkscreen
6
CONTINUOUS
10
3.8275375984251969
20
-2.1637970472440946
11
3.827731181102362
21
-2.1635612204724408
0
LINE
8
F.Silkscreen
6
CONTINUOUS
10
3.827731181102362
20
-2.1635612204724408
11
3.8300746062992124
21
-2.1612177559055117
0
LINE
8
F.Silkscreen
6
CONTINUOUS
10
3.8300746062992124
20
-2.1612177559055117
11
3.8303104724409449
21
-2.1610241338582679
0
LINE
8
F.Silkscreen
6
CONTINUOUS
10
3.8303104724409449
20
-2.1610241338582679
11
3.8303637401574804
21
-2.1609627559055116
0
LINE
8
F.Silkscreen
6
CONTINUOUS
10
3.8303637401574804
20
-2.1609627559055116
11
3.8304562204724411
21
-2.1609044881889763
0
LINE
8
F.Silkscreen
6
CONTINUOUS
10
3.8304562204724411
20
-2.1609044881889763
11
3.8305406692913384
21
-2.1608352362204726
0
LINE
8
F.Silkscreen
6
CONTINUOUS
10
3.8305406692913384
20
-2.1608352362204726
11
3.8306156692913387
21
-2.1608041338582678
0
LINE
8
F.Silkscreen
6
CONTINUOUS
10
3.8306156692913387
20
-2.1608041338582678
11
3.8308739763779527
21
-2.1606415748031496
0
LINE
8
F.Silkscreen
6
CONTINUOUS
10
3.8308739763779527
20
-2.1606415748031496
11
3.8355609448818897
21
-2.1582981102362204
0
LINE
8
F.Silkscreen
6
CONTINUOUS
10
3.8355609448818897
20
-2.1582981102362204
11
3.8361240551181099
21
-2.1580825984251968
0
LINE
8
F.Silkscreen
6
CONTINUOUS
10
3.8361240551181099
20
-2.1580825984251968
11
3.8362343307086615
21
-2.1580747244094489
0
LINE
8
F.Silkscreen
6
CONTINUOUS
10
3.8362343307086615
20
-2.1580747244094489
11
3.8363364173228347
21
-2.1580324803149606
0
LINE
8
F.Silkscreen
6
CONTINUOUS
10
3.8363364173228347
20
-2.1580324803149606
11
3.8369364566929134
21
-2.1579733858267716
0
LINE
8
F.Silkscreen
6
CONTINUOUS
10
3.8369364566929134
20
-2.1579733858267716
11
3.8486537401574803
21
-2.1579733858267716
0
LINE
8
F.Silkscreen
6
CONTINUOUS
10
3.8486537401574803
20
-2.1579733858267716
11
3.8489573228346456
21
-2.1580032677165355
0
LINE
8
F.Silkscreen
6
CONTINUOUS
10
3.9450311417322834
20
-2.1580324803149606
11
3.9453355118110234
21
-2.1580324803149606
0
LINE
8
F.Silkscreen
6
CONTINUOUS
10
3.9453355118110234
20
-2.1580324803149606
11
3.945613897637795
21
-2.1581477952755903
0
LINE
8
F.Silkscreen
6
CONTINUOUS
10
3.945613897637795
20
-2.1581477952755903
11
3.9459095669291337
21
-2.1582062992125985
0
LINE
8
F.Silkscreen
6
CONTINUOUS
10
3.9459095669291337
20
-2.1582062992125985
11
3.9461628740157479
21
-2.1583751574803149
0
LINE
8
F.Silkscreen
6
CONTINUOUS
10
3.9461628740157479
20
-2.1583751574803149
11
3.9464442913385827
21
-2.1584917322834647
0
LINE
8
F.Silkscreen
6
CONTINUOUS
10
3.9464442913385827
20
-2.1584917322834647
11
3.9466573622047245
21
-2.1587048031496061
0
LINE
8
F.Silkscreen
6
CONTINUOUS
10
3.9466573622047245
20
-2.1587048031496061
11
3.9469081102362202
21
-2.158871968503937
0
LINE
8
F.Silkscreen
6
CONTINUOUS
10
3.9469081102362202
20
-2.158871968503937
11
3.9470775590551179
21
-2.159125
0
LINE
8
F.Silkscreen
6
CONTINUOUS
10
3.9470775590551179
20
-2.159125
11
3.9472929133858266
21
-2.1593403543307086
0
LINE
8
F.Silkscreen
6
CONTINUOUS
10
3.9472929133858266
20
-2.1593403543307086
11
3.9474081889763779
21
-2.1596187401574802
0
LINE
8
F.Silkscreen
6
CONTINUOUS
10
3.9474081889763779
20
-2.1596187401574802
11
3.9475759055118109
21
-2.1598691338582676
0
LINE
8
F.Silkscreen
6
CONTINUOUS
10
3.9475759055118109
20
-2.1598691338582676
11
3.9476356299212596
21
-2.1601677559055119
0
LINE
8
F.Silkscreen
6
CONTINUOUS
10
3.9476356299212596
20
-2.1601677559055119
11
3.9477521653543306
21
-2.1604491338582679
0
LINE
8
F.Silkscreen
6
CONTINUOUS
10
3.9477521653543306
20
-2.1604491338582679
11
3.9478106299212596
21
-2.1610427952755904
0
LINE
8
F.Silkscreen
6
CONTINUOUS
10
3.9478106299212596
20
-2.1610427952755904
11
3.9478112598425197
21
-2.1610459448818897
0
LINE
8
F.Silkscreen
6
CONTINUOUS
10
3.9478112598425197
20
-2.1610459448818897
11
3.9478110236220472
21
-2.1610470078740156
0
LINE
8
F.Silkscreen
6
CONTINUOUS
10
3.9478110236220472
20
-2.1610470078740156
11
3.9478112598425197
21
-2.1610491732283466
0
LINE
8
F.Silkscreen
6
CONTINUOUS
10
3.9478112598425197
20
-2.1610491732283466
11
3.9478112598425197
21
-2.2071859842519683
0
LINE
8
F.Silkscreen
6
CONTINUOUS
10
3.9478112598425197
20
-2.2071859842519683
11
3.958796181102362
21
-2.2071859842519683
0
LINE
8
F.Silkscreen
6
CONTINUOUS
10
3.958796181102362
20
-2.2071859842519683
11
3.9593962204724407
21
-2.2072450787401574
0
LINE
8
F.Silkscreen
6
CONTINUOUS
10
3.9593962204724407
20
-2.2072450787401574
11
3.9605049999999999
21
-2.2077043307086615
0
LINE
8
F.Silkscreen
6
CONTINUOUS
10
3.9605049999999999
20
-2.2077043307086615
11
3.9613536220472438
21
-2.2085529527559054
0
LINE
8
F.Silkscreen
6
CONTINUOUS
10
3.9613536220472438
20
-2.2085529527559054
11
3.9618128740157479
21
-2.2096617322834646
0
LINE
8
F.Silkscreen
6
CONTINUOUS
10
3.9618128740157479
20
-2.2096617322834646
11
3.9618128740157479
21
-2.210861811023622
0
LINE
8
F.Silkscreen
6
CONTINUOUS
10
3.9618128740157479
20
-2.210861811023622
11
3.9613536220472438
21
-2.2119705905511808
0
LINE
8
F.Silkscreen
6
CONTINUOUS
10
3.9613536220472438
20
-2.2119705905511808
11
3.9605049999999999
21
-2.2128192125984252
0
LINE
8
F.Silkscreen
6
CONTINUOUS
10
3.9605049999999999
20
-2.2128192125984252
11
3.9593962204724407
21
-2.2132784645669292
0
LINE
8
F.Silkscreen
6
CONTINUOUS
10
3.9593962204724407
20
-2.2132784645669292
11
3.958796181102362
21
-2.2133375590551179
0
LINE
8
F.Silkscreen
6
CONTINUOUS
10
3.958796181102362
20
-2.2133375590551179
11
3.9306747244094487
21
-2.2133375590551179
0
LINE
8
F.Silkscreen
6
CONTINUOUS
10
3.9306747244094487
20
-2.2133375590551179
11
3.93007468503937
21
-2.2132784645669292
0
LINE
8
F.Silkscreen
6
CONTINUOUS
10
3.93007468503937
20
-2.2132784645669292
11
3.9289659055118111
21
-2.2128192125984252
0
LINE
8
F.Silkscreen
6
CONTINUOUS
10
3.9289659055118111
20
-2.2128192125984252
11
3.9281172834645668
21
-2.2119705905511808
0
LINE
8
F.Silkscreen
6
CONTINUOUS
10
3.9281172834645668
20
-2.2119705905511808
11
3.9276580314960627
21
-2.210861811023622
0
LINE
8
F.Silkscreen
6
CONTINUOUS
10
3.9276580314960627
20
-2.210861811023622
11
3.9276580314960627
21
-2.2096617322834646
0
LINE
8
F.Silkscreen
6
CONTINUOUS
10
3.9276580314960627
20
-2.2096617322834646
11
3.9281172834645668
21
-2.2085529527559054
0
LINE
8
F.Silkscreen
6
CONTINUOUS
10
3.9281172834645668
20
-2.2085529527559054
11
3.9289659055118111
21
-2.2077043307086615
0
LINE
8
F.Silkscreen
6
CONTINUOUS
10
3.9289659055118111
20
-2.2077043307086615
11
3.93007468503937
21
-2.2072450787401574
0
LINE
8
F.Silkscreen
6
CONTINUOUS
10
3.93007468503937
20
-2.2072450787401574
11
3.9306747244094487
21
-2.2071859842519683
0
LINE
8
F.Silkscreen
6
CONTINUOUS
10
3.9306747244094487
20
-2.2071859842519683
11
3.9416596850393701
21
-2.2071859842519683
0
LINE
8
F.Silkscreen
6
CONTINUOUS
10
3.9416596850393701
20
-2.2071859842519683
11
3.9416596850393701
21
-2.1708182283464565
0
LINE
8
F.Silkscreen
6
CONTINUOUS
10
3.9416596850393701
20
-2.1708182283464565
11
3.9375364960629922
21
-2.1749413779527558
0
LINE
8
F.Silkscreen
6
CONTINUOUS
10
3.9375364960629922
20
-2.1749413779527558
11
3.9373006299212596
21
-2.1751349212598425
0
LINE
8
F.Silkscreen
6
CONTINUOUS
10
3.9373006299212596
20
-2.1751349212598425
11
3.9372474409448817
21
-2.1751962992125984
0
LINE
8
F.Silkscreen
6
CONTINUOUS
10
3.9372474409448817
20
-2.1751962992125984
11
3.937154960629921
21
-2.1752544881889762
0
LINE
8
F.Silkscreen
6
CONTINUOUS
10
3.937154960629921
20
-2.1752544881889762
11
3.9370704330708661
21
-2.1753238976377953
0
LINE
8
F.Silkscreen
6
CONTINUOUS
10
3.9370704330708661
20
-2.1753238976377953
11
3.93699531496063
21
-2.1753550000000001
0
LINE
8
F.Silkscreen
6
CONTINUOUS
10
3.93699531496063
20
-2.1753550000000001
11
3.9367371653543306
21
-2.1755175196850391
0
LINE
8
F.Silkscreen
6
CONTINUOUS
10
3.9367371653543306
20
-2.1755175196850391
11
3.9320502755905511
21
-2.1778609842519683
0
LINE
8
F.Silkscreen
6
CONTINUOUS
10
3.9320502755905511
20
-2.1778609842519683
11
3.9314871653543304
21
-2.1780764960629919
0
LINE
8
F.Silkscreen
6
CONTINUOUS
10
3.9314871653543304
20
-2.1780764960629919
11
3.9302900393700786
21
-2.1781615748031498
0
LINE
8
F.Silkscreen
6
CONTINUOUS
10
3.9302900393700786
20
-2.1781615748031498
11
3.9291514960629921
21
-2.1777820472440945
0
LINE
8
F.Silkscreen
6
CONTINUOUS
10
3.9291514960629921
20
-2.1777820472440945
11
3.9282448818897637
21
-2.1769957086614173
0
LINE
8
F.Silkscreen
6
CONTINUOUS
10
3.9282448818897637
20
-2.1769957086614173
11
3.9277081496062993
21
-2.1759223622047243
0
LINE
8
F.Silkscreen
6
CONTINUOUS
10
3.9277081496062993
20
-2.1759223622047243
11
3.9276230708661415
21
-2.1747252362204725
0
LINE
8
F.Silkscreen
6
CONTINUOUS
10
3.9276230708661415
20
-2.1747252362204725
11
3.9280025984251967
21
-2.1735866929133856
0
LINE
8
F.Silkscreen
6
CONTINUOUS
10
3.9280025984251967
20
-2.1735866929133856
11
3.9287889370078739
21
-2.1726800787401572
0
LINE
8
F.Silkscreen
6
CONTINUOUS
10
3.9287889370078739
20
-2.1726800787401572
11
3.9292991732283462
21
-2.1723588582677165
0
LINE
8
F.Silkscreen
6
CONTINUOUS
10
3.9292991732283462
20
-2.1723588582677165
11
3.9335396850393698
21
-2.1702385826771655
0
LINE
8
F.Silkscreen
6
CONTINUOUS
10
3.9335396850393698
20
-2.1702385826771655
11
3.9376582283464567
21
-2.1661200393700786
0
LINE
8
F.Silkscreen
6
CONTINUOUS
10
3.9376582283464567
20
-2.1661200393700786
11
3.9421762598425194
21
-2.1593430314960629
0
LINE
8
F.Silkscreen
6
CONTINUOUS
10
3.9421762598425194
20
-2.1593430314960629
11
3.9421775984251965
21
-2.1593413779527557
0
LINE
8
F.Silkscreen
6
CONTINUOUS
10
3.9421775984251965
20
-2.1593413779527557
11
3.9421780314960628
21
-2.1593403543307086
0
LINE
8
F.Silkscreen
6
CONTINUOUS
10
3.9421780314960628
20
-2.1593403543307086
11
3.94218031496063
21
-2.1593380314960631
0
LINE
8
F.Silkscreen
6
CONTINUOUS
10
3.94218031496063
20
-2.1593380314960631
11
3.9425582677165352
21
-2.158876535433071
0
LINE
8
F.Silkscreen
6
CONTINUOUS
10
3.9425582677165352
20
-2.158876535433071
11
3.9428112992125985
21
-2.1587070472440946
0
LINE
8
F.Silkscreen
6
CONTINUOUS
10
3.9428112992125985
20
-2.1587070472440946
11
3.9430266535433072
21
-2.1584917322834647
0
LINE
8
F.Silkscreen
6
CONTINUOUS
10
3.9430266535433072
20
-2.1584917322834647
11
3.9433050393700788
21
-2.1583764173228346
0
LINE
8
F.Silkscreen
6
CONTINUOUS
10
3.9433050393700788
20
-2.1583764173228346
11
3.9435554330708662
21
-2.1582087401574803
0
LINE
8
F.Silkscreen
6
CONTINUOUS
10
3.9435554330708662
20
-2.1582087401574803
11
3.9438540944881888
21
-2.1581489763779529
0
LINE
8
F.Silkscreen
6
CONTINUOUS
10
3.9438540944881888
20
-2.1581489763779529
11
3.944135433070866
21
-2.1580324803149606
0
LINE
8
F.Silkscreen
6
CONTINUOUS
10
3.944135433070866
20
-2.1580324803149606
11
3.9444366535433071
21
-2.1580324803149606
0
LINE
8
F.Silkscreen
6
CONTINUOUS
10
3.9444366535433071
20
-2.1580324803149606
11
3.9447322834645671
21
-2.1579733464566928
0
LINE
8
F.Silkscreen
6
CONTINUOUS
10
3.9447322834645671
20
-2.1579733464566928
11
3.9450311417322834
21
-2.1580324803149606
0
LINE
8
F.Silkscreen
6
CONTINUOUS
10
3.915552992125984
20
-2.1582535039370079
11
3.9165252755905513
21
-2.1589570472440944
0
LINE
8
F.Silkscreen
6
CONTINUOUS
10
3.9165252755905513
20
-2.1589570472440944
11
3.9171542519685039
21
-2.1599791732283462
0
LINE
8
F.Silkscreen
6
CONTINUOUS
10
3.9171542519685039
20
-2.1599791732283462
11
3.917344212598425
21
-2.1611641732283462
0
LINE
8
F.Silkscreen
6
CONTINUOUS
10
3.917344212598425
20
-2.1611641732283462
11
3.9172627165354328
21
-2.1617615748031493
0
LINE
8
F.Silkscreen
6
CONTINUOUS
10
3.9172627165354328
20
-2.1617615748031493
11
3.9055453543307084
21
-2.2109741732283466
0
LINE
8
F.Silkscreen
6
CONTINUOUS
10
3.9055453543307084
20
-2.2109741732283466
11
3.9054744094488187
21
-2.2111799212598426
0
LINE
8
F.Silkscreen
6
CONTINUOUS
10
3.9054744094488187
20
-2.2111799212598426
11
3.9054646062992124
21
-2.2112539370078741
0
LINE
8
F.Silkscreen
6
CONTINUOUS
10
3.9054646062992124
20
-2.2112539370078741
11
3.9054258661417323
21
-2.2113207874015748
0
LINE
8
F.Silkscreen
6
CONTINUOUS
10
3.9054258661417323
20
-2.2113207874015748
11
3.9053488976377952
21
-2.211544212598425
0
LINE
8
F.Silkscreen
6
CONTINUOUS
10
3.9053488976377952
20
-2.211544212598425
11
3.9050871259842519
21
-2.2119059448818899
0
LINE
8
F.Silkscreen
6
CONTINUOUS
10
3.9050871259842519
20
-2.2119059448818899
11
3.9048633070866141
21
-2.2122925590551179
0
LINE
8
F.Silkscreen
6
CONTINUOUS
10
3.9048633070866141
20
-2.2122925590551179
11
3.9047378740157481
21
-2.2123885433070867
0
LINE
8
F.Silkscreen
6
CONTINUOUS
10
3.9047378740157481
20
-2.2123885433070867
11
3.9046453149606299
21
-2.2125164960629919
0
LINE
8
F.Silkscreen
6
CONTINUOUS
10
3.9046453149606299
20
-2.2125164960629919
11
3.9042648818897638
21
-2.2127505905511811
0
LINE
8
F.Silkscreen
6
CONTINUOUS
10
3.9042648818897638
20
-2.2127505905511811
11
3.9039103149606298
21
-2.2130220078740157
0
LINE
8
F.Silkscreen
6
CONTINUOUS
10
3.9039103149606298
20
-2.2130220078740157
11
3.9037577165354329
21
-2.2130626771653543
0
LINE
8
F.Silkscreen
6
CONTINUOUS
10
3.9037577165354329
20
-2.2130626771653543
11
3.9036232283464565
21
-2.2131454724409449
0
LINE
8
F.Silkscreen
6
CONTINUOUS
10
3.9036232283464565
20
-2.2131454724409449
11
3.9031822834645666
21
-2.2132161023622046
0
LINE
8
F.Silkscreen
6
CONTINUOUS
10
3.9031822834645666
20
-2.2132161023622046
11
3.902750748031496
21
-2.2133312204724409
0
LINE
8
F.Silkscreen
6
CONTINUOUS
10
3.902750748031496
20
-2.2133312204724409
11
3.9025940944881889
21
-2.2133103937007874
0
LINE
8
F.Silkscreen
6
CONTINUOUS
10
3.9025940944881889
20
-2.2133103937007874
11
3.9024382283464565
21
-2.2133353937007874
0
LINE
8
F.Silkscreen
6
CONTINUOUS
10
3.9024382283464565
20
-2.2133353937007874
11
3.9020038976377953
21
-2.213231968503937
0
LINE
8
F.Silkscreen
6
CONTINUOUS
10
3.9020038976377953
20
-2.213231968503937
11
3.9015610629921258
21
-2.2131731496062992
0
LINE
8
F.Silkscreen
6
CONTINUOUS
10
3.9015610629921258
20
-2.2131731496062992
11
3.9014243307086613
21
-2.2130939763779529
0
LINE
8
F.Silkscreen
6
CONTINUOUS
10
3.9014243307086613
20
-2.2130939763779529
11
3.9012707874015748
21
-2.213057440944882
0
LINE
8
F.Silkscreen
6
CONTINUOUS
10
3.9012707874015748
20
-2.213057440944882
11
3.9009090157480313
21
-2.2127956692913386
0
LINE
8
F.Silkscreen
6
CONTINUOUS
10
3.9009090157480313
20
-2.2127956692913386
11
3.900522440944882
21
-2.2125718503937009
0
LINE
8
F.Silkscreen
6
CONTINUOUS
10
3.900522440944882
20
-2.2125718503937009
11
3.9004264173228345
21
-2.2124464173228344
0
LINE
8
F.Silkscreen
6
CONTINUOUS
10
3.9004264173228345
20
-2.2124464173228344
11
3.9002985039370079
21
-2.2123538582677167
0
LINE
8
F.Silkscreen
6
CONTINUOUS
10
3.9002985039370079
20
-2.2123538582677167
11
3.9000643700787401
21
-2.2119734251968501
0
LINE
8
F.Silkscreen
6
CONTINUOUS
10
3.9000643700787401
20
-2.2119734251968501
11
3.8997929921259842
21
-2.2116188582677165
0
LINE
8
F.Silkscreen
6
CONTINUOUS
10
3.8997929921259842
20
-2.2116188582677165
11
3.8997099999999998
21
-2.211397559055118
0
LINE
8
F.Silkscreen
6
CONTINUOUS
10
3.8997099999999998
20
-2.211397559055118
11
3.8996695275590549
21
-2.2113317716535432
0
LINE
8
F.Silkscreen
6
CONTINUOUS
10
3.8996695275590549
20
-2.2113317716535432
11
3.8996577165354331
21
-2.2112580708661418
0
LINE
8
F.Silkscreen
6
CONTINUOUS
10
3.8996577165354331
20
-2.2112580708661418
11
3.8995812992125982
21
-2.2110542913385824
0
LINE
8
F.Silkscreen
6
CONTINUOUS
10
3.8995812992125982
20
-2.2110542913385824
11
3.8931794094488188
21
-2.1870471653543309
0
LINE
8
F.Silkscreen
6
CONTINUOUS
10
3.8931794094488188
20
-2.1870471653543309
11
3.8867775196850394
21
-2.2110542913385824
0
LINE
8
F.Silkscreen
6
CONTINUOUS
10
3.8867775196850394
20
-2.2110542913385824
11
3.8867010629921257
21
-2.2112581102362205
0
LINE
8
F.Silkscreen
6
CONTINUOUS
10
3.8867010629921257
20
-2.2112581102362205
11
3.8866892913385827
21
-2.2113317322834645
0
LINE
8
F.Silkscreen
6
CONTINUOUS
10
3.8866892913385827
20
-2.2113317322834645
11
3.8866488188976378
21
-2.2113974409448818
0
LINE
8
F.Silkscreen
6
CONTINUOUS
10
3.8866488188976378
20
-2.2113974409448818
11
3.8865658267716534
21
-2.2116188582677165
0
LINE
8
F.Silkscreen
6
CONTINUOUS
10
3.8865658267716534
20
-2.2116188582677165
11
3.886294212598425
21
-2.2119736614173227
0
LINE
8
F.Silkscreen
6
CONTINUOUS
10
3.886294212598425
20
-2.2119736614173227
11
3.8860602755905509
21
-2.2123538582677167
0
LINE
8
F.Silkscreen
6
CONTINUOUS
10
3.8860602755905509
20
-2.2123538582677167
11
3.8859324015748031
21
-2.2124463779527557
0
LINE
8
F.Silkscreen
6
CONTINUOUS
10
3.8859324015748031
20
-2.2124463779527557
11
3.8858363779527556
21
-2.2125718503937009
0
LINE
8
F.Silkscreen
6
CONTINUOUS
10
3.8858363779527556
20
-2.2125718503937009
11
3.88544968503937
21
-2.2127957086614174
0
LINE
8
F.Silkscreen
6
CONTINUOUS
10
3.88544968503937
20
-2.2127957086614174
11
3.8850880314960627
21
-2.213057440944882
0
LINE
8
F.Silkscreen
6
CONTINUOUS
10
3.8850880314960627
20
-2.213057440944882
11
3.8849344488188975
21
-2.2130939763779529
0
LINE
8
F.Silkscreen
6
CONTINUOUS
10
3.8849344488188975
20
-2.2130939763779529
11
3.8847977559055118
21
-2.2131731496062992
0
LINE
8
F.Silkscreen
6
CONTINUOUS
10
3.8847977559055118
20
-2.2131731496062992
11
3.8843548818897635
21
-2.213231968503937
0
LINE
8
F.Silkscreen
6
CONTINUOUS
10
3.8843548818897635
20
-2.213231968503937
11
3.8839205905511811
21
-2.2133353937007874
0
LINE
8
F.Silkscreen
6
CONTINUOUS
10
3.8839205905511811
20
-2.2133353937007874
11
3.8837646850393699
21
-2.2133103937007874
0
LINE
8
F.Silkscreen
6
CONTINUOUS
10
3.8837646850393699
20
-2.2133103937007874
11
3.8836080708661416
21
-2.2133312204724409
0
LINE
8
F.Silkscreen
6
CONTINUOUS
10
3.8836080708661416
20
-2.2133312204724409
11
3.8831762598425197
21
-2.2132160629921258
0
LINE
8
F.Silkscreen
6
CONTINUOUS
10
3.8831762598425197
20
-2.2132160629921258
11
3.8827355905511811
21
-2.2131454330708662
0
LINE
8
F.Silkscreen
6
CONTINUOUS
10
3.8827355905511811
20
-2.2131454330708662
11
3.8826011811023622
21
-2.2130627165354331
0
LINE
8
F.Silkscreen
6
CONTINUOUS
10
3.8826011811023622
20
-2.2130627165354331
11
3.8824485039370078
21
-2.2130220078740157
0
LINE
8
F.Silkscreen
6
CONTINUOUS
10
3.8824485039370078
20
-2.2130220078740157
11
3.8820936220472442
21
-2.2127503937007873
0
LINE
8
F.Silkscreen
6
CONTINUOUS
10
3.8820936220472442
20
-2.2127503937007873
11
3.8817135039370076
21
-2.2125164566929132
0
LINE
8
F.Silkscreen
6
CONTINUOUS
10
3.8817135039370076
20
-2.2125164566929132
11
3.8816209448818895
21
-2.2123885826771654
0
LINE
8
F.Silkscreen
6
CONTINUOUS
10
3.8816209448818895
20
-2.2123885826771654
11
3.8814955118110235
21
-2.2122925590551179
0
LINE
8
F.Silkscreen
6
CONTINUOUS
10
3.8814955118110235
20
-2.2122925590551179
11
3.8812716141732282
21
-2.2119058661417323
0
LINE
8
F.Silkscreen
6
CONTINUOUS
10
3.8812716141732282
20
-2.2119058661417323
11
3.8810099212598423
21
-2.211544212598425
0
LINE
8
F.Silkscreen
6
CONTINUOUS
10
3.8810099212598423
20
-2.211544212598425
11
3.8809328740157478
21
-2.2113207086614173
0
LINE
8
F.Silkscreen
6
CONTINUOUS
10
3.8809328740157478
20
-2.2113207086614173
11
3.8808942125984252
21
-2.2112539370078741
0
LINE
8
F.Silkscreen
6
CONTINUOUS
10
3.8808942125984252
20
-2.2112539370078741
11
3.8808843700787401
21
-2.2111800393700789
0
LINE
8
F.Silkscreen
6
CONTINUOUS
10
3.8808843700787401
20
-2.2111800393700789
11
3.8808134251968505
21
-2.2109741732283466
0
LINE
8
F.Silkscreen
6
CONTINUOUS
10
3.8808134251968505
20
-2.2109741732283466
11
3.8690961811023623
21
-2.1617615748031493
0
LINE
8
F.Silkscreen
6
CONTINUOUS
10
3.8690961811023623
20
-2.1617615748031493
11
3.8690146850393701
21
-2.1611641732283462
0
LINE
8
F.Silkscreen
6
CONTINUOUS
10
3.8690146850393701
20
-2.1611641732283462
11
3.8692046062992125
21
-2.1599791732283462
0
LINE
8
F.Silkscreen
6
CONTINUOUS
10
3.8692046062992125
20
-2.1599791732283462
11
3.8698335826771655
21
-2.1589570866141732
0
LINE
8
F.Silkscreen
6
CONTINUOUS
10
3.8698335826771655
20
-2.1589570866141732
11
3.8708058661417324
21
-2.1582535039370079
0
LINE
8
F.Silkscreen
6
CONTINUOUS
10
3.8708058661417324
20
-2.1582535039370079
11
3.871973307086614
21
-2.1579755511811025
0
LINE
8
F.Silkscreen
6
CONTINUOUS
10
3.871973307086614
20
-2.1579755511811025
11
3.873158307086614
21
-2.1581654724409449
0
LINE
8
F.Silkscreen
6
CONTINUOUS
10
3.873158307086614
20
-2.1581654724409449
11
3.8741803937007875
21
-2.1587944488188975
0
LINE
8
F.Silkscreen
6
CONTINUOUS
10
3.8741803937007875
20
-2.1587944488188975
11
3.8748839763779528
21
-2.1597667322834644
0
LINE
8
F.Silkscreen
6
CONTINUOUS
10
3.8748839763779528
20
-2.1597667322834644
11
3.8750804330708659
21
-2.1603367716535433
0
LINE
8
F.Silkscreen
6
CONTINUOUS
10
3.8750804330708659
20
-2.1603367716535433
11
3.8839743700787399
21
-2.1976914173228348
0
LINE
8
F.Silkscreen
6
CONTINUOUS
10
3.8839743700787399
20
-2.1976914173228348
11
3.8902074803149604
21
-2.174317401574803
0
LINE
8
F.Silkscreen
6
CONTINUOUS
10
3.8902074803149604
20
-2.174317401574803
11
3.8902601574803151
21
-2.1741768503937009
0
LINE
8
F.Silkscreen
6
CONTINUOUS
10
3.8902601574803151
20
-2.1741768503937009
11
3.8902680314960629
21
-2.1741177559055118
0
LINE
8
F.Silkscreen
6
CONTINUOUS
10
3.8902680314960629
20
-2.1741177559055118
11
3.890308622047244
21
-2.1740475984251968
0
LINE
8
F.Silkscreen
6
CONTINUOUS
10
3.890308622047244
20
-2.1740475984251968
11
3.8904191732283464
21
-2.1737528346456694
0
LINE
8
F.Silkscreen
6
CONTINUOUS
10
3.8904191732283464
20
-2.1737528346456694
11
3.8906659448818899
21
-2.1734303937007873
0
LINE
8
F.Silkscreen
6
CONTINUOUS
10
3.8906659448818899
20
-2.1734303937007873
11
3.8908693307086613
21
-2.1730791338582676
0
LINE
8
F.Silkscreen
6
CONTINUOUS
10
3.8908693307086613
20
-2.1730791338582676
11
3.8910275196850392
21
-2.172958031496063
0
LINE
8
F.Silkscreen
6
CONTINUOUS
10
3.8910275196850392
20
-2.172958031496063
11
3.8911486220472442
21
-2.1727998425196851
0
LINE
8
F.Silkscreen
6
CONTINUOUS
10
3.8911486220472442
20
-2.1727998425196851
11
3.8914998818897635
21
-2.1725964566929132
0
LINE
8
F.Silkscreen
6
CONTINUOUS
10
3.8914998818897635
20
-2.1725964566929132
11
3.8918223228346456
21
-2.1723496850393702
0
LINE
8
F.Silkscreen
6
CONTINUOUS
10
3.8918223228346456
20
-2.1723496850393702
11
3.8920148425196848
21
-2.172298307086614
0
LINE
8
F.Silkscreen
6
CONTINUOUS
10
3.8920148425196848
20
-2.172298307086614
11
3.892187244094488
21
-2.1721985433070867
0
LINE
8
F.Silkscreen
6
CONTINUOUS
10
3.892187244094488
20
-2.1721985433070867
11
3.8925895669291339
21
-2.1721450787401575
0
LINE
8
F.Silkscreen
6
CONTINUOUS
10
3.8925895669291339
20
-2.1721450787401575
11
3.8929818897637793
21
-2.172040472440945
0
LINE
8
F.Silkscreen
6
CONTINUOUS
10
3.8929818897637793
20
-2.172040472440945
11
3.8931794094488188
21
-2.1720666929133858
0
LINE
8
F.Silkscreen
6
CONTINUOUS
10
3.8931794094488188
20
-2.1720666929133858
11
3.8933769291338582
21
-2.172040472440945
0
LINE
8
F.Silkscreen
6
CONTINUOUS
10
3.8933769291338582
20
-2.172040472440945
11
3.8937692125984249
21
-2.1721450787401575
0
LINE
8
F.Silkscreen
6
CONTINUOUS
10
3.8937692125984249
20
-2.1721450787401575
11
3.8941715748031496
21
-2.1721985433070867
0
LINE
8
F.Silkscreen
6
CONTINUOUS
10
3.8941715748031496
20
-2.1721985433070867
11
3.8943439370078741
21
-2.172298307086614
0
LINE
8
F.Silkscreen
6
CONTINUOUS
10
3.8943439370078741
20
-2.172298307086614
11
3.894536496062992
21
-2.1723496850393702
0
LINE
8
F.Silkscreen
6
CONTINUOUS
10
3.894536496062992
20
-2.1723496850393702
11
3.8948588976377954
21
-2.1725964566929132
0
LINE
8
F.Silkscreen
6
CONTINUOUS
10
3.8948588976377954
20
-2.1725964566929132
11
3.8952101968503938
21
-2.1727998425196851
0
LINE
8
F.Silkscreen
6
CONTINUOUS
10
3.8952101968503938
20
-2.1727998425196851
11
3.8953312598425196
21
-2.172958031496063
0
LINE
8
F.Silkscreen
6
CONTINUOUS
10
3.8953312598425196
20
-2.172958031496063
11
3.8954894881889763
21
-2.1730791338582676
0
LINE
8
F.Silkscreen
6
CONTINUOUS
10
3.8954894881889763
20
-2.1730791338582676
11
3.8956928346456694
21
-2.1734303937007873
0
LINE
8
F.Silkscreen
6
CONTINUOUS
10
3.8956928346456694
20
-2.1734303937007873
11
3.8959396456692912
21
-2.1737528346456694
0
LINE
8
F.Silkscreen
6
CONTINUOUS
10
3.8959396456692912
20
-2.1737528346456694
11
3.8960501574803148
21
-2.1740475984251968
0
LINE
8
F.Silkscreen
6
CONTINUOUS
10
3.8960501574803148
20
-2.1740475984251968
11
3.8960907874015747
21
-2.1741177559055118
0
LINE
8
F.Silkscreen
6
CONTINUOUS
10
3.8960907874015747
20
-2.1741177559055118
11
3.8960986220472442
21
-2.1741768503937009
0
LINE
8
F.Silkscreen
6
CONTINUOUS
10
3.8960986220472442
20
-2.1741768503937009
11
3.8961513385826771
21
-2.174317401574803
0
LINE
8
F.Silkscreen
6
CONTINUOUS
10
3.8961513385826771
20
-2.174317401574803
11
3.9023844094488189
21
-2.1976914566929135
0
LINE
8
F.Silkscreen
6
CONTINUOUS
10
3.9023844094488189
20
-2.1976914566929135
11
3.9112784251968504
21
-2.1603367322834646
0
LINE
8
F.Silkscreen
6
CONTINUOUS
10
3.9112784251968504
20
-2.1603367322834646
11
3.9114748818897636
21
-2.1597666929133856
0
LINE
8
F.Silkscreen
6
CONTINUOUS
10
3.9114748818897636
20
-2.1597666929133856
11
3.9121784645669289
21
-2.1587944488188975
0
LINE
8
F.Silkscreen
6
CONTINUOUS
10
3.9121784645669289
20
-2.1587944488188975
11
3.9132005511811023
21
-2.1581654724409449
0
LINE
8
F.Silkscreen
6
CONTINUOUS
10
3.9132005511811023
20
-2.1581654724409449
11
3.9143855511811023
21
-2.1579755118110238
0
LINE
8
F.Silkscreen
6
CONTINUOUS
10
3.9143855511811023
20
-2.1579755118110238
11
3.915552992125984
21
-2.1582535039370079
0
LINE
8
F.Silkscreen
6
CONTINUOUS
10
5.2898555118110231
20
-1.9614967716535432
11
5.2906832283464569
21
-1.9623244881889763
0
LINE
8
F.Silkscreen
6
CONTINUOUS
10
5.2906832283464569
20
-1.9623244881889763
11
5.2911311811023625
21
-1.9634059055118109
0
LINE
8
F.Silkscreen
6
CONTINUOUS
10
5.2911311811023625
20
-1.9634059055118109
11
5.2911888188976377
21
-1.9639911811023623
0
LINE
8
F.Silkscreen
6
CONTINUOUS
10
5.2911888188976377
20
-1.9639911811023623
11
5.2911888188976377
21
-2.1509990551181102
0
LINE
8
F.Silkscreen
6
CONTINUOUS
10
5.2911888188976377
20
-2.1509990551181102
11
5.2911311811023625
21
-2.1515843307086615
0
LINE
8
F.Silkscreen
6
CONTINUOUS
10
5.2911311811023625
20
-2.1515843307086615
11
5.2906832283464569
21
-2.1526657480314961
0
LINE
8
F.Silkscreen
6
CONTINUOUS
10
5.2906832283464569
20
-2.1526657480314961
11
5.2898555118110231
21
-2.153493464566929
0
LINE
8
F.Silkscreen
6
CONTINUOUS
10
5.2898555118110231
20
-2.153493464566929
11
5.2887740944881889
21
-2.1539414173228346
0
LINE
8
F.Silkscreen
6
CONTINUOUS
10
5.2887740944881889
20
-2.1539414173228346
11
5.2876035433070863
21
-2.1539414173228346
0
LINE
8
F.Silkscreen
6
CONTINUOUS
10
5.2876035433070863
20
-2.1539414173228346
11
5.2865221259842521
21
-2.153493464566929
0
LINE
8
F.Silkscreen
6
CONTINUOUS
10
5.2865221259842521
20
-2.153493464566929
11
5.2856944094488192
21
-2.1526657480314961
0
LINE
8
F.Silkscreen
6
CONTINUOUS
10
5.2856944094488192
20
-2.1526657480314961
11
5.2852464566929136
21
-2.1515843307086615
0
LINE
8
F.Silkscreen
6
CONTINUOUS
10
5.2852464566929136
20
-2.1515843307086615
11
5.2851888188976375
21
-2.1509990551181102
0
LINE
8
F.Silkscreen
6
CONTINUOUS
10
5.2851888188976375
20
-2.1509990551181102
11
5.2851888188976375
21
-1.9639911811023623
0
LINE
8
F.Silkscreen
6
CONTINUOUS
10
5.2851888188976375
20
-1.9639911811023623
11
5.2852464566929136
21
-1.9634059055118109
0
LINE
8
F.Silkscreen
6
CONTINUOUS
10
5.2852464566929136
20
-1.9634059055118109
11
5.2856944094488192
21
-1.9623244881889763
0
LINE
8
F.Silkscreen
6
CONTINUOUS
10
5.2856944094488192
20
-1.9623244881889763
11
5.2865221259842521
21
-1.9614967716535432
0
LINE
8
F.Silkscreen
6
CONTINUOUS
10
5.2865221259842521
20
-1.9614967716535432
11
5.2876035433070863
21
-1.9610488188976378
0
LINE
8
F.Silkscreen
6
CONTINUOUS
10
5.2876035433070863
20
-1.9610488188976378
11
5.2887740944881889
21
-1.9610488188976378
0
LINE
8
F.Silkscreen
6
CONTINUOUS
10
5.2887740944881889
20
-1.9610488188976378
11
5.2898555118110231
21
-1.9614967716535432
0
LINE
8
F.Silkscreen
6
CONTINUOUS
10
3.9219009448818896
20
-2.0580324803149606
11
3.922002992125984
21
-2.0580747244094488
0
LINE
8
F.Silkscreen
6
CONTINUOUS
10
3.922002992125984
20
-2.0580747244094488
11
3.9221133070866139
21
-2.0580825984251967
0
LINE
8
F.Silkscreen
6
CONTINUOUS
10
3.9221133070866139
20
-2.0580825984251967
11
3.9226764566929133
21
-2.0582981102362203
0
LINE
8
F.Silkscreen
6
CONTINUOUS
10
3.9226764566929133
20
-2.0582981102362203
11
3.9273633858267716
21
-2.0606415748031495
0
LINE
8
F.Silkscreen
6
CONTINUOUS
10
3.9273633858267716
20
-2.0606415748031495
11
3.9276216929133856
21
-2.0608041732283464
0
LINE
8
F.Silkscreen
6
CONTINUOUS
10
3.9276216929133856
20
-2.0608041732283464
11
3.9276966535433071
21
-2.0608352362204725
0
LINE
8
F.Silkscreen
6
CONTINUOUS
10
3.9276966535433071
20
-2.0608352362204725
11
3.9277810629921257
21
-2.0609044881889762
0
LINE
8
F.Silkscreen
6
CONTINUOUS
10
3.9277810629921257
20
-2.0609044881889762
11
3.9278736614173226
21
-2.0609627952755907
0
LINE
8
F.Silkscreen
6
CONTINUOUS
10
3.9278736614173226
20
-2.0609627952755907
11
3.9279268897637794
21
-2.0610241338582678
0
LINE
8
F.Silkscreen
6
CONTINUOUS
10
3.9279268897637794
20
-2.0610241338582678
11
3.9281627559055119
21
-2.0612177165354328
0
LINE
8
F.Silkscreen
6
CONTINUOUS
10
3.9281627559055119
20
-2.0612177165354328
11
3.930506220472441
21
-2.0635612204724407
0
LINE
8
F.Silkscreen
6
CONTINUOUS
10
3.930506220472441
20
-2.0635612204724407
11
3.9306997637795273
21
-2.0637970472440945
0
LINE
8
F.Silkscreen
6
CONTINUOUS
10
3.9306997637795273
20
-2.0637970472440945
11
3.9307611811023619
21
-2.06385031496063
0
LINE
8
F.Silkscreen
6
CONTINUOUS
10
3.9307611811023619
20
-2.06385031496063
11
3.9308193700787402
21
-2.0639427559055119
0
LINE
8
F.Silkscreen
6
CONTINUOUS
10
3.9308193700787402
20
-2.0639427559055119
11
3.9308887401574801
21
-2.0640272834645668
0
LINE
8
F.Silkscreen
6
CONTINUOUS
10
3.9308887401574801
20
-2.0640272834645668
11
3.930919842519685
21
-2.0641024015748033
0
LINE
8
F.Silkscreen
6
CONTINUOUS
10
3.930919842519685
20
-2.0641024015748033
11
3.9310823622047244
21
-2.064360590551181
0
LINE
8
F.Silkscreen
6
CONTINUOUS
10
3.9310823622047244
20
-2.064360590551181
11
3.9334257874015748
21
-2.0690475196850393
0
LINE
8
F.Silkscreen
6
CONTINUOUS
10
3.9334257874015748
20
-2.0690475196850393
11
3.9336412992125984
21
-2.06961062992126
0
LINE
8
F.Silkscreen
6
CONTINUOUS
10
3.9336412992125984
20
-2.06961062992126
11
3.9336491338582675
21
-2.0697209055118111
0
LINE
8
F.Silkscreen
6
CONTINUOUS
10
3.9336491338582675
20
-2.0697209055118111
11
3.9336914173228346
21
-2.0698229921259843
0
LINE
8
F.Silkscreen
6
CONTINUOUS
10
3.9336914173228346
20
-2.0698229921259843
11
3.9337505118110236
21
-2.070423031496063
0
LINE
8
F.Silkscreen
6
CONTINUOUS
10
3.9337505118110236
20
-2.070423031496063
11
3.9337505118110236
21
-2.0751099212598425
0
LINE
8
F.Silkscreen
6
CONTINUOUS
10
3.9337505118110236
20
-2.0751099212598425
11
3.933720590551181
21
-2.0754134645669291
0
LINE
8
F.Silkscreen
6
CONTINUOUS
10
3.933720590551181
20
-2.0754134645669291
11
3.9337263779527558
21
-2.0754946062992126
0
LINE
8
F.Silkscreen
6
CONTINUOUS
10
3.9337263779527558
20
-2.0754946062992126
11
3.933702086614173
21
-2.0756012598425198
0
LINE
8
F.Silkscreen
6
CONTINUOUS
10
3.933702086614173
20
-2.0756012598425198
11
3.9336914173228346
21
-2.0757099606299212
0
LINE
8
F.Silkscreen
6
CONTINUOUS
10
3.9336914173228346
20
-2.0757099606299212
11
3.9336603149606297
21
-2.075784960629921
0
LINE
8
F.Silkscreen
6
CONTINUOUS
10
3.9336603149606297
20
-2.075784960629921
11
3.9335926771653544
21
-2.0760825590551182
0
LINE
8
F.Silkscreen
6
CONTINUOUS
10
3.9335926771653544
20
-2.0760825590551182
11
3.9312492519685041
21
-2.0831129527559056
0
LINE
8
F.Silkscreen
6
CONTINUOUS
10
3.9312492519685041
20
-2.0831129527559056
11
3.9310034251968502
21
-2.0836635039370077
0
LINE
8
F.Silkscreen
6
CONTINUOUS
10
3.9310034251968502
20
-2.0836635039370077
11
3.9309310236220472
21
-2.0837469685039371
0
LINE
8
F.Silkscreen
6
CONTINUOUS
10
3.9309310236220472
20
-2.0837469685039371
11
3.9308887007874014
21
-2.0838491732283466
0
LINE
8
F.Silkscreen
6
CONTINUOUS
10
3.9308887007874014
20
-2.0838491732283466
11
3.930506220472441
21
-2.0843152362204722
0
LINE
8
F.Silkscreen
6
CONTINUOUS
10
3.930506220472441
20
-2.0843152362204722
11
3.9076354330708662
21
-2.1071859842519682
0
LINE
8
F.Silkscreen
6
CONTINUOUS
10
3.9076354330708662
20
-2.1071859842519682
11
3.9306747244094487
21
-2.1071859842519682
0
LINE
8
F.Silkscreen
6
CONTINUOUS
10
3.9306747244094487
20
-2.1071859842519682
11
3.9312747637795273
21
-2.1072450787401573
0
LINE
8
F.Silkscreen
6
CONTINUOUS
10
3.9312747637795273
20
-2.1072450787401573
11
3.9323835433070866
21
-2.1077043307086614
0
LINE
8
F.Silkscreen
6
CONTINUOUS
10
3.9323835433070866
20
-2.1077043307086614
11
3.9332321653543305
21
-2.1085529527559053
0
LINE
8
F.Silkscreen
6
CONTINUOUS
10
3.9332321653543305
20
-2.1085529527559053
11
3.9336914173228346
21
-2.1096617322834645
0
LINE
8
F.Silkscreen
6
CONTINUOUS
10
3.9336914173228346
20
-2.1096617322834645
11
3.9336914173228346
21
-2.1108618110236219
0
LINE
8
F.Silkscreen
6
CONTINUOUS
10
3.9336914173228346
20
-2.1108618110236219
11
3.9332321653543305
21
-2.1119705905511812
0
LINE
8
F.Silkscreen
6
CONTINUOUS
10
3.9332321653543305
20
-2.1119705905511812
11
3.9323835433070866
21
-2.1128192125984251
0
LINE
8
F.Silkscreen
6
CONTINUOUS
10
3.9323835433070866
20
-2.1128192125984251
11
3.9312747637795273
21
-2.1132784645669291
0
LINE
8
F.Silkscreen
6
CONTINUOUS
10
3.9312747637795273
20
-2.1132784645669291
11
3.9306747244094487
21
-2.1133375590551182
0
LINE
8
F.Silkscreen
6
CONTINUOUS
10
3.9306747244094487
20
-2.1133375590551182
11
3.9002098031496062
21
-2.1133375590551182
0
LINE
8
F.Silkscreen
6
CONTINUOUS
10
3.9002098031496062
20
-2.1133375590551182
11
3.8996097637795275
21
-2.1132784645669291
0
LINE
8
F.Silkscreen
6
CONTINUOUS
10
3.8996097637795275
20
-2.1132784645669291
11
3.8996097244094488
21
-2.1132784645669291
0
LINE
8
F.Silkscreen
6
CONTINUOUS
10
3.8996097244094488
20
-2.1132784645669291
11
3.8992849606299211
21
-2.113143937007874
0
LINE
8
F.Silkscreen
6
CONTINUOUS
10
3.8992849606299211
20
-2.113143937007874
11
3.8985009842519682
21
-2.1128192125984251
0
LINE
8
F.Silkscreen
6
CONTINUOUS
10
3.8985009842519682
20
-2.1128192125984251
11
3.8976523622047243
21
-2.1119705905511812
0
LINE
8
F.Silkscreen
6
CONTINUOUS
10
3.8976523622047243
20
-2.1119705905511812
11
3.8971931102362203
21
-2.1108618110236219
0
LINE
8
F.Silkscreen
6
CONTINUOUS
10
3.8971931102362203
20
-2.1108618110236219
11
3.8971931102362203
21
-2.1096617322834645
0
LINE
8
F.Silkscreen
6
CONTINUOUS
10
3.8971931102362203
20
-2.1096617322834645
11
3.8976523622047243
21
-2.1085529527559053
0
LINE
8
F.Silkscreen
6
CONTINUOUS
10
3.8976523622047243
20
-2.1085529527559053
11
3.8976525590551181
21
-2.1085527165354332
0
LINE
8
F.Silkscreen
6
CONTINUOUS
10
3.8976525590551181
20
-2.1085527165354332
11
3.8980348818897639
21
-2.1080868503937009
0
LINE
8
F.Silkscreen
6
CONTINUOUS
10
3.8980348818897639
20
-2.1080868503937009
11
3.9256429527559056
21
-2.0804787795275592
0
LINE
8
F.Silkscreen
6
CONTINUOUS
10
3.9256429527559056
20
-2.0804787795275592
11
3.9275989370078741
21
-2.0746107874015749
0
LINE
8
F.Silkscreen
6
CONTINUOUS
10
3.9275989370078741
20
-2.0746107874015749
11
3.9275989370078741
21
-2.0711490551181102
0
LINE
8
F.Silkscreen
6
CONTINUOUS
10
3.9275989370078741
20
-2.0711490551181102
11
3.9258034251968503
21
-2.0675580708661419
0
LINE
8
F.Silkscreen
6
CONTINUOUS
10
3.9258034251968503
20
-2.0675580708661419
11
3.9241657874015745
21
-2.065920433070866
0
LINE
8
F.Silkscreen
6
CONTINUOUS
10
3.9241657874015745
20
-2.065920433070866
11
3.9205748031496062
21
-2.064124960629921
0
LINE
8
F.Silkscreen
6
CONTINUOUS
10
3.9205748031496062
20
-2.064124960629921
11
3.9103097244094487
21
-2.064124960629921
0
LINE
8
F.Silkscreen
6
CONTINUOUS
10
3.9103097244094487
20
-2.064124960629921
11
3.9067186614173228
21
-2.0659204724409448
0
LINE
8
F.Silkscreen
6
CONTINUOUS
10
3.9067186614173228
20
-2.0659204724409448
11
3.9047281889763781
21
-2.067911023622047
0
LINE
8
F.Silkscreen
6
CONTINUOUS
10
3.9047281889763781
20
-2.067911023622047
11
3.9042620866141733
21
-2.0682935039370078
0
LINE
8
F.Silkscreen
6
CONTINUOUS
10
3.9042620866141733
20
-2.0682935039370078
11
3.9031533464566928
21
-2.0687527952755906
0
LINE
8
F.Silkscreen
6
CONTINUOUS
10
3.9031533464566928
20
-2.0687527952755906
11
3.9019531889763779
21
-2.0687527952755906
0
LINE
8
F.Silkscreen
6
CONTINUOUS
10
3.9019531889763779
20
-2.0687527952755906
11
3.9008444488188974
21
-2.0682935039370078
0
LINE
8
F.Silkscreen
6
CONTINUOUS
10
3.9008444488188974
20
-2.0682935039370078
11
3.8999958661417322
21
-2.0674449212598427
0
LINE
8
F.Silkscreen
6
CONTINUOUS
10
3.8999958661417322
20
-2.0674449212598427
11
3.8995365748031494
21
-2.0663361811023622
0
LINE
8
F.Silkscreen
6
CONTINUOUS
10
3.8995365748031494
20
-2.0663361811023622
11
3.8995365748031494
21
-2.0651360236220473
0
LINE
8
F.Silkscreen
6
CONTINUOUS
10
3.8995365748031494
20
-2.0651360236220473
11
3.8999958661417322
21
-2.0640272834645668
0
LINE
8
F.Silkscreen
6
CONTINUOUS
10
3.8999958661417322
20
-2.0640272834645668
11
3.900378346456693
21
-2.063561181102362
0
LINE
8
F.Silkscreen
6
CONTINUOUS
10
3.900378346456693
20
-2.063561181102362
11
3.9027218503937009
21
-2.0612177165354328
0
LINE
8
F.Silkscreen
6
CONTINUOUS
10
3.9027218503937009
20
-2.0612177165354328
11
3.9029577952755905
21
-2.0610240157480315
0
LINE
8
F.Silkscreen
6
CONTINUOUS
10
3.9029577952755905
20
-2.0610240157480315
11
3.9030109448818897
21
-2.0609627952755907
0
LINE
8
F.Silkscreen
6
CONTINUOUS
10
3.9030109448818897
20
-2.0609627952755907
11
3.9031032283464566
21
-2.06090468503937
0
LINE
8
F.Silkscreen
6
CONTINUOUS
10
3.9031032283464566
20
-2.06090468503937
11
3.9031879133858265
21
-2.0608351968503937
0
LINE
8
F.Silkscreen
6
CONTINUOUS
10
3.9031879133858265
20
-2.0608351968503937
11
3.9032630708661418
21
-2.0608040551181102
0
LINE
8
F.Silkscreen
6
CONTINUOUS
10
3.9032630708661418
20
-2.0608040551181102
11
3.903521181102362
21
-2.0606415748031495
0
LINE
8
F.Silkscreen
6
CONTINUOUS
10
3.903521181102362
20
-2.0606415748031495
11
3.9082080708661415
21
-2.0582981102362203
0
LINE
8
F.Silkscreen
6
CONTINUOUS
10
3.9082080708661415
20
-2.0582981102362203
11
3.908771220472441
21
-2.0580825984251967
0
LINE
8
F.Silkscreen
6
CONTINUOUS
10
3.908771220472441
20
-2.0580825984251967
11
3.9088814960629921
21
-2.0580747244094488
0
LINE
8
F.Silkscreen
6
CONTINUOUS
10
3.9088814960629921
20
-2.0580747244094488
11
3.9089835826771653
21
-2.0580324803149606
0
LINE
8
F.Silkscreen
6
CONTINUOUS
10
3.9089835826771653
20
-2.0580324803149606
11
3.909583622047244
21
-2.0579733858267715
0
LINE
8
F.Silkscreen
6
CONTINUOUS
10
3.909583622047244
20
-2.0579733858267715
11
3.9213009055118109
21
-2.0579733858267715
0
LINE
8
F.Silkscreen
6
CONTINUOUS
10
3.9213009055118109
20
-2.0579733858267715
11
3.9219009448818896
21
-2.0580324803149606
0
LINE
8
F.Silkscreen
6
CONTINUOUS
10
3.8537447637795275
20
-2.0580324803149606
11
3.8539407086614172
21
-2.0580324803149606
0
LINE
8
F.Silkscreen
6
CONTINUOUS
10
3.8539407086614172
20
-2.0580324803149606
11
3.8543185039370078
21
-2.0581889370078739
0
LINE
8
F.Silkscreen
6
CONTINUOUS
10
3.8543185039370078
20
-2.0581889370078739
11
3.8547133464566929
21
-2.0582966535433069
0
LINE
8
F.Silkscreen
6
CONTINUOUS
10
3.8547133464566929
20
-2.0582966535433069
11
3.8548683464566929
21
-2.0584166929133856
0
LINE
8
F.Silkscreen
6
CONTINUOUS
10
3.8548683464566929
20
-2.0584166929133856
11
3.8550494881889761
21
-2.0584917322834646
0
LINE
8
F.Silkscreen
6
CONTINUOUS
10
3.8550494881889761
20
-2.0584917322834646
11
3.8553387401574803
21
-2.0587809842519684
0
LINE
8
F.Silkscreen
6
CONTINUOUS
10
3.8553387401574803
20
-2.0587809842519684
11
3.8556622047244096
21
-2.0590314960629921
0
LINE
8
F.Silkscreen
6
CONTINUOUS
10
3.8556622047244096
20
-2.0590314960629921
11
3.8558407086614173
21
-2.0592829527559053
0
LINE
8
F.Silkscreen
6
CONTINUOUS
10
3.8558407086614173
20
-2.0592829527559053
11
3.8558981102362204
21
-2.0593403543307085
0
LINE
8
F.Silkscreen
6
CONTINUOUS
10
3.8558981102362204
20
-2.0593403543307085
11
3.8559214173228344
21
-2.059396653543307
0
LINE
8
F.Silkscreen
6
CONTINUOUS
10
3.8559214173228344
20
-2.059396653543307
11
3.8560112204724408
21
-2.0595231496062993
0
LINE
8
F.Silkscreen
6
CONTINUOUS
10
3.8560112204724408
20
-2.0595231496062993
11
3.8783863385826769
21
-2.0986796456692911
0
LINE
8
F.Silkscreen
6
CONTINUOUS
10
3.8783863385826769
20
-2.0986796456692911
11
3.8783863385826769
21
-2.0610491732283465
0
LINE
8
F.Silkscreen
6
CONTINUOUS
10
3.8783863385826769
20
-2.0610491732283465
11
3.878445433070866
21
-2.0604491338582678
0
LINE
8
F.Silkscreen
6
CONTINUOUS
10
3.878445433070866
20
-2.0604491338582678
11
3.87890468503937
21
-2.0593403543307085
0
LINE
8
F.Silkscreen
6
CONTINUOUS
10
3.87890468503937
20
-2.0593403543307085
11
3.8797533070866139
21
-2.0584917322834646
0
LINE
8
F.Silkscreen
6
CONTINUOUS
10
3.8797533070866139
20
-2.0584917322834646
11
3.8808620866141732
21
-2.0580324803149606
0
LINE
8
F.Silkscreen
6
CONTINUOUS
10
3.8808620866141732
20
-2.0580324803149606
11
3.8820621653543306
21
-2.0580324803149606
0
LINE
8
F.Silkscreen
6
CONTINUOUS
10
3.8820621653543306
20
-2.0580324803149606
11
3.8831709448818899
21
-2.0584917322834646
0
LINE
8
F.Silkscreen
6
CONTINUOUS
10
3.8831709448818899
20
-2.0584917322834646
11
3.8840195669291337
21
-2.0593403543307085
0
LINE
8
F.Silkscreen
6
CONTINUOUS
10
3.8840195669291337
20
-2.0593403543307085
11
3.8844788188976378
21
-2.0604491338582678
0
LINE
8
F.Silkscreen
6
CONTINUOUS
10
3.8844788188976378
20
-2.0604491338582678
11
3.8845379133858269
21
-2.0610491732283465
0
LINE
8
F.Silkscreen
6
CONTINUOUS
10
3.8845379133858269
20
-2.0610491732283465
11
3.8845379133858269
21
-2.1102617716535432
0
LINE
8
F.Silkscreen
6
CONTINUOUS
10
3.8845379133858269
20
-2.1102617716535432
11
3.8845227165354328
21
-2.1104159842519685
0
LINE
8
F.Silkscreen
6
CONTINUOUS
10
3.8845227165354328
20
-2.1104159842519685
11
3.8845304330708661
21
-2.1104766141732285
0
LINE
8
F.Silkscreen
6
CONTINUOUS
10
3.8845304330708661
20
-2.1104766141732285
11
3.8845090157480313
21
-2.1105550787401572
0
LINE
8
F.Silkscreen
6
CONTINUOUS
10
3.8845090157480313
20
-2.1105550787401572
11
3.8844788188976378
21
-2.1108618110236219
0
LINE
8
F.Silkscreen
6
CONTINUOUS
10
3.8844788188976378
20
-2.1108618110236219
11
3.8843223228346457
21
-2.1112396062992125
0
LINE
8
F.Silkscreen
6
CONTINUOUS
10
3.8843223228346457
20
-2.1112396062992125
11
3.8842146456692914
21
-2.1116344488188976
0
LINE
8
F.Silkscreen
6
CONTINUOUS
10
3.8842146456692914
20
-2.1116344488188976
11
3.8840945669291336
21
-2.1117894488188975
0
LINE
8
F.Silkscreen
6
CONTINUOUS
10
3.8840945669291336
20
-2.1117894488188975
11
3.8840195669291337
21
-2.1119705905511812
0
LINE
8
F.Silkscreen
6
CONTINUOUS
10
3.8840195669291337
20
-2.1119705905511812
11
3.8837302755905512
21
-2.112259842519685
0
LINE
8
F.Silkscreen
6
CONTINUOUS
10
3.8837302755905512
20
-2.112259842519685
11
3.8834798031496063
21
-2.1125833070866142
0
LINE
8
F.Silkscreen
6
CONTINUOUS
10
3.8834798031496063
20
-2.1125833070866142
11
3.883309566929134
21
-2.1126805511811022
0
LINE
8
F.Silkscreen
6
CONTINUOUS
10
3.883309566929134
20
-2.1126805511811022
11
3.8831709448818899
21
-2.1128192125984251
0
LINE
8
F.Silkscreen
6
CONTINUOUS
10
3.8831709448818899
20
-2.1128192125984251
11
3.8827929921259843
21
-2.1129757480314959
0
LINE
8
F.Silkscreen
6
CONTINUOUS
10
3.8827929921259843
20
-2.1129757480314959
11
3.8824378346456694
21
-2.1131787007874014
0
LINE
8
F.Silkscreen
6
CONTINUOUS
10
3.8824378346456694
20
-2.1131787007874014
11
3.8822433070866142
21
-2.1132034251968506
0
LINE
8
F.Silkscreen
6
CONTINUOUS
10
3.8822433070866142
20
-2.1132034251968506
11
3.8820621653543306
21
-2.1132784645669291
0
LINE
8
F.Silkscreen
6
CONTINUOUS
10
3.8820621653543306
20
-2.1132784645669291
11
3.8816532283464564
21
-2.1132784645669291
0
LINE
8
F.Silkscreen
6
CONTINUOUS
10
3.8816532283464564
20
-2.1132784645669291
11
3.8812473228346458
21
-2.1133300787401574
0
LINE
8
F.Silkscreen
6
CONTINUOUS
10
3.8812473228346458
20
-2.1133300787401574
11
3.8810580708661417
21
-2.1132784645669291
0
LINE
8
F.Silkscreen
6
CONTINUOUS
10
3.8810580708661417
20
-2.1132784645669291
11
3.8808620866141732
21
-2.1132784645669291
0
LINE
8
F.Silkscreen
6
CONTINUOUS
10
3.8808620866141732
20
-2.1132784645669291
11
3.8804842125984251
21
-2.1131219291338583
0
LINE
8
F.Silkscreen
6
CONTINUOUS
10
3.8804842125984251
20
-2.1131219291338583
11
3.8800894488188975
21
-2.1130142913385828
0
LINE
8
F.Silkscreen
6
CONTINUOUS
10
3.8800894488188975
20
-2.1130142913385828
11
3.8799344094488188
21
-2.1128942125984254
0
LINE
8
F.Silkscreen
6
CONTINUOUS
10
3.8799344094488188
20
-2.1128942125984254
11
3.8797533070866139
21
-2.1128192125984251
0
LINE
8
F.Silkscreen
6
CONTINUOUS
10
3.8797533070866139
20
-2.1128192125984251
11
3.8794639370078738
21
-2.112529842519685
0
LINE
8
F.Silkscreen
6
CONTINUOUS
10
3.8794639370078738
20
-2.112529842519685
11
3.8791406299212596
21
-2.1122794488188976
0
LINE
8
F.Silkscreen
6
CONTINUOUS
10
3.8791406299212596
20
-2.1122794488188976
11
3.8789622047244094
21
-2.1120281102362206
0
LINE
8
F.Silkscreen
6
CONTINUOUS
10
3.8789622047244094
20
-2.1120281102362206
11
3.87890468503937
21
-2.1119705905511812
0
LINE
8
F.Silkscreen
6
CONTINUOUS
10
3.87890468503937
20
-2.1119705905511812
11
3.8788812992125985
21
-2.1119141338582677
0
LINE
8
F.Silkscreen
6
CONTINUOUS
10
3.8788812992125985
20
-2.1119141338582677
11
3.8787916141732284
21
-2.1117877952755904
0
LINE
8
F.Silkscreen
6
CONTINUOUS
10
3.8787916141732284
20
-2.1117877952755904
11
3.8564164566929131
21
-2.0726312598425198
0
LINE
8
F.Silkscreen
6
CONTINUOUS
10
3.8564164566929131
20
-2.0726312598425198
11
3.8564164566929131
21
-2.1102617716535432
0
LINE
8
F.Silkscreen
6
CONTINUOUS
10
3.8564164566929131
20
-2.1102617716535432
11
3.8563573622047245
21
-2.1108618110236219
0
LINE
8
F.Silkscreen
6
CONTINUOUS
10
3.8563573622047245
20
-2.1108618110236219
11
3.8558981102362204
21
-2.1119705905511812
0
LINE
8
F.Silkscreen
6
CONTINUOUS
10
3.8558981102362204
20
-2.1119705905511812
11
3.8550494881889761
21
-2.1128192125984251
0
LINE
8
F.Silkscreen
6
CONTINUOUS
10
3.8550494881889761
20
-2.1128192125984251
11
3.8539407086614172
21
-2.1132784645669291
0
LINE
8
F.Silkscreen
6
CONTINUOUS
10
3.8539407086614172
20
-2.1132784645669291
11
3.8527406299212599
21
-2.1132784645669291
0
LINE
8
F.Silkscreen
6
CONTINUOUS
10
3.8527406299212599
20
-2.1132784645669291
11
3.8516318503937006
21
-2.1128192125984251
0
LINE
8
F.Silkscreen
6
CONTINUOUS
10
3.8516318503937006
20
-2.1128192125984251
11
3.8507832283464567
21
-2.1119705905511812
0
LINE
8
F.Silkscreen
6
CONTINUOUS
10
3.8507832283464567
20
-2.1119705905511812
11
3.8503239763779527
21
-2.1108618110236219
0
LINE
8
F.Silkscreen
6
CONTINUOUS
10
3.8503239763779527
20
-2.1108618110236219
11
3.8502648818897636
21
-2.1102617716535432
0
LINE
8
F.Silkscreen
6
CONTINUOUS
10
3.8502648818897636
20
-2.1102617716535432
11
3.8502648818897636
21
-2.0610491732283465
0
LINE
8
F.Silkscreen
6
CONTINUOUS
10
3.8502648818897636
20
-2.0610491732283465
11
3.8502800393700785
21
-2.0608949212598424
0
LINE
8
F.Silkscreen
6
CONTINUOUS
10
3.8502800393700785
20
-2.0608949212598424
11
3.8502723622047244
21
-2.0608343307086612
0
LINE
8
F.Silkscreen
6
CONTINUOUS
10
3.8502723622047244
20
-2.0608343307086612
11
3.8502937401574804
21
-2.0607558267716537
0
LINE
8
F.Silkscreen
6
CONTINUOUS
10
3.8502937401574804
20
-2.0607558267716537
11
3.8503239763779527
21
-2.0604491338582678
0
LINE
8
F.Silkscreen
6
CONTINUOUS
10
3.8503239763779527
20
-2.0604491338582678
11
3.850480433070866
21
-2.0600712992125985
0
LINE
8
F.Silkscreen
6
CONTINUOUS
10
3.850480433070866
20
-2.0600712992125985
11
3.850588149606299
21
-2.0596764960629921
0
LINE
8
F.Silkscreen
6
CONTINUOUS
10
3.850588149606299
20
-2.0596764960629921
11
3.8507081889763777
21
-2.0595214566929134
0
LINE
8
F.Silkscreen
6
CONTINUOUS
10
3.8507081889763777
20
-2.0595214566929134
11
3.8507832283464567
21
-2.0593403543307085
0
LINE
8
F.Silkscreen
6
CONTINUOUS
10
3.8507832283464567
20
-2.0593403543307085
11
3.8510724803149605
21
-2.0590510629921259
0
LINE
8
F.Silkscreen
6
CONTINUOUS
10
3.8510724803149605
20
-2.0590510629921259
11
3.8513229921259842
21
-2.0587276377952755
0
LINE
8
F.Silkscreen
6
CONTINUOUS
10
3.8513229921259842
20
-2.0587276377952755
11
3.8514931889763777
21
-2.0586303543307087
0
LINE
8
F.Silkscreen
6
CONTINUOUS
10
3.8514931889763777
20
-2.0586303543307087
11
3.8516318503937006
21
-2.0584917322834646
0
LINE
8
F.Silkscreen
6
CONTINUOUS
10
3.8516318503937006
20
-2.0584917322834646
11
3.8520097637795274
21
-2.058335157480315
0
LINE
8
F.Silkscreen
6
CONTINUOUS
10
3.8520097637795274
20
-2.058335157480315
11
3.8523649606299211
21
-2.0581322440944883
0
LINE
8
F.Silkscreen
6
CONTINUOUS
10
3.8523649606299211
20
-2.0581322440944883
11
3.8525594488188974
21
-2.0581074803149604
0
LINE
8
F.Silkscreen
6
CONTINUOUS
10
3.8525594488188974
20
-2.0581074803149604
11
3.8527406299212599
21
-2.0580324803149606
0
LINE
8
F.Silkscreen
6
CONTINUOUS
10
3.8527406299212599
20
-2.0580324803149606
11
3.8531495669291336
21
-2.0580324803149606
0
LINE
8
F.Silkscreen
6
CONTINUOUS
10
3.8531495669291336
20
-2.0580324803149606
11
3.8535555118110234
21
-2.0579808661417323
0
LINE
8
F.Silkscreen
6
CONTINUOUS
10
3.8535555118110234
20
-2.0579808661417323
11
3.8537447637795275
21
-2.0580324803149606
0
LINE
8
F.Silkscreen
6
CONTINUOUS
10
3.8316149212598423
20
-2.0584917322834646
11
3.8324635433070866
21
-2.0593403543307085
0
LINE
8
F.Silkscreen
6
CONTINUOUS
10
3.8324635433070866
20
-2.0593403543307085
11
3.8329227952755907
21
-2.0604491338582678
0
LINE
8
F.Silkscreen
6
CONTINUOUS
10
3.8329227952755907
20
-2.0604491338582678
11
3.8329818897637793
21
-2.0610491732283465
0
LINE
8
F.Silkscreen
6
CONTINUOUS
10
3.8329818897637793
20
-2.0610491732283465
11
3.8329818897637793
21
-2.1102617716535432
0
LINE
8
F.Silkscreen
6
CONTINUOUS
10
3.8329818897637793
20
-2.1102617716535432
11
3.8329227952755907
21
-2.1108618110236219
0
LINE
8
F.Silkscreen
6
CONTINUOUS
10
3.8329227952755907
20
-2.1108618110236219
11
3.8324635433070866
21
-2.1119705905511812
0
LINE
8
F.Silkscreen
6
CONTINUOUS
10
3.8324635433070866
20
-2.1119705905511812
11
3.8316149212598423
21
-2.1128192125984251
0
LINE
8
F.Silkscreen
6
CONTINUOUS
10
3.8316149212598423
20
-2.1128192125984251
11
3.8305061417322834
21
-2.1132784645669291
0
LINE
8
F.Silkscreen
6
CONTINUOUS
10
3.8305061417322834
20
-2.1132784645669291
11
3.8293060629921261
21
-2.1132784645669291
0
LINE
8
F.Silkscreen
6
CONTINUOUS
10
3.8293060629921261
20
-2.1132784645669291
11
3.8281972834645668
21
-2.1128192125984251
0
LINE
8
F.Silkscreen
6
CONTINUOUS
10
3.8281972834645668
20
-2.1128192125984251
11
3.8273486614173229
21
-2.1119705905511812
0
LINE
8
F.Silkscreen
6
CONTINUOUS
10
3.8273486614173229
20
-2.1119705905511812
11
3.8268894094488188
21
-2.1108618110236219
0
LINE
8
F.Silkscreen
6
CONTINUOUS
10
3.8268894094488188
20
-2.1108618110236219
11
3.8268303149606298
21
-2.1102617716535432
0
LINE
8
F.Silkscreen
6
CONTINUOUS
10
3.8268303149606298
20
-2.1102617716535432
11
3.8268303149606298
21
-2.0610491732283465
0
LINE
8
F.Silkscreen
6
CONTINUOUS
10
3.8268303149606298
20
-2.0610491732283465
11
3.8268894094488188
21
-2.0604491338582678
0
LINE
8
F.Silkscreen
6
CONTINUOUS
10
3.8268894094488188
20
-2.0604491338582678
11
3.8273486614173229
21
-2.0593403543307085
0
LINE
8
F.Silkscreen
6
CONTINUOUS
10
3.8273486614173229
20
-2.0593403543307085
11
3.8281972834645668
21
-2.0584917322834646
0
LINE
8
F.Silkscreen
6
CONTINUOUS
10
3.8281972834645668
20
-2.0584917322834646
11
3.8293060629921261
21
-2.0580324803149606
0
LINE
8
F.Silkscreen
6
CONTINUOUS
10
3.8293060629921261
20
-2.0580324803149606
11
3.8305061417322834
21
-2.0580324803149606
0
LINE
8
F.Silkscreen
6
CONTINUOUS
10
3.8305061417322834
20
-2.0580324803149606
11
3.8316149212598423
21
-2.0584917322834646
0
LINE
8
F.Silkscreen
6
CONTINUOUS
10
5.1067772047244091
20
-2.0280324803149608
11
5.106879251968504
21
-2.0280747244094486
0
LINE
8
F.Silkscreen
6
CONTINUOUS
10
5.106879251968504
20
-2.0280747244094486
11
5.1069895669291334
21
-2.0280825984251969
0
LINE
8
F.Silkscreen
6
CONTINUOUS
10
5.1069895669291334
20
-2.0280825984251969
11
5.1075527165354329
21
-2.0282981102362205
0
LINE
8
F.Silkscreen
6
CONTINUOUS
10
5.1075527165354329
20
-2.0282981102362205
11
5.1122396456692911
21
-2.0306415748031497
0
LINE
8
F.Silkscreen
6
CONTINUOUS
10
5.1122396456692911
20
-2.0306415748031497
11
5.1124978740157481
21
-2.0308041338582679
0
LINE
8
F.Silkscreen
6
CONTINUOUS
10
5.1124978740157481
20
-2.0308041338582679
11
5.1125729527559054
21
-2.0308352362204722
0
LINE
8
F.Silkscreen
6
CONTINUOUS
10
5.1125729527559054
20
-2.0308352362204722
11
5.1126574015748032
21
-2.0309045669291339
0
LINE
8
F.Silkscreen
6
CONTINUOUS
10
5.1126574015748032
20
-2.0309045669291339
11
5.1127499212598426
21
-2.0309627952755904
0
LINE
8
F.Silkscreen
6
CONTINUOUS
10
5.1127499212598426
20
-2.0309627952755904
11
5.1128031496062993
21
-2.0310241732283463
0
LINE
8
F.Silkscreen
6
CONTINUOUS
10
5.1128031496062993
20
-2.0310241732283463
11
5.113039015748031
21
-2.0312177559055118
0
LINE
8
F.Silkscreen
6
CONTINUOUS
10
5.113039015748031
20
-2.0312177559055118
11
5.1177259055118105
21
-2.0359046850393701
0
LINE
8
F.Silkscreen
6
CONTINUOUS
10
5.1177259055118105
20
-2.0359046850393701
11
5.1181084251968505
21
-2.0363707480314961
0
LINE
8
F.Silkscreen
6
CONTINUOUS
10
5.1181084251968505
20
-2.0363707480314961
11
5.1181959448818892
21
-2.0365820472440945
0
LINE
8
F.Silkscreen
6
CONTINUOUS
10
5.1181959448818892
20
-2.0365820472440945
11
5.1183320866141733
21
-2.0367657874015745
0
LINE
8
F.Silkscreen
6
CONTINUOUS
10
5.1183320866141733
20
-2.0367657874015745
11
5.1185349212598421
21
-2.0373335826771655
0
LINE
8
F.Silkscreen
6
CONTINUOUS
10
5.1185349212598421
20
-2.0373335826771655
11
5.1208783858267717
21
-2.0467074015748032
0
LINE
8
F.Silkscreen
6
CONTINUOUS
10
5.1208783858267717
20
-2.0467074015748032
11
5.1208937401574799
21
-2.0468113779527557
0
LINE
8
F.Silkscreen
6
CONTINUOUS
10
5.1208937401574799
20
-2.0468113779527557
11
5.1209111417322832
21
-2.0468533464566927
0
LINE
8
F.Silkscreen
6
CONTINUOUS
10
5.1209111417322832
20
-2.0468533464566927
11
5.1209333858267714
21
-2.0470792125984252
0
LINE
8
F.Silkscreen
6
CONTINUOUS
10
5.1209333858267714
20
-2.0470792125984252
11
5.120966614173228
21
-2.0473038582677163
0
LINE
8
F.Silkscreen
6
CONTINUOUS
10
5.120966614173228
20
-2.0473038582677163
11
5.1209599212598427
21
-2.0473487401574801
0
LINE
8
F.Silkscreen
6
CONTINUOUS
10
5.1209599212598427
20
-2.0473487401574801
11
5.1209702362204723
21
-2.0474533858267714
0
LINE
8
F.Silkscreen
6
CONTINUOUS
10
5.1209702362204723
20
-2.0474533858267714
11
5.1209702362204723
21
-2.063857598425197
0
LINE
8
F.Silkscreen
6
CONTINUOUS
10
5.1209702362204723
20
-2.063857598425197
11
5.1209599212598427
21
-2.0639622047244095
0
LINE
8
F.Silkscreen
6
CONTINUOUS
10
5.1209599212598427
20
-2.0639622047244095
11
5.120966614173228
21
-2.0640071259842521
0
LINE
8
F.Silkscreen
6
CONTINUOUS
10
5.120966614173228
20
-2.0640071259842521
11
5.1209333858267714
21
-2.0642317322834645
0
LINE
8
F.Silkscreen
6
CONTINUOUS
10
5.1209333858267714
20
-2.0642317322834645
11
5.1209111417322832
21
-2.0644576377952757
0
LINE
8
F.Silkscreen
6
CONTINUOUS
10
5.1209111417322832
20
-2.0644576377952757
11
5.1208937401574799
21
-2.0644995669291339
0
LINE
8
F.Silkscreen
6
CONTINUOUS
10
5.1208937401574799
20
-2.0644995669291339
11
5.1208783858267717
21
-2.0646035826771652
0
LINE
8
F.Silkscreen
6
CONTINUOUS
10
5.1208783858267717
20
-2.0646035826771652
11
5.1185349212598421
21
-2.0739774015748029
0
LINE
8
F.Silkscreen
6
CONTINUOUS
10
5.1185349212598421
20
-2.0739774015748029
11
5.1183320866141733
21
-2.0745451968503938
0
LINE
8
F.Silkscreen
6
CONTINUOUS
10
5.1183320866141733
20
-2.0745451968503938
11
5.1181959448818892
21
-2.0747288976377951
0
LINE
8
F.Silkscreen
6
CONTINUOUS
10
5.1181959448818892
20
-2.0747288976377951
11
5.1181084251968505
21
-2.0749402362204723
0
LINE
8
F.Silkscreen
6
CONTINUOUS
10
5.1181084251968505
20
-2.0749402362204723
11
5.1177259055118105
21
-2.0754062992125983
0
LINE
8
F.Silkscreen
6
CONTINUOUS
10
5.1177259055118105
20
-2.0754062992125983
11
5.113039015748031
21
-2.0800932283464566
0
LINE
8
F.Silkscreen
6
CONTINUOUS
10
5.113039015748031
20
-2.0800932283464566
11
5.1128031102362206
21
-2.0802868110236221
0
LINE
8
F.Silkscreen
6
CONTINUOUS
10
5.1128031102362206
20
-2.0802868110236221
11
5.1127498818897639
21
-2.0803482283464567
0
LINE
8
F.Silkscreen
6
CONTINUOUS
10
5.1127498818897639
20
-2.0803482283464567
11
5.1126573622047244
21
-2.0804064173228345
0
LINE
8
F.Silkscreen
6
CONTINUOUS
10
5.1126573622047244
20
-2.0804064173228345
11
5.1125729527559054
21
-2.0804757480314962
0
LINE
8
F.Silkscreen
6
CONTINUOUS
10
5.1125729527559054
20
-2.0804757480314962
11
5.1124978740157481
21
-2.0805068110236218
0
LINE
8
F.Silkscreen
6
CONTINUOUS
10
5.1124978740157481
20
-2.0805068110236218
11
5.1122396062992124
21
-2.0806694094488187
0
LINE
8
F.Silkscreen
6
CONTINUOUS
10
5.1122396062992124
20
-2.0806694094488187
11
5.1075526771653541
21
-2.0830128346456691
0
LINE
8
F.Silkscreen
6
CONTINUOUS
10
5.1075526771653541
20
-2.0830128346456691
11
5.1069895669291334
21
-2.0832283464566927
0
LINE
8
F.Silkscreen
6
CONTINUOUS
10
5.1069895669291334
20
-2.0832283464566927
11
5.106879251968504
21
-2.0832361811023623
0
LINE
8
F.Silkscreen
6
CONTINUOUS
10
5.106879251968504
20
-2.0832361811023623
11
5.1067772047244091
21
-2.0832784645669289
0
LINE
8
F.Silkscreen
6
CONTINUOUS
10
5.1067772047244091
20
-2.0832784645669289
11
5.1061771653543309
21
-2.083337559055118
0
LINE
8
F.Silkscreen
6
CONTINUOUS
10
5.1061771653543309
20
-2.083337559055118
11
5.0968033464566931
21
-2.083337559055118
0
LINE
8
F.Silkscreen
6
CONTINUOUS
10
5.0968033464566931
20
-2.083337559055118
11
5.096203307086614
21
-2.0832784645669289
0
LINE
8
F.Silkscreen
6
CONTINUOUS
10
5.096203307086614
20
-2.0832784645669289
11
5.0961012204724412
21
-2.0832361811023623
0
LINE
8
F.Silkscreen
6
CONTINUOUS
10
5.0961012204724412
20
-2.0832361811023623
11
5.0959909448818896
21
-2.0832283464566927
0
LINE
8
F.Silkscreen
6
CONTINUOUS
10
5.0959909448818896
20
-2.0832283464566927
11
5.095427834645669
21
-2.0830128346456691
0
LINE
8
F.Silkscreen
6
CONTINUOUS
10
5.095427834645669
20
-2.0830128346456691
11
5.0907409055118107
21
-2.0806694094488187
0
LINE
8
F.Silkscreen
6
CONTINUOUS
10
5.0907409055118107
20
-2.0806694094488187
11
5.0904825590551184
21
-2.0805067716535435
0
LINE
8
F.Silkscreen
6
CONTINUOUS
10
5.0904825590551184
20
-2.0805067716535435
11
5.0904075984251964
21
-2.0804757480314962
0
LINE
8
F.Silkscreen
6
CONTINUOUS
10
5.0904075984251964
20
-2.0804757480314962
11
5.0903231889763783
21
-2.080406496062992
0
LINE
8
F.Silkscreen
6
CONTINUOUS
10
5.0903231889763783
20
-2.080406496062992
11
5.0902306299212601
21
-2.0803482283464567
0
LINE
8
F.Silkscreen
6
CONTINUOUS
10
5.0902306299212601
20
-2.0803482283464567
11
5.0901773622047246
21
-2.0802868110236221
0
LINE
8
F.Silkscreen
6
CONTINUOUS
10
5.0901773622047246
20
-2.0802868110236221
11
5.0899414960629921
21
-2.0800932677165354
0
LINE
8
F.Silkscreen
6
CONTINUOUS
10
5.0899414960629921
20
-2.0800932677165354
11
5.0852546062992126
21
-2.0754062992125983
0
LINE
8
F.Silkscreen
6
CONTINUOUS
10
5.0852546062992126
20
-2.0754062992125983
11
5.0848720866141734
21
-2.0749402362204723
0
LINE
8
F.Silkscreen
6
CONTINUOUS
10
5.0848720866141734
20
-2.0749402362204723
11
5.0847845669291338
21
-2.0747289370078739
0
LINE
8
F.Silkscreen
6
CONTINUOUS
10
5.0847845669291338
20
-2.0747289370078739
11
5.0846484251968507
21
-2.0745451968503938
0
LINE
8
F.Silkscreen
6
CONTINUOUS
10
5.0846484251968507
20
-2.0745451968503938
11
5.0844455905511809
21
-2.0739774015748029
0
LINE
8
F.Silkscreen
6
CONTINUOUS
10
5.0844455905511809
20
-2.0739774015748029
11
5.0821021259842523
21
-2.0646035826771652
0
LINE
8
F.Silkscreen
6
CONTINUOUS
10
5.0821021259842523
20
-2.0646035826771652
11
5.0820867322834644
21
-2.0644995669291339
0
LINE
8
F.Silkscreen
6
CONTINUOUS
10
5.0820867322834644
20
-2.0644995669291339
11
5.0820693700787398
21
-2.0644576377952757
0
LINE
8
F.Silkscreen
6
CONTINUOUS
10
5.0820693700787398
20
-2.0644576377952757
11
5.0820470866141729
21
-2.0642317322834645
0
LINE
8
F.Silkscreen
6
CONTINUOUS
10
5.0820470866141729
20
-2.0642317322834645
11
5.0820138976377951
21
-2.0640071259842521
0
LINE
8
F.Silkscreen
6
CONTINUOUS
10
5.0820138976377951
20
-2.0640071259842521
11
5.0820205511811025
21
-2.0639622047244095
0
LINE
8
F.Silkscreen
6
CONTINUOUS
10
5.0820205511811025
20
-2.0639622047244095
11
5.0820102755905507
21
-2.063857598425197
0
LINE
8
F.Silkscreen
6
CONTINUOUS
10
5.0820102755905507
20
-2.063857598425197
11
5.0820102755905507
21
-2.0474533858267714
0
LINE
8
F.Silkscreen
6
CONTINUOUS
10
5.0820102755905507
20
-2.0474533858267714
11
5.0820205511811025
21
-2.0473487401574801
0
LINE
8
F.Silkscreen
6
CONTINUOUS
10
5.0820205511811025
20
-2.0473487401574801
11
5.0820138976377951
21
-2.0473038582677163
0
LINE
8
F.Silkscreen
6
CONTINUOUS
10
5.0820138976377951
20
-2.0473038582677163
11
5.0820470866141729
21
-2.0470792125984252
0
LINE
8
F.Silkscreen
6
CONTINUOUS
10
5.0820470866141729
20
-2.0470792125984252
11
5.0820693700787398
21
-2.0468533464566927
0
LINE
8
F.Silkscreen
6
CONTINUOUS
10
5.0820693700787398
20
-2.0468533464566927
11
5.0820867322834644
21
-2.0468113779527557
0
LINE
8
F.Silkscreen
6
CONTINUOUS
10
5.0820867322834644
20
-2.0468113779527557
11
5.0821021259842523
21
-2.0467074015748032
0
LINE
8
F.Silkscreen
6
CONTINUOUS
10
5.0821021259842523
20
-2.0467074015748032
11
5.0844455905511809
21
-2.0373335826771655
0
LINE
8
F.Silkscreen
6
CONTINUOUS
10
5.0844455905511809
20
-2.0373335826771655
11
5.0846484251968507
21
-2.0367657874015745
0
LINE
8
F.Silkscreen
6
CONTINUOUS
10
5.0846484251968507
20
-2.0367657874015745
11
5.0847845669291338
21
-2.0365820078740158
0
LINE
8
F.Silkscreen
6
CONTINUOUS
10
5.0847845669291338
20
-2.0365820078740158
11
5.0848720866141734
21
-2.0363707480314961
0
LINE
8
F.Silkscreen
6
CONTINUOUS
10
5.0848720866141734
20
-2.0363707480314961
11
5.0852546062992126
21
-2.0359046850393701
0
LINE
8
F.Silkscreen
6
CONTINUOUS
10
5.0852546062992126
20
-2.0359046850393701
11
5.0899414960629921
21
-2.031217716535433
0
LINE
8
F.Silkscreen
6
CONTINUOUS
10
5.0899414960629921
20
-2.031217716535433
11
5.0901773622047246
21
-2.0310241338582675
0
LINE
8
F.Silkscreen
6
CONTINUOUS
10
5.0901773622047246
20
-2.0310241338582675
11
5.0902306299212601
21
-2.0309627559055117
0
LINE
8
F.Silkscreen
6
CONTINUOUS
10
5.0902306299212601
20
-2.0309627559055117
11
5.090323228346457
21
-2.0309044488188976
0
LINE
8
F.Silkscreen
6
CONTINUOUS
10
5.090323228346457
20
-2.0309044488188976
11
5.0904075984251964
21
-2.0308352362204722
0
LINE
8
F.Silkscreen
6
CONTINUOUS
10
5.0904075984251964
20
-2.0308352362204722
11
5.0904824803149609
21
-2.0308041732283466
0
LINE
8
F.Silkscreen
6
CONTINUOUS
10
5.0904824803149609
20
-2.0308041732283466
11
5.0907408661417319
21
-2.0306415748031497
0
LINE
8
F.Silkscreen
6
CONTINUOUS
10
5.0907408661417319
20
-2.0306415748031497
11
5.095427834645669
21
-2.0282981102362205
0
LINE
8
F.Silkscreen
6
CONTINUOUS
10
5.095427834645669
20
-2.0282981102362205
11
5.0959909448818896
21
-2.0280825984251969
0
LINE
8
F.Silkscreen
6
CONTINUOUS
10
5.0959909448818896
20
-2.0280825984251969
11
5.0961012204724412
21
-2.0280747244094486
0
LINE
8
F.Silkscreen
6
CONTINUOUS
10
5.0961012204724412
20
-2.0280747244094486
11
5.096203307086614
21
-2.0280324803149608
0
LINE
8
F.Silkscreen
6
CONTINUOUS
10
5.096203307086614
20
-2.0280324803149608
11
5.0968033464566931
21
-2.0279733858267717
0
LINE
8
F.Silkscreen
6
CONTINUOUS
10
5.0968033464566931
20
-2.0279733858267717
11
5.1061771653543309
21
-2.0279733858267717
0
LINE
8
F.Silkscreen
6
CONTINUOUS
10
5.1061771653543309
20
-2.0279733858267717
11
5.1067772047244091
21
-2.0280324803149608
0
LINE
8
F.Silkscreen
6
CONTINUOUS
10
5.0939383464566932
20
-2.035920472440945
11
5.0902068110236218
21
-2.0396520472440947
0
LINE
8
F.Silkscreen
6
CONTINUOUS
10
5.0902068110236218
20
-2.0396520472440947
11
5.0881618503937007
21
-2.047831968503937
0
LINE
8
F.Silkscreen
6
CONTINUOUS
10
5.0881618503937007
20
-2.047831968503937
11
5.0881618503937007
21
-2.0634789763779526
0
LINE
8
F.Silkscreen
6
CONTINUOUS
10
5.0881618503937007
20
-2.0634789763779526
11
5.0902068110236218
21
-2.0716588976377954
0
LINE
8
F.Silkscreen
6
CONTINUOUS
10
5.0902068110236218
20
-2.0716588976377954
11
5.0939383464566932
21
-2.0753904724409447
0
LINE
8
F.Silkscreen
6
CONTINUOUS
10
5.0939383464566932
20
-2.0753904724409447
11
5.0975294094488186
21
-2.0771859842519684
0
LINE
8
F.Silkscreen
6
CONTINUOUS
10
5.0975294094488186
20
-2.0771859842519684
11
5.1054511023622045
21
-2.0771859842519684
0
LINE
8
F.Silkscreen
6
CONTINUOUS
10
5.1054511023622045
20
-2.0771859842519684
11
5.1090420866141733
21
-2.0753904724409447
0
LINE
8
F.Silkscreen
6
CONTINUOUS
10
5.1090420866141733
20
-2.0753904724409447
11
5.1127736614173225
21
-2.0716588582677167
0
LINE
8
F.Silkscreen
6
CONTINUOUS
10
5.1127736614173225
20
-2.0716588582677167
11
5.1148186614173223
21
-2.0634789763779526
0
LINE
8
F.Silkscreen
6
CONTINUOUS
10
5.1148186614173223
20
-2.0634789763779526
11
5.1148186614173223
21
-2.047831968503937
0
LINE
8
F.Silkscreen
6
CONTINUOUS
10
5.1148186614173223
20
-2.047831968503937
11
5.1127736614173225
21
-2.039652086614173
0
LINE
8
F.Silkscreen
6
CONTINUOUS
10
5.1127736614173225
20
-2.039652086614173
11
5.1090420866141733
21
-2.0359204330708662
0
LINE
8
F.Silkscreen
6
CONTINUOUS
10
5.1090420866141733
20
-2.0359204330708662
11
5.1054510629921257
21
-2.0341249606299212
0
LINE
8
F.Silkscreen
6
CONTINUOUS
10
5.1054510629921257
20
-2.0341249606299212
11
5.0975294488188974
21
-2.0341249606299212
0
LINE
8
F.Silkscreen
6
CONTINUOUS
10
5.0975294488188974
20
-2.0341249606299212
11
5.0939383464566932
21
-2.035920472440945
0
LINE
8
F.Silkscreen
6
CONTINUOUS
10
5.1406944094488187
20
-2.0284917322834644
11
5.1415430314960631
21
-2.0293403543307087
0
LINE
8
F.Silkscreen
6
CONTINUOUS
10
5.1415430314960631
20
-2.0293403543307087
11
5.1420022834645671
21
-2.0304491338582675
0
LINE
8
F.Silkscreen
6
CONTINUOUS
10
5.1420022834645671
20
-2.0304491338582675
11
5.1420613779527562
21
-2.0310491732283462
0
LINE
8
F.Silkscreen
6
CONTINUOUS
10
5.1420613779527562
20
-2.0310491732283462
11
5.1420613779527562
21
-2.0701618897637797
0
LINE
8
F.Silkscreen
6
CONTINUOUS
10
5.1420613779527562
20
-2.0701618897637797
11
5.143856811023622
21
-2.0737528346456693
0
LINE
8
F.Silkscreen
6
CONTINUOUS
10
5.143856811023622
20
-2.0737528346456693
11
5.1454944488188978
21
-2.0753904724409447
0
LINE
8
F.Silkscreen
6
CONTINUOUS
10
5.1454944488188978
20
-2.0753904724409447
11
5.1490854724409445
21
-2.0771859842519684
0
LINE
8
F.Silkscreen
6
CONTINUOUS
10
5.1490854724409445
20
-2.0771859842519684
11
5.1570071653543303
21
-2.0771859842519684
0
LINE
8
F.Silkscreen
6
CONTINUOUS
10
5.1570071653543303
20
-2.0771859842519684
11
5.1605981496062991
21
-2.0753904724409447
0
LINE
8
F.Silkscreen
6
CONTINUOUS
10
5.1605981496062991
20
-2.0753904724409447
11
5.1622356692913387
21
-2.0737529527559055
0
LINE
8
F.Silkscreen
6
CONTINUOUS
10
5.1622356692913387
20
-2.0737529527559055
11
5.1640312598425195
21
-2.0701618503937009
0
LINE
8
F.Silkscreen
6
CONTINUOUS
10
5.1640312598425195
20
-2.0701618503937009
11
5.1640312598425195
21
-2.0310491732283462
0
LINE
8
F.Silkscreen
6
CONTINUOUS
10
5.1640312598425195
20
-2.0310491732283462
11
5.1640903543307086
21
-2.0304491338582675
0
LINE
8
F.Silkscreen
6
CONTINUOUS
10
5.1640903543307086
20
-2.0304491338582675
11
5.1645496062992127
21
-2.0293403543307087
0
LINE
8
F.Silkscreen
6
CONTINUOUS
10
5.1645496062992127
20
-2.0293403543307087
11
5.165398228346457
21
-2.0284917322834644
0
LINE
8
F.Silkscreen
6
CONTINUOUS
10
5.165398228346457
20
-2.0284917322834644
11
5.1665070078740154
21
-2.0280324803149608
0
LINE
8
F.Silkscreen
6
CONTINUOUS
10
5.1665070078740154
20
-2.0280324803149608
11
5.1677070866141728
21
-2.0280324803149608
0
LINE
8
F.Silkscreen
6
CONTINUOUS
10
5.1677070866141728
20
-2.0280324803149608
11
5.1688158661417321
21
-2.0284917322834644
0
LINE
8
F.Silkscreen
6
CONTINUOUS
10
5.1688158661417321
20
-2.0284917322834644
11
5.1696644881889764
21
-2.0293403543307087
0
LINE
8
F.Silkscreen
6
CONTINUOUS
10
5.1696644881889764
20
-2.0293403543307087
11
5.1701237401574804
21
-2.0304491338582675
0
LINE
8
F.Silkscreen
6
CONTINUOUS
10
5.1701237401574804
20
-2.0304491338582675
11
5.1701828346456695
21
-2.0310491732283462
0
LINE
8
F.Silkscreen
6
CONTINUOUS
10
5.1701828346456695
20
-2.0310491732283462
11
5.1701828346456695
21
-2.0708879527559056
0
LINE
8
F.Silkscreen
6
CONTINUOUS
10
5.1701828346456695
20
-2.0708879527559056
11
5.1701237401574804
21
-2.0714879921259843
0
LINE
8
F.Silkscreen
6
CONTINUOUS
10
5.1701237401574804
20
-2.0714879921259843
11
5.1700814566929134
21
-2.0715900393700788
0
LINE
8
F.Silkscreen
6
CONTINUOUS
10
5.1700814566929134
20
-2.0715900393700788
11
5.1700736220472443
21
-2.0717003543307086
0
LINE
8
F.Silkscreen
6
CONTINUOUS
10
5.1700736220472443
20
-2.0717003543307086
11
5.1698581102362207
21
-2.0722634645669289
0
LINE
8
F.Silkscreen
6
CONTINUOUS
10
5.1698581102362207
20
-2.0722634645669289
11
5.1675146456692911
21
-2.0769504330708659
0
LINE
8
F.Silkscreen
6
CONTINUOUS
10
5.1675146456692911
20
-2.0769504330708659
11
5.1673520866141729
21
-2.0772086220472441
0
LINE
8
F.Silkscreen
6
CONTINUOUS
10
5.1673520866141729
20
-2.0772086220472441
11
5.1673210236220468
21
-2.0772837007874014
0
LINE
8
F.Silkscreen
6
CONTINUOUS
10
5.1673210236220468
20
-2.0772837007874014
11
5.1672516535433068
21
-2.077368188976378
0
LINE
8
F.Silkscreen
6
CONTINUOUS
10
5.1672516535433068
20
-2.077368188976378
11
5.1671934645669291
21
-2.0774606692913387
0
LINE
8
F.Silkscreen
6
CONTINUOUS
10
5.1671934645669291
20
-2.0774606692913387
11
5.1671320472440945
21
-2.0775138976377954
0
LINE
8
F.Silkscreen
6
CONTINUOUS
10
5.1671320472440945
20
-2.0775138976377954
11
5.1669385039370077
21
-2.0777497637795275
0
LINE
8
F.Silkscreen
6
CONTINUOUS
10
5.1669385039370077
20
-2.0777497637795275
11
5.1645950787401578
21
-2.0800932283464566
0
LINE
8
F.Silkscreen
6
CONTINUOUS
10
5.1645950787401578
20
-2.0800932283464566
11
5.1643591732283465
21
-2.0802868110236221
0
LINE
8
F.Silkscreen
6
CONTINUOUS
10
5.1643591732283465
20
-2.0802868110236221
11
5.1643059448818898
21
-2.0803482283464567
0
LINE
8
F.Silkscreen
6
CONTINUOUS
10
5.1643059448818898
20
-2.0803482283464567
11
5.1642134251968503
21
-2.0804064173228345
0
LINE
8
F.Silkscreen
6
CONTINUOUS
10
5.1642134251968503
20
-2.0804064173228345
11
5.1641290157480313
21
-2.0804757480314962
0
LINE
8
F.Silkscreen
6
CONTINUOUS
10
5.1641290157480313
20
-2.0804757480314962
11
5.164053937007874
21
-2.0805068110236218
0
LINE
8
F.Silkscreen
6
CONTINUOUS
10
5.164053937007874
20
-2.0805068110236218
11
5.1637956692913383
21
-2.0806694094488187
0
LINE
8
F.Silkscreen
6
CONTINUOUS
10
5.1637956692913383
20
-2.0806694094488187
11
5.15910874015748
21
-2.0830128346456691
0
LINE
8
F.Silkscreen
6
CONTINUOUS
10
5.15910874015748
20
-2.0830128346456691
11
5.1585456299212593
21
-2.0832283464566927
0
LINE
8
F.Silkscreen
6
CONTINUOUS
10
5.1585456299212593
20
-2.0832283464566927
11
5.1584353149606299
21
-2.0832361811023623
0
LINE
8
F.Silkscreen
6
CONTINUOUS
10
5.1584353149606299
20
-2.0832361811023623
11
5.158333267716535
21
-2.0832784645669289
0
LINE
8
F.Silkscreen
6
CONTINUOUS
10
5.158333267716535
20
-2.0832784645669289
11
5.1577332283464568
21
-2.083337559055118
0
LINE
8
F.Silkscreen
6
CONTINUOUS
10
5.1577332283464568
20
-2.083337559055118
11
5.148359409448819
21
-2.083337559055118
0
LINE
8
F.Silkscreen
6
CONTINUOUS
10
5.148359409448819
20
-2.083337559055118
11
5.1477593700787398
21
-2.0832784645669289
0
LINE
8
F.Silkscreen
6
CONTINUOUS
10
5.1477593700787398
20
-2.0832784645669289
11
5.1476572834645671
21
-2.0832361811023623
0
LINE
8
F.Silkscreen
6
CONTINUOUS
10
5.1476572834645671
20
-2.0832361811023623
11
5.1475470078740155
21
-2.0832283464566927
0
LINE
8
F.Silkscreen
6
CONTINUOUS
10
5.1475470078740155
20
-2.0832283464566927
11
5.1469838976377948
21
-2.0830128346456691
0
LINE
8
F.Silkscreen
6
CONTINUOUS
10
5.1469838976377948
20
-2.0830128346456691
11
5.1422969685039366
21
-2.0806694094488187
0
LINE
8
F.Silkscreen
6
CONTINUOUS
10
5.1422969685039366
20
-2.0806694094488187
11
5.1420387795275593
21
-2.0805068897637793
0
LINE
8
F.Silkscreen
6
CONTINUOUS
10
5.1420387795275593
20
-2.0805068897637793
11
5.1419636614173223
21
-2.0804757874015749
0
LINE
8
F.Silkscreen
6
CONTINUOUS
10
5.1419636614173223
20
-2.0804757874015749
11
5.1418791338582679
21
-2.0804064173228345
0
LINE
8
F.Silkscreen
6
CONTINUOUS
10
5.1418791338582679
20
-2.0804064173228345
11
5.141786692913386
21
-2.0803482283464567
0
LINE
8
F.Silkscreen
6
CONTINUOUS
10
5.141786692913386
20
-2.0803482283464567
11
5.1417334251968505
21
-2.0802868110236221
0
LINE
8
F.Silkscreen
6
CONTINUOUS
10
5.1417334251968505
20
-2.0802868110236221
11
5.1414975984251967
21
-2.0800932677165354
0
LINE
8
F.Silkscreen
6
CONTINUOUS
10
5.1414975984251967
20
-2.0800932677165354
11
5.1391540944881893
21
-2.0777498031496062
0
LINE
8
F.Silkscreen
6
CONTINUOUS
10
5.1391540944881893
20
-2.0777498031496062
11
5.1389605118110238
21
-2.0775138976377954
0
LINE
8
F.Silkscreen
6
CONTINUOUS
10
5.1389605118110238
20
-2.0775138976377954
11
5.1388991338582679
21
-2.0774606692913387
0
LINE
8
F.Silkscreen
6
CONTINUOUS
10
5.1388991338582679
20
-2.0774606692913387
11
5.138840826771653
21
-2.0773680708661417
0
LINE
8
F.Silkscreen
6
CONTINUOUS
10
5.138840826771653
20
-2.0773680708661417
11
5.138771614173228
21
-2.0772837007874014
0
LINE
8
F.Silkscreen
6
CONTINUOUS
10
5.138771614173228
20
-2.0772837007874014
11
5.138740551181102
21
-2.0772087007874016
0
LINE
8
F.Silkscreen
6
CONTINUOUS
10
5.138740551181102
20
-2.0772087007874016
11
5.138577952755905
21
-2.0769503937007872
0
LINE
8
F.Silkscreen
6
CONTINUOUS
10
5.138577952755905
20
-2.0769503937007872
11
5.1362345275590551
21
-2.0722634645669289
0
LINE
8
F.Silkscreen
6
CONTINUOUS
10
5.1362345275590551
20
-2.0722634645669289
11
5.1360190157480314
21
-2.0717003543307086
0
LINE
8
F.Silkscreen
6
CONTINUOUS
10
5.1360190157480314
20
-2.0717003543307086
11
5.1360111417322836
21
-2.0715900393700788
0
LINE
8
F.Silkscreen
6
CONTINUOUS
10
5.1360111417322836
20
-2.0715900393700788
11
5.1359688976377953
21
-2.0714879921259843
0
LINE
8
F.Silkscreen
6
CONTINUOUS
10
5.1359688976377953
20
-2.0714879921259843
11
5.1359098031496062
21
-2.0708879527559056
0
LINE
8
F.Silkscreen
6
CONTINUOUS
10
5.1359098031496062
20
-2.0708879527559056
11
5.1359098031496062
21
-2.0310491732283462
0
LINE
8
F.Silkscreen
6
CONTINUOUS
10
5.1359098031496062
20
-2.0310491732283462
11
5.1359688976377953
21
-2.0304491338582675
0
LINE
8
F.Silkscreen
6
CONTINUOUS
10
5.1359688976377953
20
-2.0304491338582675
11
5.1364281496062993
21
-2.0293403543307087
0
LINE
8
F.Silkscreen
6
CONTINUOUS
10
5.1364281496062993
20
-2.0293403543307087
11
5.1372767716535428
21
-2.0284917322834644
0
LINE
8
F.Silkscreen
6
CONTINUOUS
10
5.1372767716535428
20
-2.0284917322834644
11
5.1383855511811021
21
-2.0280324803149608
0
LINE
8
F.Silkscreen
6
CONTINUOUS
10
5.1383855511811021
20
-2.0280324803149608
11
5.1395856299212594
21
-2.0280324803149608
0
LINE
8
F.Silkscreen
6
CONTINUOUS
10
5.1395856299212594
20
-2.0280324803149608
11
5.1406944094488187
21
-2.0284917322834644
0
LINE
8
F.Silkscreen
6
CONTINUOUS
10
5.2400499212598426
20
-2.0280324803149608
11
5.2403542913385825
21
-2.0280324803149608
0
LINE
8
F.Silkscreen
6
CONTINUOUS
10
5.2403542913385825
20
-2.0280324803149608
11
5.2406326771653546
21
-2.0281477952755904
0
LINE
8
F.Silkscreen
6
CONTINUOUS
10
5.2406326771653546
20
-2.0281477952755904
11
5.2409283464566929
21
-2.0282062992125982
0
LINE
8
F.Silkscreen
6
CONTINUOUS
10
5.2409283464566929
20
-2.0282062992125982
11
5.2411816535433067
21
-2.028375157480315
0
LINE
8
F.Silkscreen
6
CONTINUOUS
10
5.2411816535433067
20
-2.028375157480315
11
5.2414630708661418
21
-2.0284917322834644
0
LINE
8
F.Silkscreen
6
CONTINUOUS
10
5.2414630708661418
20
-2.0284917322834644
11
5.2416761417322837
21
-2.0287048031496062
0
LINE
8
F.Silkscreen
6
CONTINUOUS
10
5.2416761417322837
20
-2.0287048031496062
11
5.2419268897637794
21
-2.0288719685039371
0
LINE
8
F.Silkscreen
6
CONTINUOUS
10
5.2419268897637794
20
-2.0288719685039371
11
5.2420963385826767
21
-2.0291250000000001
0
LINE
8
F.Silkscreen
6
CONTINUOUS
10
5.2420963385826767
20
-2.0291250000000001
11
5.2423116929133853
21
-2.0293403543307087
0
LINE
8
F.Silkscreen
6
CONTINUOUS
10
5.2423116929133853
20
-2.0293403543307087
11
5.2424269685039366
21
-2.0296187401574803
0
LINE
8
F.Silkscreen
6
CONTINUOUS
10
5.2424269685039366
20
-2.0296187401574803
11
5.2425946850393697
21
-2.0298691338582677
0
LINE
8
F.Silkscreen
6
CONTINUOUS
10
5.2425946850393697
20
-2.0298691338582677
11
5.2426544094488188
21
-2.0301677559055116
0
LINE
8
F.Silkscreen
6
CONTINUOUS
10
5.2426544094488188
20
-2.0301677559055116
11
5.2427709448818893
21
-2.0304491338582675
0
LINE
8
F.Silkscreen
6
CONTINUOUS
10
5.2427709448818893
20
-2.0304491338582675
11
5.2428294094488184
21
-2.0310427952755905
0
LINE
8
F.Silkscreen
6
CONTINUOUS
10
5.2428294094488184
20
-2.0310427952755905
11
5.2428300393700784
21
-2.0310459448818898
0
LINE
8
F.Silkscreen
6
CONTINUOUS
10
5.2428300393700784
20
-2.0310459448818898
11
5.2428298031496059
21
-2.0310470078740157
0
LINE
8
F.Silkscreen
6
CONTINUOUS
10
5.2428298031496059
20
-2.0310470078740157
11
5.2428300393700784
21
-2.0310491732283462
0
LINE
8
F.Silkscreen
6
CONTINUOUS
10
5.2428300393700784
20
-2.0310491732283462
11
5.2428300393700784
21
-2.0771859842519684
0
LINE
8
F.Silkscreen
6
CONTINUOUS
10
5.2428300393700784
20
-2.0771859842519684
11
5.2538149606299207
21
-2.0771859842519684
0
LINE
8
F.Silkscreen
6
CONTINUOUS
10
5.2538149606299207
20
-2.0771859842519684
11
5.2544149999999998
21
-2.0772450787401575
0
LINE
8
F.Silkscreen
6
CONTINUOUS
10
5.2544149999999998
20
-2.0772450787401575
11
5.2555237795275591
21
-2.0777043307086616
0
LINE
8
F.Silkscreen
6
CONTINUOUS
10
5.2555237795275591
20
-2.0777043307086616
11
5.2563724015748035
21
-2.0785529527559055
0
LINE
8
F.Silkscreen
6
CONTINUOUS
10
5.2563724015748035
20
-2.0785529527559055
11
5.2568316535433066
21
-2.0796617322834647
0
LINE
8
F.Silkscreen
6
CONTINUOUS
10
5.2568316535433066
20
-2.0796617322834647
11
5.2568316535433066
21
-2.0808618110236221
0
LINE
8
F.Silkscreen
6
CONTINUOUS
10
5.2568316535433066
20
-2.0808618110236221
11
5.2563724015748035
21
-2.0819705905511809
0
LINE
8
F.Silkscreen
6
CONTINUOUS
10
5.2563724015748035
20
-2.0819705905511809
11
5.2555237795275591
21
-2.0828192125984253
0
LINE
8
F.Silkscreen
6
CONTINUOUS
10
5.2555237795275591
20
-2.0828192125984253
11
5.2544149999999998
21
-2.0832784645669289
0
LINE
8
F.Silkscreen
6
CONTINUOUS
10
5.2544149999999998
20
-2.0832784645669289
11
5.2538149606299207
21
-2.083337559055118
0
LINE
8
F.Silkscreen
6
CONTINUOUS
10
5.2538149606299207
20
-2.083337559055118
11
5.2256935039370074
21
-2.083337559055118
0
LINE
8
F.Silkscreen
6
CONTINUOUS
10
5.2256935039370074
20
-2.083337559055118
11
5.2250934645669291
21
-2.0832784645669289
0
LINE
8
F.Silkscreen
6
CONTINUOUS
10
5.2250934645669291
20
-2.0832784645669289
11
5.2239846850393699
21
-2.0828192125984253
0
LINE
8
F.Silkscreen
6
CONTINUOUS
10
5.2239846850393699
20
-2.0828192125984253
11
5.2231360629921255
21
-2.0819705905511809
0
LINE
8
F.Silkscreen
6
CONTINUOUS
10
5.2231360629921255
20
-2.0819705905511809
11
5.2226768110236224
21
-2.0808618110236221
0
LINE
8
F.Silkscreen
6
CONTINUOUS
10
5.2226768110236224
20
-2.0808618110236221
11
5.2226768110236224
21
-2.0796617322834647
0
LINE
8
F.Silkscreen
6
CONTINUOUS
10
5.2226768110236224
20
-2.0796617322834647
11
5.2231360629921255
21
-2.0785529527559055
0
LINE
8
F.Silkscreen
6
CONTINUOUS
10
5.2231360629921255
20
-2.0785529527559055
11
5.2239846850393699
21
-2.0777043307086616
0
LINE
8
F.Silkscreen
6
CONTINUOUS
10
5.2239846850393699
20
-2.0777043307086616
11
5.2250934645669291
21
-2.0772450787401575
0
LINE
8
F.Silkscreen
6
CONTINUOUS
10
5.2250934645669291
20
-2.0772450787401575
11
5.2256935039370074
21
-2.0771859842519684
0
LINE
8
F.Silkscreen
6
CONTINUOUS
10
5.2256935039370074
20
-2.0771859842519684
11
5.2366784645669293
21
-2.0771859842519684
0
LINE
8
F.Silkscreen
6
CONTINUOUS
10
5.2366784645669293
20
-2.0771859842519684
11
5.2366784645669293
21
-2.0408182283464567
0
LINE
8
F.Silkscreen
6
CONTINUOUS
10
5.2366784645669293
20
-2.0408182283464567
11
5.2325552755905509
21
-2.0449413779527559
0
LINE
8
F.Silkscreen
6
CONTINUOUS
10
5.2325552755905509
20
-2.0449413779527559
11
5.2323194094488183
21
-2.0451349212598426
0
LINE
8
F.Silkscreen
6
CONTINUOUS
10
5.2323194094488183
20
-2.0451349212598426
11
5.2322662204724404
21
-2.0451962992125985
0
LINE
8
F.Silkscreen
6
CONTINUOUS
10
5.2322662204724404
20
-2.0451962992125985
11
5.2321737401574806
21
-2.0452544881889763
0
LINE
8
F.Silkscreen
6
CONTINUOUS
10
5.2321737401574806
20
-2.0452544881889763
11
5.2320892125984253
21
-2.0453238976377954
0
LINE
8
F.Silkscreen
6
CONTINUOUS
10
5.2320892125984253
20
-2.0453238976377954
11
5.2320140944881892
21
-2.0453549999999998
0
LINE
8
F.Silkscreen
6
CONTINUOUS
10
5.2320140944881892
20
-2.0453549999999998
11
5.2317559448818898
21
-2.0455175196850393
0
LINE
8
F.Silkscreen
6
CONTINUOUS
10
5.2317559448818898
20
-2.0455175196850393
11
5.2270690551181103
21
-2.0478609842519684
0
LINE
8
F.Silkscreen
6
CONTINUOUS
10
5.2270690551181103
20
-2.0478609842519684
11
5.2265059448818896
21
-2.048076496062992
0
LINE
8
F.Silkscreen
6
CONTINUOUS
10
5.2265059448818896
20
-2.048076496062992
11
5.2253088188976378
21
-2.0481615748031494
0
LINE
8
F.Silkscreen
6
CONTINUOUS
10
5.2253088188976378
20
-2.0481615748031494
11
5.2241702755905512
21
-2.0477820472440946
0
LINE
8
F.Silkscreen
6
CONTINUOUS
10
5.2241702755905512
20
-2.0477820472440946
11
5.2232636614173229
21
-2.0469957086614174
0
LINE
8
F.Silkscreen
6
CONTINUOUS
10
5.2232636614173229
20
-2.0469957086614174
11
5.2227269291338585
21
-2.0459223622047245
0
LINE
8
F.Silkscreen
6
CONTINUOUS
10
5.2227269291338585
20
-2.0459223622047245
11
5.2226418503937007
21
-2.0447252362204722
0
LINE
8
F.Silkscreen
6
CONTINUOUS
10
5.2226418503937007
20
-2.0447252362204722
11
5.2230213779527555
21
-2.0435866929133857
0
LINE
8
F.Silkscreen
6
CONTINUOUS
10
5.2230213779527555
20
-2.0435866929133857
11
5.2238077165354326
21
-2.0426800787401573
0
LINE
8
F.Silkscreen
6
CONTINUOUS
10
5.2238077165354326
20
-2.0426800787401573
11
5.2243179527559054
21
-2.0423588582677166
0
LINE
8
F.Silkscreen
6
CONTINUOUS
10
5.2243179527559054
20
-2.0423588582677166
11
5.2285584645669294
21
-2.0402385826771652
0
LINE
8
F.Silkscreen
6
CONTINUOUS
10
5.2285584645669294
20
-2.0402385826771652
11
5.2326770078740159
21
-2.0361200393700787
0
LINE
8
F.Silkscreen
6
CONTINUOUS
10
5.2326770078740159
20
-2.0361200393700787
11
5.2371950393700786
21
-2.029343031496063
0
LINE
8
F.Silkscreen
6
CONTINUOUS
10
5.2371950393700786
20
-2.029343031496063
11
5.2371963779527562
21
-2.0293413779527558
0
LINE
8
F.Silkscreen
6
CONTINUOUS
10
5.2371963779527562
20
-2.0293413779527558
11
5.2371968110236216
21
-2.0293403543307087
0
LINE
8
F.Silkscreen
6
CONTINUOUS
10
5.2371968110236216
20
-2.0293403543307087
11
5.2371990944881892
21
-2.0293380314960627
0
LINE
8
F.Silkscreen
6
CONTINUOUS
10
5.2371990944881892
20
-2.0293380314960627
11
5.2375770472440948
21
-2.0288765354330707
0
LINE
8
F.Silkscreen
6
CONTINUOUS
10
5.2375770472440948
20
-2.0288765354330707
11
5.2378300787401573
21
-2.0287070472440942
0
LINE
8
F.Silkscreen
6
CONTINUOUS
10
5.2378300787401573
20
-2.0287070472440942
11
5.2380454330708659
21
-2.0284917322834644
0
LINE
8
F.Silkscreen
6
CONTINUOUS
10
5.2380454330708659
20
-2.0284917322834644
11
5.238323818897638
21
-2.0283764173228347
0
LINE
8
F.Silkscreen
6
CONTINUOUS
10
5.238323818897638
20
-2.0283764173228347
11
5.2385742125984249
21
-2.0282087401574804
0
LINE
8
F.Silkscreen
6
CONTINUOUS
10
5.2385742125984249
20
-2.0282087401574804
11
5.2388728740157475
21
-2.0281489763779526
0
LINE
8
F.Silkscreen
6
CONTINUOUS
10
5.2388728740157475
20
-2.0281489763779526
11
5.2391542125984252
21
-2.0280324803149608
0
LINE
8
F.Silkscreen
6
CONTINUOUS
10
5.2391542125984252
20
-2.0280324803149608
11
5.2394554330708658
21
-2.0280324803149608
0
LINE
8
F.Silkscreen
6
CONTINUOUS
10
5.2394554330708658
20
-2.0280324803149608
11
5.2397510629921262
21
-2.0279733464566929
0
LINE
8
F.Silkscreen
6
CONTINUOUS
10
5.2397510629921262
20
-2.0279733464566929
11
5.2400499212598426
21
-2.0280324803149608
0
LINE
8
F.Silkscreen
6
CONTINUOUS
10
5.2122327952755905
20
-2.0280324803149608
11
5.2133415748031497
21
-2.0284917322834644
0
LINE
8
F.Silkscreen
6
CONTINUOUS
10
5.2133415748031497
20
-2.0284917322834644
11
5.2141901968503932
21
-2.0293403543307087
0
LINE
8
F.Silkscreen
6
CONTINUOUS
10
5.2141901968503932
20
-2.0293403543307087
11
5.2146494488188972
21
-2.0304491338582675
0
LINE
8
F.Silkscreen
6
CONTINUOUS
10
5.2146494488188972
20
-2.0304491338582675
11
5.2146494488188972
21
-2.0316492125984253
0
LINE
8
F.Silkscreen
6
CONTINUOUS
10
5.2146494488188972
20
-2.0316492125984253
11
5.2141901968503932
21
-2.0327579921259842
0
LINE
8
F.Silkscreen
6
CONTINUOUS
10
5.2141901968503932
20
-2.0327579921259842
11
5.2133415748031497
21
-2.0336066141732285
0
LINE
8
F.Silkscreen
6
CONTINUOUS
10
5.2133415748031497
20
-2.0336066141732285
11
5.2122327952755905
21
-2.0340658661417321
0
LINE
8
F.Silkscreen
6
CONTINUOUS
10
5.2122327952755905
20
-2.0340658661417321
11
5.2116327559055113
21
-2.0341249606299212
0
LINE
8
F.Silkscreen
6
CONTINUOUS
10
5.2116327559055113
20
-2.0341249606299212
11
5.2006477952755903
21
-2.0341249606299212
0
LINE
8
F.Silkscreen
6
CONTINUOUS
10
5.2006477952755903
20
-2.0341249606299212
11
5.2006477952755903
21
-2.0802617716535434
0
LINE
8
F.Silkscreen
6
CONTINUOUS
10
5.2006477952755903
20
-2.0802617716535434
11
5.2005887007874012
21
-2.0808618110236221
0
LINE
8
F.Silkscreen
6
CONTINUOUS
10
5.2005887007874012
20
-2.0808618110236221
11
5.2001294488188972
21
-2.0819705905511809
0
LINE
8
F.Silkscreen
6
CONTINUOUS
10
5.2001294488188972
20
-2.0819705905511809
11
5.1992808267716537
21
-2.0828192125984253
0
LINE
8
F.Silkscreen
6
CONTINUOUS
10
5.1992808267716537
20
-2.0828192125984253
11
5.1981720472440944
21
-2.0832784645669289
0
LINE
8
F.Silkscreen
6
CONTINUOUS
10
5.1981720472440944
20
-2.0832784645669289
11
5.1969719685039371
21
-2.0832784645669289
0
LINE
8
F.Silkscreen
6
CONTINUOUS
10
5.1969719685039371
20
-2.0832784645669289
11
5.1958631889763778
21
-2.0828192125984253
0
LINE
8
F.Silkscreen
6
CONTINUOUS
10
5.1958631889763778
20
-2.0828192125984253
11
5.1950145669291334
21
-2.0819705905511809
0
LINE
8
F.Silkscreen
6
CONTINUOUS
10
5.1950145669291334
20
-2.0819705905511809
11
5.1945553149606294
21
-2.0808618110236221
0
LINE
8
F.Silkscreen
6
CONTINUOUS
10
5.1945553149606294
20
-2.0808618110236221
11
5.1944962204724412
21
-2.0802617716535434
0
LINE
8
F.Silkscreen
6
CONTINUOUS
10
5.1944962204724412
20
-2.0802617716535434
11
5.1944962204724412
21
-2.0341249606299212
0
LINE
8
F.Silkscreen
6
CONTINUOUS
10
5.1944962204724412
20
-2.0341249606299212
11
5.1835112598425193
21
-2.0341249606299212
0
LINE
8
F.Silkscreen
6
CONTINUOUS
10
5.1835112598425193
20
-2.0341249606299212
11
5.182911220472441
21
-2.0340658661417321
0
LINE
8
F.Silkscreen
6
CONTINUOUS
10
5.182911220472441
20
-2.0340658661417321
11
5.1818024409448817
21
-2.0336066141732285
0
LINE
8
F.Silkscreen
6
CONTINUOUS
10
5.1818024409448817
20
-2.0336066141732285
11
5.1809538188976374
21
-2.0327579921259842
0
LINE
8
F.Silkscreen
6
CONTINUOUS
10
5.1809538188976374
20
-2.0327579921259842
11
5.1804945669291333
21
-2.0316492125984253
0
LINE
8
F.Silkscreen
6
CONTINUOUS
10
5.1804945669291333
20
-2.0316492125984253
11
5.1804945669291333
21
-2.0304491338582675
0
LINE
8
F.Silkscreen
6
CONTINUOUS
10
5.1804945669291333
20
-2.0304491338582675
11
5.1809538188976374
21
-2.0293403543307087
0
LINE
8
F.Silkscreen
6
CONTINUOUS
10
5.1809538188976374
20
-2.0293403543307087
11
5.1818024409448817
21
-2.0284917322834644
0
LINE
8
F.Silkscreen
6
CONTINUOUS
10
5.1818024409448817
20
-2.0284917322834644
11
5.182911220472441
21
-2.0280324803149608
0
LINE
8
F.Silkscreen
6
CONTINUOUS
10
5.182911220472441
20
-2.0280324803149608
11
5.1835112598425193
21
-2.0279733858267717
0
LINE
8
F.Silkscreen
6
CONTINUOUS
10
5.1835112598425193
20
-2.0279733858267717
11
5.2116327559055113
21
-2.0279733858267717
0
LINE
8
F.Silkscreen
6
CONTINUOUS
10
5.2116327559055113
20
-2.0279733858267717
11
5.2122327952755905
21
-2.0280324803149608
0
LINE
8
F.Silkscreen
6
CONTINUOUS
10
3.9169096850393701
20
-1.9580324803149607
11
3.91721405511811
21
-1.9580324803149607
0
LINE
8
F.Silkscreen
6
CONTINUOUS
10
3.91721405511811
20
-1.9580324803149607
11
3.9174924409448817
21
-1.9581477952755906
0
LINE
8
F.Silkscreen
6
CONTINUOUS
10
3.9174924409448817
20
-1.9581477952755906
11
3.9177881102362204
21
-1.9582062992125984
0
LINE
8
F.Silkscreen
6
CONTINUOUS
10
3.9177881102362204
20
-1.9582062992125984
11
3.9180414173228346
21
-1.958375157480315
0
LINE
8
F.Silkscreen
6
CONTINUOUS
10
3.9180414173228346
20
-1.958375157480315
11
3.9183228346456693
21
-1.9584917322834645
0
LINE
8
F.Silkscreen
6
CONTINUOUS
10
3.9183228346456693
20
-1.9584917322834645
11
3.9185359055118107
21
-1.9587048031496062
0
LINE
8
F.Silkscreen
6
CONTINUOUS
10
3.9185359055118107
20
-1.9587048031496062
11
3.9187866535433069
21
-1.9588719685039369
0
LINE
8
F.Silkscreen
6
CONTINUOUS
10
3.9187866535433069
20
-1.9588719685039369
11
3.9189561023622046
21
-1.959125
0
LINE
8
F.Silkscreen
6
CONTINUOUS
10
3.9189561023622046
20
-1.959125
11
3.9191714566929132
21
-1.9593403543307086
0
LINE
8
F.Silkscreen
6
CONTINUOUS
10
3.9191714566929132
20
-1.9593403543307086
11
3.9192867322834646
21
-1.9596187401574803
0
LINE
8
F.Silkscreen
6
CONTINUOUS
10
3.9192867322834646
20
-1.9596187401574803
11
3.9194544488188976
21
-1.9598691338582677
0
LINE
8
F.Silkscreen
6
CONTINUOUS
10
3.9194544488188976
20
-1.9598691338582677
11
3.9195141732283463
21
-1.9601677559055117
0
LINE
8
F.Silkscreen
6
CONTINUOUS
10
3.9195141732283463
20
-1.9601677559055117
11
3.9196307086614173
21
-1.9604491338582677
0
LINE
8
F.Silkscreen
6
CONTINUOUS
10
3.9196307086614173
20
-1.9604491338582677
11
3.9196891732283463
21
-1.9610427952755904
0
LINE
8
F.Silkscreen
6
CONTINUOUS
10
3.9196891732283463
20
-1.9610427952755904
11
3.9196898031496064
21
-1.9610459448818898
0
LINE
8
F.Silkscreen
6
CONTINUOUS
10
3.9196898031496064
20
-1.9610459448818898
11
3.9196895669291338
21
-1.9610470078740156
0
LINE
8
F.Silkscreen
6
CONTINUOUS
10
3.9196895669291338
20
-1.9610470078740156
11
3.9196898031496064
21
-1.9610491732283464
0
LINE
8
F.Silkscreen
6
CONTINUOUS
10
3.9196898031496064
20
-1.9610491732283464
11
3.9196898031496064
21
-2.0071859842519686
0
LINE
8
F.Silkscreen
6
CONTINUOUS
10
3.9196898031496064
20
-2.0071859842519686
11
3.9306747244094487
21
-2.0071859842519686
0
LINE
8
F.Silkscreen
6
CONTINUOUS
10
3.9306747244094487
20
-2.0071859842519686
11
3.9312747637795273
21
-2.0072450787401572
0
LINE
8
F.Silkscreen
6
CONTINUOUS
10
3.9312747637795273
20
-2.0072450787401572
11
3.9323835433070866
21
-2.0077043307086613
0
LINE
8
F.Silkscreen
6
CONTINUOUS
10
3.9323835433070866
20
-2.0077043307086613
11
3.9332321653543305
21
-2.0085529527559056
0
LINE
8
F.Silkscreen
6
CONTINUOUS
10
3.9332321653543305
20
-2.0085529527559056
11
3.9336914173228346
21
-2.0096617322834645
0
LINE
8
F.Silkscreen
6
CONTINUOUS
10
3.9336914173228346
20
-2.0096617322834645
11
3.9336914173228346
21
-2.0108618110236218
0
LINE
8
F.Silkscreen
6
CONTINUOUS
10
3.9336914173228346
20
-2.0108618110236218
11
3.9332321653543305
21
-2.0119705905511811
0
LINE
8
F.Silkscreen
6
CONTINUOUS
10
3.9332321653543305
20
-2.0119705905511811
11
3.9323835433070866
21
-2.012819212598425
0
LINE
8
F.Silkscreen
6
CONTINUOUS
10
3.9323835433070866
20
-2.012819212598425
11
3.9312747637795273
21
-2.013278464566929
0
LINE
8
F.Silkscreen
6
CONTINUOUS
10
3.9312747637795273
20
-2.013278464566929
11
3.9306747244094487
21
-2.0133375590551181
0
LINE
8
F.Silkscreen
6
CONTINUOUS
10
3.9306747244094487
20
-2.0133375590551181
11
3.9025532677165353
21
-2.0133375590551181
0
LINE
8
F.Silkscreen
6
CONTINUOUS
10
3.9025532677165353
20
-2.0133375590551181
11
3.9019532283464566
21
-2.013278464566929
0
LINE
8
F.Silkscreen
6
CONTINUOUS
10
3.9019532283464566
20
-2.013278464566929
11
3.9008444488188974
21
-2.012819212598425
0
LINE
8
F.Silkscreen
6
CONTINUOUS
10
3.9008444488188974
20
-2.012819212598425
11
3.8999958267716535
21
-2.0119705905511811
0
LINE
8
F.Silkscreen
6
CONTINUOUS
10
3.8999958267716535
20
-2.0119705905511811
11
3.8995365748031494
21
-2.0108618110236218
0
LINE
8
F.Silkscreen
6
CONTINUOUS
10
3.8995365748031494
20
-2.0108618110236218
11
3.8995365748031494
21
-2.0096617322834645
0
LINE
8
F.Silkscreen
6
CONTINUOUS
10
3.8995365748031494
20
-2.0096617322834645
11
3.8999958267716535
21
-2.0085529527559056
0
LINE
8
F.Silkscreen
6
CONTINUOUS
10
3.8999958267716535
20
-2.0085529527559056
11
3.9008444488188974
21
-2.0077043307086613
0
LINE
8
F.Silkscreen
6
CONTINUOUS
10
3.9008444488188974
20
-2.0077043307086613
11
3.9019532283464566
21
-2.0072450787401572
0
LINE
8
F.Silkscreen
6
CONTINUOUS
10
3.9019532283464566
20
-2.0072450787401572
11
3.9025532677165353
21
-2.0071859842519686
0
LINE
8
F.Silkscreen
6
CONTINUOUS
10
3.9025532677165353
20
-2.0071859842519686
11
3.9135382283464568
21
-2.0071859842519686
0
LINE
8
F.Silkscreen
6
CONTINUOUS
10
3.9135382283464568
20
-2.0071859842519686
11
3.9135382283464568
21
-1.9708182283464566
0
LINE
8
F.Silkscreen
6
CONTINUOUS
10
3.9135382283464568
20
-1.9708182283464566
11
3.9094150393700788
21
-1.9749413779527558
0
LINE
8
F.Silkscreen
6
CONTINUOUS
10
3.9094150393700788
20
-1.9749413779527558
11
3.9091791732283463
21
-1.9751349212598426
0
LINE
8
F.Silkscreen
6
CONTINUOUS
10
3.9091791732283463
20
-1.9751349212598426
11
3.9091259842519683
21
-1.9751962992125984
0
LINE
8
F.Silkscreen
6
CONTINUOUS
10
3.9091259842519683
20
-1.9751962992125984
11
3.9090335039370077
21
-1.9752544881889764
0
LINE
8
F.Silkscreen
6
CONTINUOUS
10
3.9090335039370077
20
-1.9752544881889764
11
3.9089489763779528
21
-1.9753238976377951
0
LINE
8
F.Silkscreen
6
CONTINUOUS
10
3.9089489763779528
20
-1.9753238976377951
11
3.9088738582677163
21
-1.975355
0
LINE
8
F.Silkscreen
6
CONTINUOUS
10
3.9088738582677163
20
-1.975355
11
3.9086157086614173
21
-1.9755175196850394
0
LINE
8
F.Silkscreen
6
CONTINUOUS
10
3.9086157086614173
20
-1.9755175196850394
11
3.9039288188976378
21
-1.9778609842519685
0
LINE
8
F.Silkscreen
6
CONTINUOUS
10
3.9039288188976378
20
-1.9778609842519685
11
3.9033657086614171
21
-1.9780764960629922
0
LINE
8
F.Silkscreen
6
CONTINUOUS
10
3.9033657086614171
20
-1.9780764960629922
11
3.9021685826771653
21
-1.9781615748031496
0
LINE
8
F.Silkscreen
6
CONTINUOUS
10
3.9021685826771653
20
-1.9781615748031496
11
3.9010300393700788
21
-1.9777820472440943
0
LINE
8
F.Silkscreen
6
CONTINUOUS
10
3.9010300393700788
20
-1.9777820472440943
11
3.9001234251968504
21
-1.9769957086614174
0
LINE
8
F.Silkscreen
6
CONTINUOUS
10
3.9001234251968504
20
-1.9769957086614174
11
3.8995866929133856
21
-1.9759223622047244
0
LINE
8
F.Silkscreen
6
CONTINUOUS
10
3.8995866929133856
20
-1.9759223622047244
11
3.8995016141732282
21
-1.9747252362204724
0
LINE
8
F.Silkscreen
6
CONTINUOUS
10
3.8995016141732282
20
-1.9747252362204724
11
3.8998811417322834
21
-1.9735866929133858
0
LINE
8
F.Silkscreen
6
CONTINUOUS
10
3.8998811417322834
20
-1.9735866929133858
11
3.9006674803149606
21
-1.9726800787401575
0
LINE
8
F.Silkscreen
6
CONTINUOUS
10
3.9006674803149606
20
-1.9726800787401575
11
3.9011777165354329
21
-1.9723588582677165
0
LINE
8
F.Silkscreen
6
CONTINUOUS
10
3.9011777165354329
20
-1.9723588582677165
11
3.9054182283464565
21
-1.9702385826771653
0
LINE
8
F.Silkscreen
6
CONTINUOUS
10
3.9054182283464565
20
-1.9702385826771653
11
3.9095367716535434
21
-1.9661200393700786
0
LINE
8
F.Silkscreen
6
CONTINUOUS
10
3.9095367716535434
20
-1.9661200393700786
11
3.9140548031496061
21
-1.9593430314960629
0
LINE
8
F.Silkscreen
6
CONTINUOUS
10
3.9140548031496061
20
-1.9593430314960629
11
3.9140561417322832
21
-1.9593413779527558
0
LINE
8
F.Silkscreen
6
CONTINUOUS
10
3.9140561417322832
20
-1.9593413779527558
11
3.9140565748031495
21
-1.9593403543307086
0
LINE
8
F.Silkscreen
6
CONTINUOUS
10
3.9140565748031495
20
-1.9593403543307086
11
3.9140588582677163
21
-1.9593380314960629
0
LINE
8
F.Silkscreen
6
CONTINUOUS
10
3.9140588582677163
20
-1.9593380314960629
11
3.9144368110236218
21
-1.9588765354330708
0
LINE
8
F.Silkscreen
6
CONTINUOUS
10
3.9144368110236218
20
-1.9588765354330708
11
3.9146898425196848
21
-1.9587070472440944
0
LINE
8
F.Silkscreen
6
CONTINUOUS
10
3.9146898425196848
20
-1.9587070472440944
11
3.9149051968503934
21
-1.9584917322834645
0
LINE
8
F.Silkscreen
6
CONTINUOUS
10
3.9149051968503934
20
-1.9584917322834645
11
3.9151835826771655
21
-1.9583764173228346
0
LINE
8
F.Silkscreen
6
CONTINUOUS
10
3.9151835826771655
20
-1.9583764173228346
11
3.9154339763779529
21
-1.9582087401574804
0
LINE
8
F.Silkscreen
6
CONTINUOUS
10
3.9154339763779529
20
-1.9582087401574804
11
3.9157326377952755
21
-1.9581489763779527
0
LINE
8
F.Silkscreen
6
CONTINUOUS
10
3.9157326377952755
20
-1.9581489763779527
11
3.9160139763779527
21
-1.9580324803149607
0
LINE
8
F.Silkscreen
6
CONTINUOUS
10
3.9160139763779527
20
-1.9580324803149607
11
3.9163151968503938
21
-1.9580324803149607
0
LINE
8
F.Silkscreen
6
CONTINUOUS
10
3.9163151968503938
20
-1.9580324803149607
11
3.9166108267716533
21
-1.9579733464566929
0
LINE
8
F.Silkscreen
6
CONTINUOUS
10
3.9166108267716533
20
-1.9579733464566929
11
3.9169096850393701
21
-1.9580324803149607
0
LINE
8
F.Silkscreen
6
CONTINUOUS
10
3.8537447637795275
20
-1.9580324803149607
11
3.8539407086614172
21
-1.9580324803149607
0
LINE
8
F.Silkscreen
6
CONTINUOUS
10
3.8539407086614172
20
-1.9580324803149607
11
3.8543185039370078
21
-1.958188937007874
0
LINE
8
F.Silkscreen
6
CONTINUOUS
10
3.8543185039370078
20
-1.958188937007874
11
3.8547133464566929
21
-1.9582966535433071
0
LINE
8
F.Silkscreen
6
CONTINUOUS
10
3.8547133464566929
20
-1.9582966535433071
11
3.8548683464566929
21
-1.9584166929133857
0
LINE
8
F.Silkscreen
6
CONTINUOUS
10
3.8548683464566929
20
-1.9584166929133857
11
3.8550494881889761
21
-1.9584917322834645
0
LINE
8
F.Silkscreen
6
CONTINUOUS
10
3.8550494881889761
20
-1.9584917322834645
11
3.8553387401574803
21
-1.9587809842519686
0
LINE
8
F.Silkscreen
6
CONTINUOUS
10
3.8553387401574803
20
-1.9587809842519686
11
3.8556622047244096
21
-1.959031496062992
0
LINE
8
F.Silkscreen
6
CONTINUOUS
10
3.8556622047244096
20
-1.959031496062992
11
3.8558407086614173
21
-1.9592829527559055
0
LINE
8
F.Silkscreen
6
CONTINUOUS
10
3.8558407086614173
20
-1.9592829527559055
11
3.8558981102362204
21
-1.9593403543307086
0
LINE
8
F.Silkscreen
6
CONTINUOUS
10
3.8558981102362204
20
-1.9593403543307086
11
3.8559214173228344
21
-1.9593966535433069
0
LINE
8
F.Silkscreen
6
CONTINUOUS
10
3.8559214173228344
20
-1.9593966535433069
11
3.8560112204724408
21
-1.9595231496062993
0
LINE
8
F.Silkscreen
6
CONTINUOUS
10
3.8560112204724408
20
-1.9595231496062993
11
3.8783863385826769
21
-1.9986796456692912
0
LINE
8
F.Silkscreen
6
CONTINUOUS
10
3.8783863385826769
20
-1.9986796456692912
11
3.8783863385826769
21
-1.9610491732283464
0
LINE
8
F.Silkscreen
6
CONTINUOUS
10
3.8783863385826769
20
-1.9610491732283464
11
3.878445433070866
21
-1.9604491338582677
0
LINE
8
F.Silkscreen
6
CONTINUOUS
10
3.878445433070866
20
-1.9604491338582677
11
3.87890468503937
21
-1.9593403543307086
0
LINE
8
F.Silkscreen
6
CONTINUOUS
10
3.87890468503937
20
-1.9593403543307086
11
3.8797533070866139
21
-1.9584917322834645
0
LINE
8
F.Silkscreen
6
CONTINUOUS
10
3.8797533070866139
20
-1.9584917322834645
11
3.8808620866141732
21
-1.9580324803149607
0
LINE
8
F.Silkscreen
6
CONTINUOUS
10
3.8808620866141732
20
-1.9580324803149607
11
3.8820621653543306
21
-1.9580324803149607
0
LINE
8
F.Silkscreen
6
CONTINUOUS
10
3.8820621653543306
20
-1.9580324803149607
11
3.8831709448818899
21
-1.9584917322834645
0
LINE
8
F.Silkscreen
6
CONTINUOUS
10
3.8831709448818899
20
-1.9584917322834645
11
3.8840195669291337
21
-1.9593403543307086
0
LINE
8
F.Silkscreen
6
CONTINUOUS
10
3.8840195669291337
20
-1.9593403543307086
11
3.8844788188976378
21
-1.9604491338582677
0
LINE
8
F.Silkscreen
6
CONTINUOUS
10
3.8844788188976378
20
-1.9604491338582677
11
3.8845379133858269
21
-1.9610491732283464
0
LINE
8
F.Silkscreen
6
CONTINUOUS
10
3.8845379133858269
20
-1.9610491732283464
11
3.8845379133858269
21
-2.0102617716535431
0
LINE
8
F.Silkscreen
6
CONTINUOUS
10
3.8845379133858269
20
-2.0102617716535431
11
3.8845227165354328
21
-2.0104159842519684
0
LINE
8
F.Silkscreen
6
CONTINUOUS
10
3.8845227165354328
20
-2.0104159842519684
11
3.8845304330708661
21
-2.0104766141732284
0
LINE
8
F.Silkscreen
6
CONTINUOUS
10
3.8845304330708661
20
-2.0104766141732284
11
3.8845090157480313
21
-2.0105550787401576
0
LINE
8
F.Silkscreen
6
CONTINUOUS
10
3.8845090157480313
20
-2.0105550787401576
11
3.8844788188976378
21
-2.0108618110236218
0
LINE
8
F.Silkscreen
6
CONTINUOUS
10
3.8844788188976378
20
-2.0108618110236218
11
3.8843223228346457
21
-2.0112396062992124
0
LINE
8
F.Silkscreen
6
CONTINUOUS
10
3.8843223228346457
20
-2.0112396062992124
11
3.8842146456692914
21
-2.0116344488188975
0
LINE
8
F.Silkscreen
6
CONTINUOUS
10
3.8842146456692914
20
-2.0116344488188975
11
3.8840945669291336
21
-2.0117894488188974
0
LINE
8
F.Silkscreen
6
CONTINUOUS
10
3.8840945669291336
20
-2.0117894488188974
11
3.8840195669291337
21
-2.0119705905511811
0
LINE
8
F.Silkscreen
6
CONTINUOUS
10
3.8840195669291337
20
-2.0119705905511811
11
3.8837302755905512
21
-2.0122598425196849
0
LINE
8
F.Silkscreen
6
CONTINUOUS
10
3.8837302755905512
20
-2.0122598425196849
11
3.8834798031496063
21
-2.0125833070866141
0
LINE
8
F.Silkscreen
6
CONTINUOUS
10
3.8834798031496063
20
-2.0125833070866141
11
3.883309566929134
21
-2.0126805511811021
0
LINE
8
F.Silkscreen
6
CONTINUOUS
10
3.883309566929134
20
-2.0126805511811021
11
3.8831709448818899
21
-2.012819212598425
0
LINE
8
F.Silkscreen
6
CONTINUOUS
10
3.8831709448818899
20
-2.012819212598425
11
3.8827929921259843
21
-2.0129757480314958
0
LINE
8
F.Silkscreen
6
CONTINUOUS
10
3.8827929921259843
20
-2.0129757480314958
11
3.8824378346456694
21
-2.0131787007874014
0
LINE
8
F.Silkscreen
6
CONTINUOUS
10
3.8824378346456694
20
-2.0131787007874014
11
3.8822433070866142
21
-2.0132034251968505
0
LINE
8
F.Silkscreen
6
CONTINUOUS
10
3.8822433070866142
20
-2.0132034251968505
11
3.8820621653543306
21
-2.013278464566929
0
LINE
8
F.Silkscreen
6
CONTINUOUS
10
3.8820621653543306
20
-2.013278464566929
11
3.8816532283464564
21
-2.013278464566929
0
LINE
8
F.Silkscreen
6
CONTINUOUS
10
3.8816532283464564
20
-2.013278464566929
11
3.8812473228346458
21
-2.0133300787401573
0
LINE
8
F.Silkscreen
6
CONTINUOUS
10
3.8812473228346458
20
-2.0133300787401573
11
3.8810580708661417
21
-2.013278464566929
0
LINE
8
F.Silkscreen
6
CONTINUOUS
10
3.8810580708661417
20
-2.013278464566929
11
3.8808620866141732
21
-2.013278464566929
0
LINE
8
F.Silkscreen
6
CONTINUOUS
10
3.8808620866141732
20
-2.013278464566929
11
3.8804842125984251
21
-2.0131219291338582
0
LINE
8
F.Silkscreen
6
CONTINUOUS
10
3.8804842125984251
20
-2.0131219291338582
11
3.8800894488188975
21
-2.0130142913385827
0
LINE
8
F.Silkscreen
6
CONTINUOUS
10
3.8800894488188975
20
-2.0130142913385827
11
3.8799344094488188
21
-2.0128942125984253
0
LINE
8
F.Silkscreen
6
CONTINUOUS
10
3.8799344094488188
20
-2.0128942125984253
11
3.8797533070866139
21
-2.012819212598425
0
LINE
8
F.Silkscreen
6
CONTINUOUS
10
3.8797533070866139
20
-2.012819212598425
11
3.8794639370078738
21
-2.0125298425196849
0
LINE
8
F.Silkscreen
6
CONTINUOUS
10
3.8794639370078738
20
-2.0125298425196849
11
3.8791406299212596
21
-2.0122794488188975
0
LINE
8
F.Silkscreen
6
CONTINUOUS
10
3.8791406299212596
20
-2.0122794488188975
11
3.8789622047244094
21
-2.0120281102362205
0
LINE
8
F.Silkscreen
6
CONTINUOUS
10
3.8789622047244094
20
-2.0120281102362205
11
3.87890468503937
21
-2.0119705905511811
0
LINE
8
F.Silkscreen
6
CONTINUOUS
10
3.87890468503937
20
-2.0119705905511811
11
3.8788812992125985
21
-2.0119141338582676
0
LINE
8
F.Silkscreen
6
CONTINUOUS
10
3.8788812992125985
20
-2.0119141338582676
11
3.8787916141732284
21
-2.0117877952755907
0
LINE
8
F.Silkscreen
6
CONTINUOUS
10
3.8787916141732284
20
-2.0117877952755907
11
3.8564164566929131
21
-1.9726312598425197
0
LINE
8
F.Silkscreen
6
CONTINUOUS
10
3.8564164566929131
20
-1.9726312598425197
11
3.8564164566929131
21
-2.0102617716535431
0
LINE
8
F.Silkscreen
6
CONTINUOUS
10
3.8564164566929131
20
-2.0102617716535431
11
3.8563573622047245
21
-2.0108618110236218
0
LINE
8
F.Silkscreen
6
CONTINUOUS
10
3.8563573622047245
20
-2.0108618110236218
11
3.8558981102362204
21
-2.0119705905511811
0
LINE
8
F.Silkscreen
6
CONTINUOUS
10
3.8558981102362204
20
-2.0119705905511811
11
3.8550494881889761
21
-2.012819212598425
0
LINE
8
F.Silkscreen
6
CONTINUOUS
10
3.8550494881889761
20
-2.012819212598425
11
3.8539407086614172
21
-2.013278464566929
0
LINE
8
F.Silkscreen
6
CONTINUOUS
10
3.8539407086614172
20
-2.013278464566929
11
3.8527406299212599
21
-2.013278464566929
0
LINE
8
F.Silkscreen
6
CONTINUOUS
10
3.8527406299212599
20
-2.013278464566929
11
3.8516318503937006
21
-2.012819212598425
0
LINE
8
F.Silkscreen
6
CONTINUOUS
10
3.8516318503937006
20
-2.012819212598425
11
3.8507832283464567
21
-2.0119705905511811
0
LINE
8
F.Silkscreen
6
CONTINUOUS
10
3.8507832283464567
20
-2.0119705905511811
11
3.8503239763779527
21
-2.0108618110236218
0
LINE
8
F.Silkscreen
6
CONTINUOUS
10
3.8503239763779527
20
-2.0108618110236218
11
3.8502648818897636
21
-2.0102617716535431
0
LINE
8
F.Silkscreen
6
CONTINUOUS
10
3.8502648818897636
20
-2.0102617716535431
11
3.8502648818897636
21
-1.9610491732283464
0
LINE
8
F.Silkscreen
6
CONTINUOUS
10
3.8502648818897636
20
-1.9610491732283464
11
3.8502800393700785
21
-1.9608949212598425
0
LINE
8
F.Silkscreen
6
CONTINUOUS
10
3.8502800393700785
20
-1.9608949212598425
11
3.8502723622047244
21
-1.9608343307086613
0
LINE
8
F.Silkscreen
6
CONTINUOUS
10
3.8502723622047244
20
-1.9608343307086613
11
3.8502937401574804
21
-1.9607558267716536
0
LINE
8
F.Silkscreen
6
CONTINUOUS
10
3.8502937401574804
20
-1.9607558267716536
11
3.8503239763779527
21
-1.9604491338582677
0
LINE
8
F.Silkscreen
6
CONTINUOUS
10
3.8503239763779527
20
-1.9604491338582677
11
3.850480433070866
21
-1.9600712992125984
0
LINE
8
F.Silkscreen
6
CONTINUOUS
10
3.850480433070866
20
-1.9600712992125984
11
3.850588149606299
21
-1.959676496062992
0
LINE
8
F.Silkscreen
6
CONTINUOUS
10
3.850588149606299
20
-1.959676496062992
11
3.8507081889763777
21
-1.9595214566929133
0
LINE
8
F.Silkscreen
6
CONTINUOUS
10
3.8507081889763777
20
-1.9595214566929133
11
3.8507832283464567
21
-1.9593403543307086
0
LINE
8
F.Silkscreen
6
CONTINUOUS
10
3.8507832283464567
20
-1.9593403543307086
11
3.8510724803149605
21
-1.9590510629921258
0
LINE
8
F.Silkscreen
6
CONTINUOUS
10
3.8510724803149605
20
-1.9590510629921258
11
3.8513229921259842
21
-1.9587276377952756
0
LINE
8
F.Silkscreen
6
CONTINUOUS
10
3.8513229921259842
20
-1.9587276377952756
11
3.8514931889763777
21
-1.9586303543307086
0
LINE
8
F.Silkscreen
6
CONTINUOUS
10
3.8514931889763777
20
-1.9586303543307086
11
3.8516318503937006
21
-1.9584917322834645
0
LINE
8
F.Silkscreen
6
CONTINUOUS
10
3.8516318503937006
20
-1.9584917322834645
11
3.8520097637795274
21
-1.9583351574803149
0
LINE
8
F.Silkscreen
6
CONTINUOUS
10
3.8520097637795274
20
-1.9583351574803149
11
3.8523649606299211
21
-1.9581322440944882
0
LINE
8
F.Silkscreen
6
CONTINUOUS
10
3.8523649606299211
20
-1.9581322440944882
11
3.8525594488188974
21
-1.9581074803149605
0
LINE
8
F.Silkscreen
6
CONTINUOUS
10
3.8525594488188974
20
-1.9581074803149605
11
3.8527406299212599
21
-1.9580324803149607
0
LINE
8
F.Silkscreen
6
CONTINUOUS
10
3.8527406299212599
20
-1.9580324803149607
11
3.8531495669291336
21
-1.9580324803149607
0
LINE
8
F.Silkscreen
6
CONTINUOUS
10
3.8531495669291336
20
-1.9580324803149607
11
3.8535555118110234
21
-1.9579808661417322
0
LINE
8
F.Silkscreen
6
CONTINUOUS
10
3.8535555118110234
20
-1.9579808661417322
11
3.8537447637795275
21
-1.9580324803149607
0
LINE
8
F.Silkscreen
6
CONTINUOUS
10
3.8316149212598423
20
-1.9584917322834645
11
3.8324635433070866
21
-1.9593403543307086
0
LINE
8
F.Silkscreen
6
CONTINUOUS
10
3.8324635433070866
20
-1.9593403543307086
11
3.8329227952755907
21
-1.9604491338582677
0
LINE
8
F.Silkscreen
6
CONTINUOUS
10
3.8329227952755907
20
-1.9604491338582677
11
3.8329818897637793
21
-1.9610491732283464
0
LINE
8
F.Silkscreen
6
CONTINUOUS
10
3.8329818897637793
20
-1.9610491732283464
11
3.8329818897637793
21
-2.0102617716535431
0
LINE
8
F.Silkscreen
6
CONTINUOUS
10
3.8329818897637793
20
-2.0102617716535431
11
3.8329227952755907
21
-2.0108618110236218
0
LINE
8
F.Silkscreen
6
CONTINUOUS
10
3.8329227952755907
20
-2.0108618110236218
11
3.8324635433070866
21
-2.0119705905511811
0
LINE
8
F.Silkscreen
6
CONTINUOUS
10
3.8324635433070866
20
-2.0119705905511811
11
3.8316149212598423
21
-2.012819212598425
0
LINE
8
F.Silkscreen
6
CONTINUOUS
10
3.8316149212598423
20
-2.012819212598425
11
3.8305061417322834
21
-2.013278464566929
0
LINE
8
F.Silkscreen
6
CONTINUOUS
10
3.8305061417322834
20
-2.013278464566929
11
3.8293060629921261
21
-2.013278464566929
0
LINE
8
F.Silkscreen
6
CONTINUOUS
10
3.8293060629921261
20
-2.013278464566929
11
3.8281972834645668
21
-2.012819212598425
0
LINE
8
F.Silkscreen
6
CONTINUOUS
10
3.8281972834645668
20
-2.012819212598425
11
3.8273486614173229
21
-2.0119705905511811
0
LINE
8
F.Silkscreen
6
CONTINUOUS
10
3.8273486614173229
20
-2.0119705905511811
11
3.8268894094488188
21
-2.0108618110236218
0
LINE
8
F.Silkscreen
6
CONTINUOUS
10
3.8268894094488188
20
-2.0108618110236218
11
3.8268303149606298
21
-2.0102617716535431
0
LINE
8
F.Silkscreen
6
CONTINUOUS
10
3.8268303149606298
20
-2.0102617716535431
11
3.8268303149606298
21
-1.9610491732283464
0
LINE
8
F.Silkscreen
6
CONTINUOUS
10
3.8268303149606298
20
-1.9610491732283464
11
3.8268894094488188
21
-1.9604491338582677
0
LINE
8
F.Silkscreen
6
CONTINUOUS
10
3.8268894094488188
20
-1.9604491338582677
11
3.8273486614173229
21
-1.9593403543307086
0
LINE
8
F.Silkscreen
6
CONTINUOUS
10
3.8273486614173229
20
-1.9593403543307086
11
3.8281972834645668
21
-1.9584917322834645
0
LINE
8
F.Silkscreen
6
CONTINUOUS
10
3.8281972834645668
20
-1.9584917322834645
11
3.8293060629921261
21
-1.9580324803149607
0
LINE
8
F.Silkscreen
6
CONTINUOUS
10
3.8293060629921261
20
-1.9580324803149607
11
3.8305061417322834
21
-1.9580324803149607
0
LINE
8
F.Silkscreen
6
CONTINUOUS
10
3.8305061417322834
20
-1.9580324803149607
11
3.8316149212598423
21
-1.9584917322834645
0
LINE
8
F.Silkscreen
6
CONTINUOUS
10
4.0646501968503932
20
-5.5880087007874018
11
4.0735753937007875
21
-5.5909087007874012
0
LINE
8
F.Silkscreen
6
CONTINUOUS
10
4.0735753937007875
20
-5.5909087007874012
11
4.0819370472440948
21
-5.5951691732283466
0
LINE
8
F.Silkscreen
6
CONTINUOUS
10
4.0819370472440948
20
-5.5951691732283466
11
4.0895292913385823
21
-5.600685236220472
0
LINE
8
F.Silkscreen
6
CONTINUOUS
10
4.0895292913385823
20
-5.600685236220472
11
4.0961651574803151
21
-5.6073211023622047
0
LINE
8
F.Silkscreen
6
CONTINUOUS
10
4.0961651574803151
20
-5.6073211023622047
11
4.1016812204724404
21
-5.6149133464566932
0
LINE
8
F.Silkscreen
6
CONTINUOUS
10
4.1016812204724404
20
-5.6149133464566932
11
4.1059416929133858
21
-5.6232749999999996
0
LINE
8
F.Silkscreen
6
CONTINUOUS
10
4.1059416929133858
20
-5.6232749999999996
11
4.1088416929133853
21
-5.6322001968503939
0
LINE
8
F.Silkscreen
6
CONTINUOUS
10
4.1088416929133853
20
-5.6322001968503939
11
4.1103097244094489
21
-5.6414691732283462
0
LINE
8
F.Silkscreen
6
CONTINUOUS
10
4.1103097244094489
20
-5.6414691732283462
11
4.1103097244094489
21
-5.6508536614173224
0
LINE
8
F.Silkscreen
6
CONTINUOUS
10
4.1103097244094489
20
-5.6508536614173224
11
4.1088416929133853
21
-5.6601226377952756
0
LINE
8
F.Silkscreen
6
CONTINUOUS
10
4.1088416929133853
20
-5.6601226377952756
11
4.1059416929133858
21
-5.669047834645669
0
LINE
8
F.Silkscreen
6
CONTINUOUS
10
4.1059416929133858
20
-5.669047834645669
11
4.1016812204724404
21
-5.6774094881889763
0
LINE
8
F.Silkscreen
6
CONTINUOUS
10
4.1016812204724404
20
-5.6774094881889763
11
4.0961651574803151
21
-5.6850017322834647
0
LINE
8
F.Silkscreen
6
CONTINUOUS
10
4.0961651574803151
20
-5.6850017322834647
11
4.0895292913385823
21
-5.6916375984251966
0
LINE
8
F.Silkscreen
6
CONTINUOUS
10
4.0895292913385823
20
-5.6916375984251966
11
4.0819370472440948
21
-5.6971536614173228
0
LINE
8
F.Silkscreen
6
CONTINUOUS
10
4.0819370472440948
20
-5.6971536614173228
11
4.0735753937007875
21
-5.7014141338582673
0
LINE
8
F.Silkscreen
6
CONTINUOUS
10
4.0735753937007875
20
-5.7014141338582673
11
4.0646501968503932
21
-5.7043141338582677
0
LINE
8
F.Silkscreen
6
CONTINUOUS
10
4.0646501968503932
20
-5.7043141338582677
11
4.0553812204724409
21
-5.7057821653543304
0
LINE
8
F.Silkscreen
6
CONTINUOUS
10
4.0553812204724409
20
-5.7057821653543304
11
4.0459967322834647
21
-5.7057821653543304
0
LINE
8
F.Silkscreen
6
CONTINUOUS
10
4.0459967322834647
20
-5.7057821653543304
11
4.0367277559055115
21
-5.7043141338582677
0
LINE
8
F.Silkscreen
6
CONTINUOUS
10
4.0367277559055115
20
-5.7043141338582677
11
4.0278025590551181
21
-5.7014141338582673
0
LINE
8
F.Silkscreen
6
CONTINUOUS
10
4.0278025590551181
20
-5.7014141338582673
11
4.0194409055118108
21
-5.6971536614173228
0
LINE
8
F.Silkscreen
6
CONTINUOUS
10
4.0194409055118108
20
-5.6971536614173228
11
4.0118486614173223
21
-5.6916375984251966
0
LINE
8
F.Silkscreen
6
CONTINUOUS
10
4.0118486614173223
20
-5.6916375984251966
11
4.0052127952755905
21
-5.6850017322834647
0
LINE
8
F.Silkscreen
6
CONTINUOUS
10
4.0052127952755905
20
-5.6850017322834647
11
3.9996967322834647
21
-5.6774094881889763
0
LINE
8
F.Silkscreen
6
CONTINUOUS
10
3.9996967322834647
20
-5.6774094881889763
11
3.9954362598425197
21
-5.669047834645669
0
LINE
8
F.Silkscreen
6
CONTINUOUS
10
3.9954362598425197
20
-5.669047834645669
11
3.9925362598425198
21
-5.6601226377952756
0
LINE
8
F.Silkscreen
6
CONTINUOUS
10
3.9925362598425198
20
-5.6601226377952756
11
3.9910682283464567
21
-5.6508536614173224
0
LINE
8
F.Silkscreen
6
CONTINUOUS
10
3.9910682283464567
20
-5.6508536614173224
11
3.9910682283464567
21
-5.6415727165354328
0
LINE
8
F.Silkscreen
6
CONTINUOUS
10
3.9910682283464567
20
-5.6415727165354328
11
3.9910682283464567
21
-5.6414691732283462
0
LINE
8
F.Silkscreen
6
CONTINUOUS
10
3.9910682283464567
20
-5.6414691732283462
11
3.9925362598425198
21
-5.6322001968503939
0
LINE
8
F.Silkscreen
6
CONTINUOUS
10
3.9925362598425198
20
-5.6322001968503939
11
3.9954362598425197
21
-5.6232749999999996
0
LINE
8
F.Silkscreen
6
CONTINUOUS
10
3.9954362598425197
20
-5.6232749999999996
11
3.9996967322834647
21
-5.6149133464566932
0
LINE
8
F.Silkscreen
6
CONTINUOUS
10
3.9996967322834647
20
-5.6149133464566932
11
4.0052127952755905
21
-5.6073211023622047
0
LINE
8
F.Silkscreen
6
CONTINUOUS
10
4.0052127952755905
20
-5.6073211023622047
11
4.0118486614173223
21
-5.600685236220472
0
LINE
8
F.Silkscreen
6
CONTINUOUS
10
4.0118486614173223
20
-5.600685236220472
11
4.0194409055118108
21
-5.5951691732283466
0
LINE
8
F.Silkscreen
6
CONTINUOUS
10
4.0194409055118108
20
-5.5951691732283466
11
4.0278025590551181
21
-5.5909087007874012
0
LINE
8
F.Silkscreen
6
CONTINUOUS
10
4.0278025590551181
20
-5.5909087007874012
11
4.0367277559055115
21
-5.5880087007874018
0
LINE
8
F.Silkscreen
6
CONTINUOUS
10
4.0367277559055115
20
-5.5880087007874018
11
4.0459967322834647
21
-5.5865406692913382
0
LINE
8
F.Silkscreen
6
CONTINUOUS
10
4.0459967322834647
20
-5.5865406692913382
11
4.0553812204724409
21
-5.5865406692913382
0
LINE
8
F.Silkscreen
6
CONTINUOUS
10
4.0553812204724409
20
-5.5865406692913382
11
4.0646501968503932
21
-5.5880087007874018
0
LINE
8
F.Silkscreen
6
CONTINUOUS
10
3.9923838582677162
20
-5.6507501181102358
11
3.9938195275590549
21
-5.6598145669291338
0
LINE
8
F.Silkscreen
6
CONTINUOUS
10
3.9938195275590549
20
-5.6598145669291338
11
3.9966555118110234
21
-5.6685427952755907
0
LINE
8
F.Silkscreen
6
CONTINUOUS
10
3.9966555118110234
20
-5.6685427952755907
11
4.0008219685039368
21
-5.6767199606299208
0
LINE
8
F.Silkscreen
6
CONTINUOUS
10
4.0008219685039368
20
-5.6767199606299208
11
4.0062163385826768
21
-5.6841446456692912
0
LINE
8
F.Silkscreen
6
CONTINUOUS
10
4.0062163385826768
20
-5.6841446456692912
11
4.0127057480314958
21
-5.6906340551181103
0
LINE
8
F.Silkscreen
6
CONTINUOUS
10
4.0127057480314958
20
-5.6906340551181103
11
4.0201304330708663
21
-5.6960284251968503
0
LINE
8
F.Silkscreen
6
CONTINUOUS
10
4.0201304330708663
20
-5.6960284251968503
11
4.0283075984251964
21
-5.7001948818897636
0
LINE
8
F.Silkscreen
6
CONTINUOUS
10
4.0283075984251964
20
-5.7001948818897636
11
4.0370358267716533
21
-5.7030308661417317
0
LINE
8
F.Silkscreen
6
CONTINUOUS
10
4.0370358267716533
20
-5.7030308661417317
11
4.0461002755905513
21
-5.7044665354330704
0
LINE
8
F.Silkscreen
6
CONTINUOUS
10
4.0461002755905513
20
-5.7044665354330704
11
4.0552776771653543
21
-5.7044665354330704
0
LINE
8
F.Silkscreen
6
CONTINUOUS
10
4.0552776771653543
20
-5.7044665354330704
11
4.0643421259842523
21
-5.7030308661417317
0
LINE
8
F.Silkscreen
6
CONTINUOUS
10
4.0643421259842523
20
-5.7030308661417317
11
4.0730703543307083
21
-5.7001948818897636
0
LINE
8
F.Silkscreen
6
CONTINUOUS
10
4.0730703543307083
20
-5.7001948818897636
11
4.0812475196850393
21
-5.6960284251968503
0
LINE
8
F.Silkscreen
6
CONTINUOUS
10
4.0812475196850393
20
-5.6960284251968503
11
4.0886722047244097
21
-5.6906340551181103
0
LINE
8
F.Silkscreen
6
CONTINUOUS
10
4.0886722047244097
20
-5.6906340551181103
11
4.0951616141732279
21
-5.6841446456692912
0
LINE
8
F.Silkscreen
6
CONTINUOUS
10
4.0951616141732279
20
-5.6841446456692912
11
4.1005559842519688
21
-5.6767199606299208
0
LINE
8
F.Silkscreen
6
CONTINUOUS
10
4.1005559842519688
20
-5.6767199606299208
11
4.1047224409448821
21
-5.6685427952755907
0
LINE
8
F.Silkscreen
6
CONTINUOUS
10
4.1047224409448821
20
-5.6685427952755907
11
4.1075584251968502
21
-5.6598145669291338
0
LINE
8
F.Silkscreen
6
CONTINUOUS
10
4.1075584251968502
20
-5.6598145669291338
11
4.1089940944881889
21
-5.6507501181102358
0
LINE
8
F.Silkscreen
6
CONTINUOUS
10
4.1089940944881889
20
-5.6507501181102358
11
4.1089940944881889
21
-5.6415727165354328
0
LINE
8
F.Silkscreen
6
CONTINUOUS
10
4.1089940944881889
20
-5.6415727165354328
11
4.1075584251968502
21
-5.6325082677165357
0
LINE
8
F.Silkscreen
6
CONTINUOUS
10
4.1075584251968502
20
-5.6325082677165357
11
4.1047224409448821
21
-5.6237800393700788
0
LINE
8
F.Silkscreen
6
CONTINUOUS
10
4.1047224409448821
20
-5.6237800393700788
11
4.1005559842519688
21
-5.6156028740157478
0
LINE
8
F.Silkscreen
6
CONTINUOUS
10
4.1005559842519688
20
-5.6156028740157478
11
4.0951616141732279
21
-5.6081781889763782
0
LINE
8
F.Silkscreen
6
CONTINUOUS
10
4.0951616141732279
20
-5.6081781889763782
11
4.0886722047244097
21
-5.6016887795275592
0
LINE
8
F.Silkscreen
6
CONTINUOUS
10
4.0886722047244097
20
-5.6016887795275592
11
4.0812475196850393
21
-5.5962944094488192
0
LINE
8
F.Silkscreen
6
CONTINUOUS
10
4.0812475196850393
20
-5.5962944094488192
11
4.0730703543307083
21
-5.5921279527559058
0
LINE
8
F.Silkscreen
6
CONTINUOUS
10
4.0730703543307083
20
-5.5921279527559058
11
4.0643421259842523
21
-5.5892919685039368
0
LINE
8
F.Silkscreen
6
CONTINUOUS
10
4.0643421259842523
20
-5.5892919685039368
11
4.0552776771653543
21
-5.5878562992125982
0
LINE
8
F.Silkscreen
6
CONTINUOUS
10
4.0552776771653543
20
-5.5878562992125982
11
4.0461002755905513
21
-5.5878562992125982
0
LINE
8
F.Silkscreen
6
CONTINUOUS
10
4.0461002755905513
20
-5.5878562992125982
11
4.0370358267716533
21
-5.5892919685039368
0
LINE
8
F.Silkscreen
6
CONTINUOUS
10
4.0370358267716533
20
-5.5892919685039368
11
4.0283075984251964
21
-5.5921279527559058
0
LINE
8
F.Silkscreen
6
CONTINUOUS
10
4.0283075984251964
20
-5.5921279527559058
11
4.0201304330708663
21
-5.5962944094488192
0
LINE
8
F.Silkscreen
6
CONTINUOUS
10
4.0201304330708663
20
-5.5962944094488192
11
4.0127057480314958
21
-5.6016887795275592
0
LINE
8
F.Silkscreen
6
CONTINUOUS
10
4.0127057480314958
20
-5.6016887795275592
11
4.0062163385826768
21
-5.6081781889763782
0
LINE
8
F.Silkscreen
6
CONTINUOUS
10
4.0062163385826768
20
-5.6081781889763782
11
4.0008219685039368
21
-5.6156028740157478
0
LINE
8
F.Silkscreen
6
CONTINUOUS
10
4.0008219685039368
20
-5.6156028740157478
11
3.9966555118110234
21
-5.6237800393700788
0
LINE
8
F.Silkscreen
6
CONTINUOUS
10
3.9966555118110234
20
-5.6237800393700788
11
3.9938195275590549
21
-5.6325082677165357
0
LINE
8
F.Silkscreen
6
CONTINUOUS
10
3.9938195275590549
20
-5.6325082677165357
11
3.9923838582677162
21
-5.6415727165354328
0
LINE
8
F.Silkscreen
6
CONTINUOUS
10
3.9923838582677162
20
-5.6415727165354328
11
3.9923838582677162
21
-5.6507501181102358
0
LINE
8
F.Silkscreen
6
CONTINUOUS
10
5.0646501968503932
20
-5.5880087007874018
11
5.0735753937007875
21
-5.5909087007874012
0
LINE
8
F.Silkscreen
6
CONTINUOUS
10
5.0735753937007875
20
-5.5909087007874012
11
5.0819370472440948
21
-5.5951691732283466
0
LINE
8
F.Silkscreen
6
CONTINUOUS
10
5.0819370472440948
20
-5.5951691732283466
11
5.0895292913385823
21
-5.600685236220472
0
LINE
8
F.Silkscreen
6
CONTINUOUS
10
5.0895292913385823
20
-5.600685236220472
11
5.0961651574803151
21
-5.6073211023622047
0
LINE
8
F.Silkscreen
6
CONTINUOUS
10
5.0961651574803151
20
-5.6073211023622047
11
5.1016812204724404
21
-5.6149133464566932
0
LINE
8
F.Silkscreen
6
CONTINUOUS
10
5.1016812204724404
20
-5.6149133464566932
11
5.1059416929133858
21
-5.6232749999999996
0
LINE
8
F.Silkscreen
6
CONTINUOUS
10
5.1059416929133858
20
-5.6232749999999996
11
5.1088416929133853
21
-5.6322001968503939
0
LINE
8
F.Silkscreen
6
CONTINUOUS
10
5.1088416929133853
20
-5.6322001968503939
11
5.1103097244094489
21
-5.6414691732283462
0
LINE
8
F.Silkscreen
6
CONTINUOUS
10
5.1103097244094489
20
-5.6414691732283462
11
5.1103097244094489
21
-5.6508536614173224
0
LINE
8
F.Silkscreen
6
CONTINUOUS
10
5.1103097244094489
20
-5.6508536614173224
11
5.1088416929133853
21
-5.6601226377952756
0
LINE
8
F.Silkscreen
6
CONTINUOUS
10
5.1088416929133853
20
-5.6601226377952756
11
5.1059416929133858
21
-5.669047834645669
0
LINE
8
F.Silkscreen
6
CONTINUOUS
10
5.1059416929133858
20
-5.669047834645669
11
5.1016812204724404
21
-5.6774094881889763
0
LINE
8
F.Silkscreen
6
CONTINUOUS
10
5.1016812204724404
20
-5.6774094881889763
11
5.0961651574803151
21
-5.6850017322834647
0
LINE
8
F.Silkscreen
6
CONTINUOUS
10
5.0961651574803151
20
-5.6850017322834647
11
5.0895292913385823
21
-5.6916375984251966
0
LINE
8
F.Silkscreen
6
CONTINUOUS
10
5.0895292913385823
20
-5.6916375984251966
11
5.0819370472440948
21
-5.6971536614173228
0
LINE
8
F.Silkscreen
6
CONTINUOUS
10
5.0819370472440948
20
-5.6971536614173228
11
5.0735753937007875
21
-5.7014141338582673
0
LINE
8
F.Silkscreen
6
CONTINUOUS
10
5.0735753937007875
20
-5.7014141338582673
11
5.0646501968503932
21
-5.7043141338582677
0
LINE
8
F.Silkscreen
6
CONTINUOUS
10
5.0646501968503932
20
-5.7043141338582677
11
5.0553812204724409
21
-5.7057821653543304
0
LINE
8
F.Silkscreen
6
CONTINUOUS
10
5.0553812204724409
20
-5.7057821653543304
11
5.0459967322834647
21
-5.7057821653543304
0
LINE
8
F.Silkscreen
6
CONTINUOUS
10
5.0459967322834647
20
-5.7057821653543304
11
5.0367277559055115
21
-5.7043141338582677
0
LINE
8
F.Silkscreen
6
CONTINUOUS
10
5.0367277559055115
20
-5.7043141338582677
11
5.0278025590551181
21
-5.7014141338582673
0
LINE
8
F.Silkscreen
6
CONTINUOUS
10
5.0278025590551181
20
-5.7014141338582673
11
5.0194409055118108
21
-5.6971536614173228
0
LINE
8
F.Silkscreen
6
CONTINUOUS
10
5.0194409055118108
20
-5.6971536614173228
11
5.0118486614173223
21
-5.6916375984251966
0
LINE
8
F.Silkscreen
6
CONTINUOUS
10
5.0118486614173223
20
-5.6916375984251966
11
5.0052127952755905
21
-5.6850017322834647
0
LINE
8
F.Silkscreen
6
CONTINUOUS
10
5.0052127952755905
20
-5.6850017322834647
11
4.9996967322834642
21
-5.6774094881889763
0
LINE
8
F.Silkscreen
6
CONTINUOUS
10
4.9996967322834642
20
-5.6774094881889763
11
4.9954362598425197
21
-5.669047834645669
0
LINE
8
F.Silkscreen
6
CONTINUOUS
10
4.9954362598425197
20
-5.669047834645669
11
4.9925362598425194
21
-5.6601226377952756
0
LINE
8
F.Silkscreen
6
CONTINUOUS
10
4.9925362598425194
20
-5.6601226377952756
11
4.9910682283464567
21
-5.6508536614173224
0
LINE
8
F.Silkscreen
6
CONTINUOUS
10
4.9910682283464567
20
-5.6508536614173224
11
4.9910682283464567
21
-5.6415727165354328
0
LINE
8
F.Silkscreen
6
CONTINUOUS
10
4.9910682283464567
20
-5.6415727165354328
11
4.9910682283464567
21
-5.6414691732283462
0
LINE
8
F.Silkscreen
6
CONTINUOUS
10
4.9910682283464567
20
-5.6414691732283462
11
4.9925362598425194
21
-5.6322001968503939
0
LINE
8
F.Silkscreen
6
CONTINUOUS
10
4.9925362598425194
20
-5.6322001968503939
11
4.9954362598425197
21
-5.6232749999999996
0
LINE
8
F.Silkscreen
6
CONTINUOUS
10
4.9954362598425197
20
-5.6232749999999996
11
4.9996967322834642
21
-5.6149133464566932
0
LINE
8
F.Silkscreen
6
CONTINUOUS
10
4.9996967322834642
20
-5.6149133464566932
11
5.0052127952755905
21
-5.6073211023622047
0
LINE
8
F.Silkscreen
6
CONTINUOUS
10
5.0052127952755905
20
-5.6073211023622047
11
5.0118486614173223
21
-5.600685236220472
0
LINE
8
F.Silkscreen
6
CONTINUOUS
10
5.0118486614173223
20
-5.600685236220472
11
5.0194409055118108
21
-5.5951691732283466
0
LINE
8
F.Silkscreen
6
CONTINUOUS
10
5.0194409055118108
20
-5.5951691732283466
11
5.0278025590551181
21
-5.5909087007874012
0
LINE
8
F.Silkscreen
6
CONTINUOUS
10
5.0278025590551181
20
-5.5909087007874012
11
5.0367277559055115
21
-5.5880087007874018
0
LINE
8
F.Silkscreen
6
CONTINUOUS
10
5.0367277559055115
20
-5.5880087007874018
11
5.0459967322834647
21
-5.5865406692913382
0
LINE
8
F.Silkscreen
6
CONTINUOUS
10
5.0459967322834647
20
-5.5865406692913382
11
5.0553812204724409
21
-5.5865406692913382
0
LINE
8
F.Silkscreen
6
CONTINUOUS
10
5.0553812204724409
20
-5.5865406692913382
11
5.0646501968503932
21
-5.5880087007874018
0
LINE
8
F.Silkscreen
6
CONTINUOUS
10
4.9923838582677167
20
-5.6507501181102358
11
4.9938195275590553
21
-5.6598145669291338
0
LINE
8
F.Silkscreen
6
CONTINUOUS
10
4.9938195275590553
20
-5.6598145669291338
11
4.9966555118110234
21
-5.6685427952755907
0
LINE
8
F.Silkscreen
6
CONTINUOUS
10
4.9966555118110234
20
-5.6685427952755907
11
5.0008219685039368
21
-5.6767199606299208
0
LINE
8
F.Silkscreen
6
CONTINUOUS
10
5.0008219685039368
20
-5.6767199606299208
11
5.0062163385826768
21
-5.6841446456692912
0
LINE
8
F.Silkscreen
6
CONTINUOUS
10
5.0062163385826768
20
-5.6841446456692912
11
5.0127057480314958
21
-5.6906340551181103
0
LINE
8
F.Silkscreen
6
CONTINUOUS
10
5.0127057480314958
20
-5.6906340551181103
11
5.0201304330708663
21
-5.6960284251968503
0
LINE
8
F.Silkscreen
6
CONTINUOUS
10
5.0201304330708663
20
-5.6960284251968503
11
5.0283075984251964
21
-5.7001948818897636
0
LINE
8
F.Silkscreen
6
CONTINUOUS
10
5.0283075984251964
20
-5.7001948818897636
11
5.0370358267716533
21
-5.7030308661417317
0
LINE
8
F.Silkscreen
6
CONTINUOUS
10
5.0370358267716533
20
-5.7030308661417317
11
5.0461002755905513
21
-5.7044665354330704
0
LINE
8
F.Silkscreen
6
CONTINUOUS
10
5.0461002755905513
20
-5.7044665354330704
11
5.0552776771653543
21
-5.7044665354330704
0
LINE
8
F.Silkscreen
6
CONTINUOUS
10
5.0552776771653543
20
-5.7044665354330704
11
5.0643421259842523
21
-5.7030308661417317
0
LINE
8
F.Silkscreen
6
CONTINUOUS
10
5.0643421259842523
20
-5.7030308661417317
11
5.0730703543307083
21
-5.7001948818897636
0
LINE
8
F.Silkscreen
6
CONTINUOUS
10
5.0730703543307083
20
-5.7001948818897636
11
5.0812475196850393
21
-5.6960284251968503
0
LINE
8
F.Silkscreen
6
CONTINUOUS
10
5.0812475196850393
20
-5.6960284251968503
11
5.0886722047244097
21
-5.6906340551181103
0
LINE
8
F.Silkscreen
6
CONTINUOUS
10
5.0886722047244097
20
-5.6906340551181103
11
5.0951616141732279
21
-5.6841446456692912
0
LINE
8
F.Silkscreen
6
CONTINUOUS
10
5.0951616141732279
20
-5.6841446456692912
11
5.1005559842519688
21
-5.6767199606299208
0
LINE
8
F.Silkscreen
6
CONTINUOUS
10
5.1005559842519688
20
-5.6767199606299208
11
5.1047224409448821
21
-5.6685427952755907
0
LINE
8
F.Silkscreen
6
CONTINUOUS
10
5.1047224409448821
20
-5.6685427952755907
11
5.1075584251968502
21
-5.6598145669291338
0
LINE
8
F.Silkscreen
6
CONTINUOUS
10
5.1075584251968502
20
-5.6598145669291338
11
5.1089940944881889
21
-5.6507501181102358
0
LINE
8
F.Silkscreen
6
CONTINUOUS
10
5.1089940944881889
20
-5.6507501181102358
11
5.1089940944881889
21
-5.6415727165354328
0
LINE
8
F.Silkscreen
6
CONTINUOUS
10
5.1089940944881889
20
-5.6415727165354328
11
5.1075584251968502
21
-5.6325082677165357
0
LINE
8
F.Silkscreen
6
CONTINUOUS
10
5.1075584251968502
20
-5.6325082677165357
11
5.1047224409448821
21
-5.6237800393700788
0
LINE
8
F.Silkscreen
6
CONTINUOUS
10
5.1047224409448821
20
-5.6237800393700788
11
5.1005559842519688
21
-5.6156028740157478
0
LINE
8
F.Silkscreen
6
CONTINUOUS
10
5.1005559842519688
20
-5.6156028740157478
11
5.0951616141732279
21
-5.6081781889763782
0
LINE
8
F.Silkscreen
6
CONTINUOUS
10
5.0951616141732279
20
-5.6081781889763782
11
5.0886722047244097
21
-5.6016887795275592
0
LINE
8
F.Silkscreen
6
CONTINUOUS
10
5.0886722047244097
20
-5.6016887795275592
11
5.0812475196850393
21
-5.5962944094488192
0
LINE
8
F.Silkscreen
6
CONTINUOUS
10
5.0812475196850393
20
-5.5962944094488192
11
5.0730703543307083
21
-5.5921279527559058
0
LINE
8
F.Silkscreen
6
CONTINUOUS
10
5.0730703543307083
20
-5.5921279527559058
11
5.0643421259842523
21
-5.5892919685039368
0
LINE
8
F.Silkscreen
6
CONTINUOUS
10
5.0643421259842523
20
-5.5892919685039368
11
5.0552776771653543
21
-5.5878562992125982
0
LINE
8
F.Silkscreen
6
CONTINUOUS
10
5.0552776771653543
20
-5.5878562992125982
11
5.0461002755905513
21
-5.5878562992125982
0
LINE
8
F.Silkscreen
6
CONTINUOUS
10
5.0461002755905513
20
-5.5878562992125982
11
5.0370358267716533
21
-5.5892919685039368
0
LINE
8
F.Silkscreen
6
CONTINUOUS
10
5.0370358267716533
20
-5.5892919685039368
11
5.0283075984251964
21
-5.5921279527559058
0
LINE
8
F.Silkscreen
6
CONTINUOUS
10
5.0283075984251964
20
-5.5921279527559058
11
5.0201304330708663
21
-5.5962944094488192
0
LINE
8
F.Silkscreen
6
CONTINUOUS
10
5.0201304330708663
20
-5.5962944094488192
11
5.0127057480314958
21
-5.6016887795275592
0
LINE
8
F.Silkscreen
6
CONTINUOUS
10
5.0127057480314958
20
-5.6016887795275592
11
5.0062163385826768
21
-5.6081781889763782
0
LINE
8
F.Silkscreen
6
CONTINUOUS
10
5.0062163385826768
20
-5.6081781889763782
11
5.0008219685039368
21
-5.6156028740157478
0
LINE
8
F.Silkscreen
6
CONTINUOUS
10
5.0008219685039368
20
-5.6156028740157478
11
4.9966555118110234
21
-5.6237800393700788
0
LINE
8
F.Silkscreen
6
CONTINUOUS
10
4.9966555118110234
20
-5.6237800393700788
11
4.9938195275590553
21
-5.6325082677165357
0
LINE
8
F.Silkscreen
6
CONTINUOUS
10
4.9938195275590553
20
-5.6325082677165357
11
4.9923838582677167
21
-5.6415727165354328
0
LINE
8
F.Silkscreen
6
CONTINUOUS
10
4.9923838582677167
20
-5.6415727165354328
11
4.9923838582677167
21
-5.6507501181102358
0
LINE
8
F.Silkscreen
6
CONTINUOUS
10
4.6884842519685037
20
-5.405253937007874
11
4.6969953937007869
21
-5.405862677165354
0
LINE
8
F.Silkscreen
6
CONTINUOUS
10
4.6969953937007869
20
-5.405862677165354
11
4.7053333070866143
21
-5.4076764566929132
0
LINE
8
F.Silkscreen
6
CONTINUOUS
10
4.7053333070866143
20
-5.4076764566929132
11
4.7133281889763783
21
-5.4106584251968499
0
LINE
8
F.Silkscreen
6
CONTINUOUS
10
4.7133281889763783
20
-5.4106584251968499
11
4.7208173228346455
21
-5.4147477952755905
0
LINE
8
F.Silkscreen
6
CONTINUOUS
10
4.7208173228346455
20
-5.4147477952755905
11
4.7276482677165355
21
-5.4198613779527554
0
LINE
8
F.Silkscreen
6
CONTINUOUS
10
4.7276482677165355
20
-5.4198613779527554
11
4.7336819291338585
21
-5.4258950393700784
0
LINE
8
F.Silkscreen
6
CONTINUOUS
10
4.7336819291338585
20
-5.4258950393700784
11
4.7387955118110234
21
-5.4327259842519684
0
LINE
8
F.Silkscreen
6
CONTINUOUS
10
4.7387955118110234
20
-5.4327259842519684
11
4.742884881889764
21
-5.4402151181102365
0
LINE
8
F.Silkscreen
6
CONTINUOUS
10
4.742884881889764
20
-5.4402151181102365
11
4.7458668503937007
21
-5.4482099999999996
0
LINE
8
F.Silkscreen
6
CONTINUOUS
10
4.7458668503937007
20
-5.4482099999999996
11
4.7476806299212599
21
-5.456547913385827
0
LINE
8
F.Silkscreen
6
CONTINUOUS
10
4.7476806299212599
20
-5.456547913385827
11
4.7482893700787399
21
-5.4650590551181102
0
LINE
8
F.Silkscreen
6
CONTINUOUS
10
4.7482893700787399
20
-5.4650590551181102
11
4.7482893700787399
21
-5.5044291338582676
0
LINE
8
F.Silkscreen
6
CONTINUOUS
10
4.7482893700787399
20
-5.5044291338582676
11
4.7476806299212599
21
-5.5129402755905508
0
LINE
8
F.Silkscreen
6
CONTINUOUS
10
4.7476806299212599
20
-5.5129402755905508
11
4.7458668503937007
21
-5.5212781889763782
0
LINE
8
F.Silkscreen
6
CONTINUOUS
10
4.7458668503937007
20
-5.5212781889763782
11
4.742884881889764
21
-5.5292730708661413
0
LINE
8
F.Silkscreen
6
CONTINUOUS
10
4.742884881889764
20
-5.5292730708661413
11
4.7387955118110234
21
-5.5367622047244094
0
LINE
8
F.Silkscreen
6
CONTINUOUS
10
4.7387955118110234
20
-5.5367622047244094
11
4.7336819291338585
21
-5.5435931496062993
0
LINE
8
F.Silkscreen
6
CONTINUOUS
10
4.7336819291338585
20
-5.5435931496062993
11
4.7276482677165355
21
-5.5496268110236215
0
LINE
8
F.Silkscreen
6
CONTINUOUS
10
4.7276482677165355
20
-5.5496268110236215
11
4.7208173228346455
21
-5.5547403937007873
0
LINE
8
F.Silkscreen
6
CONTINUOUS
10
4.7208173228346455
20
-5.5547403937007873
11
4.7133281889763783
21
-5.5588297637795279
0
LINE
8
F.Silkscreen
6
CONTINUOUS
10
4.7133281889763783
20
-5.5588297637795279
11
4.7053333070866143
21
-5.5618117322834646
0
LINE
8
F.Silkscreen
6
CONTINUOUS
10
4.7053333070866143
20
-5.5618117322834646
11
4.6969953937007869
21
-5.5636255118110238
0
LINE
8
F.Silkscreen
6
CONTINUOUS
10
4.6969953937007869
20
-5.5636255118110238
11
4.6884842519685037
21
-5.5642342519685037
0
LINE
8
F.Silkscreen
6
CONTINUOUS
10
4.6884842519685037
20
-5.5642342519685037
11
4.4128937007874018
21
-5.5642342519685037
0
LINE
8
F.Silkscreen
6
CONTINUOUS
10
4.4128937007874018
20
-5.5642342519685037
11
4.4043825590551178
21
-5.5636255118110238
0
LINE
8
F.Silkscreen
6
CONTINUOUS
10
4.4043825590551178
20
-5.5636255118110238
11
4.3960446456692912
21
-5.5618117322834646
0
LINE
8
F.Silkscreen
6
CONTINUOUS
10
4.3960446456692912
20
-5.5618117322834646
11
4.3880497637795273
21
-5.5588297637795279
0
LINE
8
F.Silkscreen
6
CONTINUOUS
10
4.3880497637795273
20
-5.5588297637795279
11
4.3805606299212601
21
-5.5547403937007873
0
LINE
8
F.Silkscreen
6
CONTINUOUS
10
4.3805606299212601
20
-5.5547403937007873
11
4.3737296850393701
21
-5.5496268110236215
0
LINE
8
F.Silkscreen
6
CONTINUOUS
10
4.3737296850393701
20
-5.5496268110236215
11
4.367696023622047
21
-5.5435931496062993
0
LINE
8
F.Silkscreen
6
CONTINUOUS
10
4.367696023622047
20
-5.5435931496062993
11
4.3625824409448821
21
-5.5367622047244094
0
LINE
8
F.Silkscreen
6
CONTINUOUS
10
4.3625824409448821
20
-5.5367622047244094
11
4.3584930708661416
21
-5.5292730708661413
0
LINE
8
F.Silkscreen
6
CONTINUOUS
10
4.3584930708661416
20
-5.5292730708661413
11
4.3555111023622048
21
-5.5212781889763782
0
LINE
8
F.Silkscreen
6
CONTINUOUS
10
4.3555111023622048
20
-5.5212781889763782
11
4.3536973228346456
21
-5.5129402755905508
0
LINE
8
F.Silkscreen
6
CONTINUOUS
10
4.3536973228346456
20
-5.5129402755905508
11
4.3530885826771657
21
-5.5044291338582676
0
LINE
8
F.Silkscreen
6
CONTINUOUS
10
4.3530885826771657
20
-5.5044291338582676
11
4.3530885826771657
21
-5.4650590551181102
0
LINE
8
F.Silkscreen
6
CONTINUOUS
10
4.3530885826771657
20
-5.4650590551181102
11
4.3536973228346456
21
-5.456547913385827
0
LINE
8
F.Silkscreen
6
CONTINUOUS
10
4.3536973228346456
20
-5.456547913385827
11
4.3555111023622048
21
-5.4482099999999996
0
LINE
8
F.Silkscreen
6
CONTINUOUS
10
4.3555111023622048
20
-5.4482099999999996
11
4.3584930708661416
21
-5.4402151181102365
0
LINE
8
F.Silkscreen
6
CONTINUOUS
10
4.3584930708661416
20
-5.4402151181102365
11
4.3625824409448821
21
-5.4327259842519684
0
LINE
8
F.Silkscreen
6
CONTINUOUS
10
4.3625824409448821
20
-5.4327259842519684
11
4.367696023622047
21
-5.4258950393700784
0
LINE
8
F.Silkscreen
6
CONTINUOUS
10
4.367696023622047
20
-5.4258950393700784
11
4.3737296850393701
21
-5.4198613779527554
0
LINE
8
F.Silkscreen
6
CONTINUOUS
10
4.3737296850393701
20
-5.4198613779527554
11
4.3805606299212601
21
-5.4147477952755905
0
LINE
8
F.Silkscreen
6
CONTINUOUS
10
4.3805606299212601
20
-5.4147477952755905
11
4.3880497637795273
21
-5.4106584251968499
0
LINE
8
F.Silkscreen
6
CONTINUOUS
10
4.3880497637795273
20
-5.4106584251968499
11
4.3960446456692912
21
-5.4076764566929132
0
LINE
8
F.Silkscreen
6
CONTINUOUS
10
4.3960446456692912
20
-5.4076764566929132
11
4.4043825590551178
21
-5.405862677165354
0
LINE
8
F.Silkscreen
6
CONTINUOUS
10
4.4043825590551178
20
-5.405862677165354
11
4.4128937007874018
21
-5.405253937007874
0
LINE
8
F.Silkscreen
6
CONTINUOUS
10
4.4128937007874018
20
-5.405253937007874
11
4.6884842519685037
21
-5.405253937007874
0
LINE
8
F.Silkscreen
6
CONTINUOUS
10
4.4128937007874018
20
-5.4067539370078741
11
4.4087236220472441
21
-5.4067539370078741
0
LINE
8
F.Silkscreen
6
CONTINUOUS
10
4.4087236220472441
20
-5.4067539370078741
11
4.4004683858267715
21
-5.4079408661417325
0
LINE
8
F.Silkscreen
6
CONTINUOUS
10
4.4004683858267715
20
-5.4079408661417325
11
4.3924661023622047
21
-5.4102905511811024
0
LINE
8
F.Silkscreen
6
CONTINUOUS
10
4.3924661023622047
20
-5.4102905511811024
11
4.3848796456692911
21
-5.4137551574803151
0
LINE
8
F.Silkscreen
6
CONTINUOUS
10
4.3848796456692911
20
-5.4137551574803151
11
4.3778635039370082
21
-5.4182641732283461
0
LINE
8
F.Silkscreen
6
CONTINUOUS
10
4.3778635039370082
20
-5.4182641732283461
11
4.3715604330708659
21
-5.4237257874015743
0
LINE
8
F.Silkscreen
6
CONTINUOUS
10
4.3715604330708659
20
-5.4237257874015743
11
4.3660988188976377
21
-5.4300288582677165
0
LINE
8
F.Silkscreen
6
CONTINUOUS
10
4.3660988188976377
20
-5.4300288582677165
11
4.3615898031496059
21
-5.4370449999999995
0
LINE
8
F.Silkscreen
6
CONTINUOUS
10
4.3615898031496059
20
-5.4370449999999995
11
4.358125196850394
21
-5.444631456692913
0
LINE
8
F.Silkscreen
6
CONTINUOUS
10
4.358125196850394
20
-5.444631456692913
11
4.3557755118110233
21
-5.4526337401574798
0
LINE
8
F.Silkscreen
6
CONTINUOUS
10
4.3557755118110233
20
-5.4526337401574798
11
4.3545885826771649
21
-5.4608889763779525
0
LINE
8
F.Silkscreen
6
CONTINUOUS
10
4.3545885826771649
20
-5.4608889763779525
11
4.3545885826771649
21
-5.4650590551181102
0
LINE
8
F.Silkscreen
6
CONTINUOUS
10
4.3545885826771649
20
-5.4650590551181102
11
4.3545885826771649
21
-5.5044291338582676
0
LINE
8
F.Silkscreen
6
CONTINUOUS
10
4.3545885826771649
20
-5.5044291338582676
11
4.3545885826771649
21
-5.5085992125984253
0
LINE
8
F.Silkscreen
6
CONTINUOUS
10
4.3545885826771649
20
-5.5085992125984253
11
4.3557755118110233
21
-5.5168544488188971
0
LINE
8
F.Silkscreen
6
CONTINUOUS
10
4.3557755118110233
20
-5.5168544488188971
11
4.358125196850394
21
-5.5248567322834647
0
LINE
8
F.Silkscreen
6
CONTINUOUS
10
4.358125196850394
20
-5.5248567322834647
11
4.3615898031496059
21
-5.5324431889763774
0
LINE
8
F.Silkscreen
6
CONTINUOUS
10
4.3615898031496059
20
-5.5324431889763774
11
4.3660988188976377
21
-5.5394593307086613
0
LINE
8
F.Silkscreen
6
CONTINUOUS
10
4.3660988188976377
20
-5.5394593307086613
11
4.3715604330708659
21
-5.5457624015748026
0
LINE
8
F.Silkscreen
6
CONTINUOUS
10
4.3715604330708659
20
-5.5457624015748026
11
4.3778635039370082
21
-5.5512240157480317
0
LINE
8
F.Silkscreen
6
CONTINUOUS
10
4.3778635039370082
20
-5.5512240157480317
11
4.3848796456692911
21
-5.5557330314960627
0
LINE
8
F.Silkscreen
6
CONTINUOUS
10
4.3848796456692911
20
-5.5557330314960627
11
4.3924661023622047
21
-5.5591976377952754
0
LINE
8
F.Silkscreen
6
CONTINUOUS
10
4.3924661023622047
20
-5.5591976377952754
11
4.4004683858267715
21
-5.5615473228346453
0
LINE
8
F.Silkscreen
6
CONTINUOUS
10
4.4004683858267715
20
-5.5615473228346453
11
4.4087236220472441
21
-5.5627342519685037
0
LINE
8
F.Silkscreen
6
CONTINUOUS
10
4.4087236220472441
20
-5.5627342519685037
11
4.4128937007874018
21
-5.5627342519685037
0
LINE
8
F.Silkscreen
6
CONTINUOUS
10
4.4128937007874018
20
-5.5627342519685037
11
4.6884842519685037
21
-5.5627342519685037
0
LINE
8
F.Silkscreen
6
CONTINUOUS
10
4.6884842519685037
20
-5.5627342519685037
11
4.6926543307086614
21
-5.5627342519685037
0
LINE
8
F.Silkscreen
6
CONTINUOUS
10
4.6926543307086614
20
-5.5627342519685037
11
4.7009095669291341
21
-5.5615473228346453
0
LINE
8
F.Silkscreen
6
CONTINUOUS
10
4.7009095669291341
20
-5.5615473228346453
11
4.7089118503937009
21
-5.5591976377952754
0
LINE
8
F.Silkscreen
6
CONTINUOUS
10
4.7089118503937009
20
-5.5591976377952754
11
4.7164983070866144
21
-5.5557330314960627
0
LINE
8
F.Silkscreen
6
CONTINUOUS
10
4.7164983070866144
20
-5.5557330314960627
11
4.7235144488188974
21
-5.5512240157480317
0
LINE
8
F.Silkscreen
6
CONTINUOUS
10
4.7235144488188974
20
-5.5512240157480317
11
4.7298175196850396
21
-5.5457624015748026
0
LINE
8
F.Silkscreen
6
CONTINUOUS
10
4.7298175196850396
20
-5.5457624015748026
11
4.7352791338582678
21
-5.5394593307086613
0
LINE
8
F.Silkscreen
6
CONTINUOUS
10
4.7352791338582678
20
-5.5394593307086613
11
4.7397881496062988
21
-5.5324431889763774
0
LINE
8
F.Silkscreen
6
CONTINUOUS
10
4.7397881496062988
20
-5.5324431889763774
11
4.7432527559055115
21
-5.5248567322834647
0
LINE
8
F.Silkscreen
6
CONTINUOUS
10
4.7432527559055115
20
-5.5248567322834647
11
4.7456024409448814
21
-5.5168544488188971
0
LINE
8
F.Silkscreen
6
CONTINUOUS
10
4.7456024409448814
20
-5.5168544488188971
11
4.7467893700787398
21
-5.5085992125984253
0
LINE
8
F.Silkscreen
6
CONTINUOUS
10
4.7467893700787398
20
-5.5085992125984253
11
4.7467893700787398
21
-5.5044291338582676
0
LINE
8
F.Silkscreen
6
CONTINUOUS
10
4.7467893700787398
20
-5.5044291338582676
11
4.7467893700787398
21
-5.4650590551181102
0
LINE
8
F.Silkscreen
6
CONTINUOUS
10
4.7467893700787398
20
-5.4650590551181102
11
4.7467893700787398
21
-5.4608889763779525
0
LINE
8
F.Silkscreen
6
CONTINUOUS
10
4.7467893700787398
20
-5.4608889763779525
11
4.7456024409448814
21
-5.4526337401574798
0
LINE
8
F.Silkscreen
6
CONTINUOUS
10
4.7456024409448814
20
-5.4526337401574798
11
4.7432527559055115
21
-5.444631456692913
0
LINE
8
F.Silkscreen
6
CONTINUOUS
10
4.7432527559055115
20
-5.444631456692913
11
4.7397881496062988
21
-5.4370449999999995
0
LINE
8
F.Silkscreen
6
CONTINUOUS
10
4.7397881496062988
20
-5.4370449999999995
11
4.7352791338582678
21
-5.4300288582677165
0
LINE
8
F.Silkscreen
6
CONTINUOUS
10
4.7352791338582678
20
-5.4300288582677165
11
4.7298175196850396
21
-5.4237257874015743
0
LINE
8
F.Silkscreen
6
CONTINUOUS
10
4.7298175196850396
20
-5.4237257874015743
11
4.7235144488188974
21
-5.4182641732283461
0
LINE
8
F.Silkscreen
6
CONTINUOUS
10
4.7235144488188974
20
-5.4182641732283461
11
4.7164983070866144
21
-5.4137551574803151
0
LINE
8
F.Silkscreen
6
CONTINUOUS
10
4.7164983070866144
20
-5.4137551574803151
11
4.7089118503937009
21
-5.4102905511811024
0
LINE
8
F.Silkscreen
6
CONTINUOUS
10
4.7089118503937009
20
-5.4102905511811024
11
4.7009095669291341
21
-5.4079408661417325
0
LINE
8
F.Silkscreen
6
CONTINUOUS
10
4.7009095669291341
20
-5.4079408661417325
11
4.6926543307086614
21
-5.4067539370078741
0
LINE
8
F.Silkscreen
6
CONTINUOUS
10
4.6926543307086614
20
-5.4067539370078741
11
4.6884842519685037
21
-5.4067539370078741
0
LINE
8
F.Silkscreen
6
CONTINUOUS
10
4.6884842519685037
20
-5.4067539370078741
11
4.4128937007874018
21
-5.4067539370078741
0
LINE
8
F.Silkscreen
6
CONTINUOUS
10
3.7775621653543308
20
-5.0926512992125987
11
3.7775655118110234
21
-5.0926506692913387
0
LINE
8
F.Silkscreen
6
CONTINUOUS
10
3.7775655118110234
20
-5.0926506692913387
11
3.7796740551181101
21
-5.0926694881889762
0
LINE
8
F.Silkscreen
6
CONTINUOUS
10
3.7796740551181101
20
-5.0926694881889762
11
3.7796973228346458
21
-5.092674330708661
0
LINE
8
F.Silkscreen
6
CONTINUOUS
10
3.7796973228346458
20
-5.092674330708661
11
3.7797208661417323
21
-5.0926713779527555
0
LINE
8
F.Silkscreen
6
CONTINUOUS
10
3.7797208661417323
20
-5.0926713779527555
11
3.783927086614173
21
-5.0929722047244095
0
LINE
8
F.Silkscreen
6
CONTINUOUS
10
3.783927086614173
20
-5.0929722047244095
11
3.783953188976378
21
-5.092979330708661
0
LINE
8
F.Silkscreen
6
CONTINUOUS
10
3.783953188976378
20
-5.092979330708661
11
3.7839803149606297
21
-5.0929779133858268
0
LINE
8
F.Silkscreen
6
CONTINUOUS
10
3.7839803149606297
20
-5.0929779133858268
11
3.7881543700787401
21
-5.0935780708661413
0
LINE
8
F.Silkscreen
6
CONTINUOUS
10
3.7881543700787401
20
-5.0935780708661413
11
3.7881798818897638
21
-5.0935870472440943
0
LINE
8
F.Silkscreen
6
CONTINUOUS
10
3.7881798818897638
20
-5.0935870472440943
11
3.7882070472440943
21
-5.0935875590551181
0
LINE
8
F.Silkscreen
6
CONTINUOUS
10
3.7882070472440943
20
-5.0935875590551181
11
3.7923276771653542
21
-5.0944839370078743
0
LINE
8
F.Silkscreen
6
CONTINUOUS
10
3.7923276771653542
20
-5.0944839370078743
11
3.7923525984251967
21
-5.0944947637795277
0
LINE
8
F.Silkscreen
6
CONTINUOUS
10
3.7923525984251967
20
-5.0944947637795277
11
3.7923795275590551
21
-5.0944972047244095
0
LINE
8
F.Silkscreen
6
CONTINUOUS
10
3.7923795275590551
20
-5.0944972047244095
11
3.7964256692913385
21
-5.0956852755905508
0
LINE
8
F.Silkscreen
6
CONTINUOUS
10
3.7964256692913385
20
-5.0956852755905508
11
3.7964496456692913
21
-5.0956977952755906
0
LINE
8
F.Silkscreen
6
CONTINUOUS
10
3.7964496456692913
20
-5.0956977952755906
11
3.7964764566929134
21
-5.0957021653543304
0
LINE
8
F.Silkscreen
6
CONTINUOUS
10
3.7964764566929134
20
-5.0957021653543304
11
3.8004275590551182
21
-5.0971758267716538
0
LINE
8
F.Silkscreen
6
CONTINUOUS
10
3.8004275590551182
20
-5.0971758267716538
11
3.8004506692913385
21
-5.0971900787401569
0
LINE
8
F.Silkscreen
6
CONTINUOUS
10
3.8004506692913385
20
-5.0971900787401569
11
3.8004770472440943
21
-5.0971963385826768
0
LINE
8
F.Silkscreen
6
CONTINUOUS
10
3.8004770472440943
20
-5.0971963385826768
11
3.8043129527559056
21
-5.0989481889763777
0
LINE
8
F.Silkscreen
6
CONTINUOUS
10
3.8043129527559056
20
-5.0989481889763777
11
3.8043348818897638
21
-5.0989639763779531
0
LINE
8
F.Silkscreen
6
CONTINUOUS
10
3.8043348818897638
20
-5.0989639763779531
11
3.8043608267716533
21
-5.0989721259842522
0
LINE
8
F.Silkscreen
6
CONTINUOUS
10
3.8043608267716533
20
-5.0989721259842522
11
3.808061968503937
21
-5.1009930708661413
0
LINE
8
F.Silkscreen
6
CONTINUOUS
10
3.808061968503937
20
-5.1009930708661413
11
3.8080827952755905
21
-5.1010104724409446
0
LINE
8
F.Silkscreen
6
CONTINUOUS
10
3.8080827952755905
20
-5.1010104724409446
11
3.8081079921259842
21
-5.1010203937007876
0
LINE
8
F.Silkscreen
6
CONTINUOUS
10
3.8081079921259842
20
-5.1010203937007876
11
3.8116555511811021
21
-5.1033002362204725
0
LINE
8
F.Silkscreen
6
CONTINUOUS
10
3.8116555511811021
20
-5.1033002362204725
11
3.8116750787401572
21
-5.1033190944881888
0
LINE
8
F.Silkscreen
6
CONTINUOUS
10
3.8116750787401572
20
-5.1033190944881888
11
3.8116995275590551
21
-5.1033307874015748
0
LINE
8
F.Silkscreen
6
CONTINUOUS
10
3.8116995275590551
20
-5.1033307874015748
11
3.8150753937007873
21
-5.1058579527559056
0
LINE
8
F.Silkscreen
6
CONTINUOUS
10
3.8150753937007873
20
-5.1058579527559056
11
3.8150935039370077
21
-5.1058781102362207
0
LINE
8
F.Silkscreen
6
CONTINUOUS
10
3.8150935039370077
20
-5.1058781102362207
11
3.8151170472440943
21
-5.1058915354330709
0
LINE
8
F.Silkscreen
6
CONTINUOUS
10
3.8151170472440943
20
-5.1058915354330709
11
3.81830405511811
21
-5.108653031496063
0
LINE
8
F.Silkscreen
6
CONTINUOUS
10
3.81830405511811
20
-5.108653031496063
11
3.818320708661417
21
-5.1086744881889761
0
LINE
8
F.Silkscreen
6
CONTINUOUS
10
3.818320708661417
20
-5.1086744881889761
11
3.8183432283464565
21
-5.1086895275590551
0
LINE
8
F.Silkscreen
6
CONTINUOUS
10
3.8183432283464565
20
-5.1086895275590551
11
3.8213250787401574
21
-5.1116713779527556
0
LINE
8
F.Silkscreen
6
CONTINUOUS
10
3.8213250787401574
20
-5.1116713779527556
11
3.821340118110236
21
-5.1116938582677163
0
LINE
8
F.Silkscreen
6
CONTINUOUS
10
3.821340118110236
20
-5.1116938582677163
11
3.8213615748031495
21
-5.1117105511811021
0
LINE
8
F.Silkscreen
6
CONTINUOUS
10
3.8213615748031495
20
-5.1117105511811021
11
3.8241230708661416
21
-5.1148975590551178
0
LINE
8
F.Silkscreen
6
CONTINUOUS
10
3.8241230708661416
20
-5.1148975590551178
11
3.8241364960629922
21
-5.1149211417322835
0
LINE
8
F.Silkscreen
6
CONTINUOUS
10
3.8241364960629922
20
-5.1149211417322835
11
3.8241566535433069
21
-5.1149392519685035
0
LINE
8
F.Silkscreen
6
CONTINUOUS
10
3.8241566535433069
20
-5.1149392519685035
11
3.8266838188976378
21
-5.1183150787401575
0
LINE
8
F.Silkscreen
6
CONTINUOUS
10
3.8266838188976378
20
-5.1183150787401575
11
3.826695472440945
21
-5.1183394881889761
0
LINE
8
F.Silkscreen
6
CONTINUOUS
10
3.826695472440945
20
-5.1183394881889761
11
3.82671437007874
21
-5.11835905511811
0
LINE
8
F.Silkscreen
6
CONTINUOUS
10
3.82671437007874
20
-5.11835905511811
11
3.8289942125984253
21
-5.1219066141732279
0
LINE
8
F.Silkscreen
6
CONTINUOUS
10
3.8289942125984253
20
-5.1219066141732279
11
3.8290040944881887
21
-5.1219317716535429
0
LINE
8
F.Silkscreen
6
CONTINUOUS
10
3.8290040944881887
20
-5.1219317716535429
11
3.8290215354330708
21
-5.1219526377952755
0
LINE
8
F.Silkscreen
6
CONTINUOUS
10
3.8290215354330708
20
-5.1219526377952755
11
3.8310425196850395
21
-5.1256538188976375
0
LINE
8
F.Silkscreen
6
CONTINUOUS
10
3.8310425196850395
20
-5.1256538188976375
11
3.8310506299212599
21
-5.1256797244094487
0
LINE
8
F.Silkscreen
6
CONTINUOUS
10
3.8310506299212599
20
-5.1256797244094487
11
3.8310664566929131
21
-5.1257016929133856
0
LINE
8
F.Silkscreen
6
CONTINUOUS
10
3.8310664566929131
20
-5.1257016929133856
11
3.832818307086614
21
-5.1295375984251965
0
LINE
8
F.Silkscreen
6
CONTINUOUS
10
3.832818307086614
20
-5.1295375984251965
11
3.8328245275590551
21
-5.1295639763779528
0
LINE
8
F.Silkscreen
6
CONTINUOUS
10
3.8328245275590551
20
-5.1295639763779528
11
3.8328387795275591
21
-5.1295870472440948
0
LINE
8
F.Silkscreen
6
CONTINUOUS
10
3.8328387795275591
20
-5.1295870472440948
11
3.8343124409448817
21
-5.1335381496062995
0
LINE
8
F.Silkscreen
6
CONTINUOUS
10
3.8343124409448817
20
-5.1335381496062995
11
3.8343167716535431
21
-5.1335649212598424
0
LINE
8
F.Silkscreen
6
CONTINUOUS
10
3.8343167716535431
20
-5.1335649212598424
11
3.8343293307086612
21
-5.1335889370078736
0
LINE
8
F.Silkscreen
6
CONTINUOUS
10
3.8343293307086612
20
-5.1335889370078736
11
3.8355174409448818
21
-5.137635078740157
0
LINE
8
F.Silkscreen
6
CONTINUOUS
10
3.8355174409448818
20
-5.137635078740157
11
3.8355198425196848
21
-5.1376620078740158
0
LINE
8
F.Silkscreen
6
CONTINUOUS
10
3.8355198425196848
20
-5.1376620078740158
11
3.8355307086614174
21
-5.137686968503937
0
LINE
8
F.Silkscreen
6
CONTINUOUS
10
3.8355307086614174
20
-5.137686968503937
11
3.8364270472440944
21
-5.1418075590551178
0
LINE
8
F.Silkscreen
6
CONTINUOUS
10
3.8364270472440944
20
-5.1418075590551178
11
3.8364275196850395
21
-5.1418346850393704
0
LINE
8
F.Silkscreen
6
CONTINUOUS
10
3.8364275196850395
20
-5.1418346850393704
11
3.8364365354330707
21
-5.1418602362204719
0
LINE
8
F.Silkscreen
6
CONTINUOUS
10
3.8364365354330707
20
-5.1418602362204719
11
3.8370366929133857
21
-5.1460342913385828
0
LINE
8
F.Silkscreen
6
CONTINUOUS
10
3.8370366929133857
20
-5.1460342913385828
11
3.8370352362204723
21
-5.1460613779527558
0
LINE
8
F.Silkscreen
6
CONTINUOUS
10
3.8370352362204723
20
-5.1460613779527558
11
3.837042401574803
21
-5.1460875196850395
0
LINE
8
F.Silkscreen
6
CONTINUOUS
10
3.837042401574803
20
-5.1460875196850395
11
3.8373432283464566
21
-5.1502937401574798
0
LINE
8
F.Silkscreen
6
CONTINUOUS
10
3.8373432283464566
20
-5.1502937401574798
11
3.8373402362204723
21
-5.150317244094488
0
LINE
8
F.Silkscreen
6
CONTINUOUS
10
3.8373402362204723
20
-5.150317244094488
11
3.8373451181102363
21
-5.1503405511811025
0
LINE
8
F.Silkscreen
6
CONTINUOUS
10
3.8373451181102363
20
-5.1503405511811025
11
3.8373639370078738
21
-5.1524490551181099
0
LINE
8
F.Silkscreen
6
CONTINUOUS
10
3.8373639370078738
20
-5.1524490551181099
11
3.8373632677165355
21
-5.1524523622047242
0
LINE
8
F.Silkscreen
6
CONTINUOUS
10
3.8373632677165355
20
-5.1524523622047242
11
3.8373639763779526
21
-5.1524557480314961
0
LINE
8
F.Silkscreen
6
CONTINUOUS
10
3.8373639763779526
20
-5.1524557480314961
11
3.8373639763779526
21
-5.428046299212598
0
LINE
8
F.Silkscreen
6
CONTINUOUS
10
3.8373639763779526
20
-5.428046299212598
11
3.8373632677165355
21
-5.428049645669291
0
LINE
8
F.Silkscreen
6
CONTINUOUS
10
3.8373632677165355
20
-5.428049645669291
11
3.8373639370078738
21
-5.4280529921259841
0
LINE
8
F.Silkscreen
6
CONTINUOUS
10
3.8373639370078738
20
-5.4280529921259841
11
3.8373451181102363
21
-5.4301614960629916
0
LINE
8
F.Silkscreen
6
CONTINUOUS
10
3.8373451181102363
20
-5.4301614960629916
11
3.8373402362204723
21
-5.4301847637795273
0
LINE
8
F.Silkscreen
6
CONTINUOUS
10
3.8373402362204723
20
-5.4301847637795273
11
3.8373432283464566
21
-5.4302083070866143
0
LINE
8
F.Silkscreen
6
CONTINUOUS
10
3.8373432283464566
20
-5.4302083070866143
11
3.837042401574803
21
-5.4344145275590554
0
LINE
8
F.Silkscreen
6
CONTINUOUS
10
3.837042401574803
20
-5.4344145275590554
11
3.8370352362204723
21
-5.4344406299212595
0
LINE
8
F.Silkscreen
6
CONTINUOUS
10
3.8370352362204723
20
-5.4344406299212595
11
3.8370366929133857
21
-5.4344677559055121
0
LINE
8
F.Silkscreen
6
CONTINUOUS
10
3.8370366929133857
20
-5.4344677559055121
11
3.8364365354330707
21
-5.4386418110236221
0
LINE
8
F.Silkscreen
6
CONTINUOUS
10
3.8364365354330707
20
-5.4386418110236221
11
3.8364275196850395
21
-5.4386673228346458
0
LINE
8
F.Silkscreen
6
CONTINUOUS
10
3.8364275196850395
20
-5.4386673228346458
11
3.8364270472440944
21
-5.4386944881889763
0
LINE
8
F.Silkscreen
6
CONTINUOUS
10
3.8364270472440944
20
-5.4386944881889763
11
3.8355307086614174
21
-5.442815078740157
0
LINE
8
F.Silkscreen
6
CONTINUOUS
10
3.8355307086614174
20
-5.442815078740157
11
3.8355198425196848
21
-5.4428399999999995
0
LINE
8
F.Silkscreen
6
CONTINUOUS
10
3.8355198425196848
20
-5.4428399999999995
11
3.8355174409448818
21
-5.442866968503937
0
LINE
8
F.Silkscreen
6
CONTINUOUS
10
3.8355174409448818
20
-5.442866968503937
11
3.8343293307086612
21
-5.4469131102362205
0
LINE
8
F.Silkscreen
6
CONTINUOUS
10
3.8343293307086612
20
-5.4469131102362205
11
3.8343167716535431
21
-5.4469370866141729
0
LINE
8
F.Silkscreen
6
CONTINUOUS
10
3.8343167716535431
20
-5.4469370866141729
11
3.8343124409448817
21
-5.4469638976377954
0
LINE
8
F.Silkscreen
6
CONTINUOUS
10
3.8343124409448817
20
-5.4469638976377954
11
3.8328387795275591
21
-5.4509150000000002
0
LINE
8
F.Silkscreen
6
CONTINUOUS
10
3.8328387795275591
20
-5.4509150000000002
11
3.8328245275590551
21
-5.4509380314960625
0
LINE
8
F.Silkscreen
6
CONTINUOUS
10
3.8328245275590551
20
-5.4509380314960625
11
3.832818307086614
21
-5.4509644488188975
0
LINE
8
F.Silkscreen
6
CONTINUOUS
10
3.832818307086614
20
-5.4509644488188975
11
3.8310664566929131
21
-5.4548003543307084
0
LINE
8
F.Silkscreen
6
CONTINUOUS
10
3.8310664566929131
20
-5.4548003543307084
11
3.8310506299212599
21
-5.4548222834645665
0
LINE
8
F.Silkscreen
6
CONTINUOUS
10
3.8310506299212599
20
-5.4548222834645665
11
3.8310425196850395
21
-5.4548482283464566
0
LINE
8
F.Silkscreen
6
CONTINUOUS
10
3.8310425196850395
20
-5.4548482283464566
11
3.8290215354330708
21
-5.4585494094488185
0
LINE
8
F.Silkscreen
6
CONTINUOUS
10
3.8290215354330708
20
-5.4585494094488185
11
3.8290040944881887
21
-5.4585702362204724
0
LINE
8
F.Silkscreen
6
CONTINUOUS
10
3.8290040944881887
20
-5.4585702362204724
11
3.8289942125984253
21
-5.4585954330708661
0
LINE
8
F.Silkscreen
6
CONTINUOUS
10
3.8289942125984253
20
-5.4585954330708661
11
3.82671437007874
21
-5.4621429921259841
0
LINE
8
F.Silkscreen
6
CONTINUOUS
10
3.82671437007874
20
-5.4621429921259841
11
3.826695472440945
21
-5.4621625196850392
0
LINE
8
F.Silkscreen
6
CONTINUOUS
10
3.826695472440945
20
-5.4621625196850392
11
3.8266838188976378
21
-5.4621869685039366
0
LINE
8
F.Silkscreen
6
CONTINUOUS
10
3.8266838188976378
20
-5.4621869685039366
11
3.8241566535433069
21
-5.4655627952755905
0
LINE
8
F.Silkscreen
6
CONTINUOUS
10
3.8241566535433069
20
-5.4655627952755905
11
3.8241364960629922
21
-5.4655808661417318
0
LINE
8
F.Silkscreen
6
CONTINUOUS
10
3.8241364960629922
20
-5.4655808661417318
11
3.8241230708661416
21
-5.4656044881889763
0
LINE
8
F.Silkscreen
6
CONTINUOUS
10
3.8241230708661416
20
-5.4656044881889763
11
3.8213615748031495
21
-5.468791496062992
0
LINE
8
F.Silkscreen
6
CONTINUOUS
10
3.8213615748031495
20
-5.468791496062992
11
3.821340118110236
21
-5.468808149606299
0
LINE
8
F.Silkscreen
6
CONTINUOUS
10
3.821340118110236
20
-5.468808149606299
11
3.8213250787401574
21
-5.4688306692913384
0
LINE
8
F.Silkscreen
6
CONTINUOUS
10
3.8213250787401574
20
-5.4688306692913384
11
3.8183432283464565
21
-5.4718125196850389
0
LINE
8
F.Silkscreen
6
CONTINUOUS
10
3.8183432283464565
20
-5.4718125196850389
11
3.818320708661417
21
-5.4718275196850392
0
LINE
8
F.Silkscreen
6
CONTINUOUS
10
3.818320708661417
20
-5.4718275196850392
11
3.81830405511811
21
-5.4718490157480311
0
LINE
8
F.Silkscreen
6
CONTINUOUS
10
3.81830405511811
20
-5.4718490157480311
11
3.8151170472440943
21
-5.4746105118110231
0
LINE
8
F.Silkscreen
6
CONTINUOUS
10
3.8151170472440943
20
-5.4746105118110231
11
3.8150935039370077
21
-5.4746238976377954
0
LINE
8
F.Silkscreen
6
CONTINUOUS
10
3.8150935039370077
20
-5.4746238976377954
11
3.8150753937007873
21
-5.4746440944881885
0
LINE
8
F.Silkscreen
6
CONTINUOUS
10
3.8150753937007873
20
-5.4746440944881885
11
3.8116995275590551
21
-5.4771712598425193
0
LINE
8
F.Silkscreen
6
CONTINUOUS
10
3.8116995275590551
20
-5.4771712598425193
11
3.8116750787401572
21
-5.4771829133858265
0
LINE
8
F.Silkscreen
6
CONTINUOUS
10
3.8116750787401572
20
-5.4771829133858265
11
3.8116555511811021
21
-5.4772018110236216
0
LINE
8
F.Silkscreen
6
CONTINUOUS
10
3.8116555511811021
20
-5.4772018110236216
11
3.8081079921259842
21
-5.4794816535433073
0
LINE
8
F.Silkscreen
6
CONTINUOUS
10
3.8081079921259842
20
-5.4794816535433073
11
3.8080827952755905
21
-5.4794915354330707
0
LINE
8
F.Silkscreen
6
CONTINUOUS
10
3.8080827952755905
20
-5.4794915354330707
11
3.808061968503937
21
-5.4795089763779528
0
LINE
8
F.Silkscreen
6
CONTINUOUS
10
3.808061968503937
20
-5.4795089763779528
11
3.8043608267716533
21
-5.4815299212598427
0
LINE
8
F.Silkscreen
6
CONTINUOUS
10
3.8043608267716533
20
-5.4815299212598427
11
3.8043348818897638
21
-5.4815380314960631
0
LINE
8
F.Silkscreen
6
CONTINUOUS
10
3.8043348818897638
20
-5.4815380314960631
11
3.8043129527559056
21
-5.4815538582677164
0
LINE
8
F.Silkscreen
6
CONTINUOUS
10
3.8043129527559056
20
-5.4815538582677164
11
3.8004770472440943
21
-5.4833057086614172
0
LINE
8
F.Silkscreen
6
CONTINUOUS
10
3.8004770472440943
20
-5.4833057086614172
11
3.8004506692913385
21
-5.4833119291338583
0
LINE
8
F.Silkscreen
6
CONTINUOUS
10
3.8004506692913385
20
-5.4833119291338583
11
3.8004275590551182
21
-5.4833262204724411
0
LINE
8
F.Silkscreen
6
CONTINUOUS
10
3.8004275590551182
20
-5.4833262204724411
11
3.7964764566929134
21
-5.4847998818897636
0
LINE
8
F.Silkscreen
6
CONTINUOUS
10
3.7964764566929134
20
-5.4847998818897636
11
3.7964496456692913
21
-5.4848042125984247
0
LINE
8
F.Silkscreen
6
CONTINUOUS
10
3.7964496456692913
20
-5.4848042125984247
11
3.7964256692913385
21
-5.4848167716535432
0
LINE
8
F.Silkscreen
6
CONTINUOUS
10
3.7964256692913385
20
-5.4848167716535432
11
3.7923795275590551
21
-5.4860048425196846
0
LINE
8
F.Silkscreen
6
CONTINUOUS
10
3.7923795275590551
20
-5.4860048425196846
11
3.7923525984251967
21
-5.4860072440944885
0
LINE
8
F.Silkscreen
6
CONTINUOUS
10
3.7923525984251967
20
-5.4860072440944885
11
3.7923276771653542
21
-5.4860181102362207
0
LINE
8
F.Silkscreen
6
CONTINUOUS
10
3.7923276771653542
20
-5.4860181102362207
11
3.7882070472440943
21
-5.486914488188976
0
LINE
8
F.Silkscreen
6
CONTINUOUS
10
3.7882070472440943
20
-5.486914488188976
11
3.7881798818897638
21
-5.486914960629921
0
LINE
8
F.Silkscreen
6
CONTINUOUS
10
3.7881798818897638
20
-5.486914960629921
11
3.7881543700787401
21
-5.4869239763779527
0
LINE
8
F.Silkscreen
6
CONTINUOUS
10
3.7881543700787401
20
-5.4869239763779527
11
3.7839803149606297
21
-5.4875241338582672
0
LINE
8
F.Silkscreen
6
CONTINUOUS
10
3.7839803149606297
20
-5.4875241338582672
11
3.783953188976378
21
-5.4875226771653542
0
LINE
8
F.Silkscreen
6
CONTINUOUS
10
3.783953188976378
20
-5.4875226771653542
11
3.783927086614173
21
-5.4875298425196846
0
LINE
8
F.Silkscreen
6
CONTINUOUS
10
3.783927086614173
20
-5.4875298425196846
11
3.7797208661417323
21
-5.4878306692913386
0
LINE
8
F.Silkscreen
6
CONTINUOUS
10
3.7797208661417323
20
-5.4878306692913386
11
3.7796973228346458
21
-5.4878276771653542
0
LINE
8
F.Silkscreen
6
CONTINUOUS
10
3.7796973228346458
20
-5.4878276771653542
11
3.7796740551181101
21
-5.4878325590551178
0
LINE
8
F.Silkscreen
6
CONTINUOUS
10
3.7796740551181101
20
-5.4878325590551178
11
3.7775655118110234
21
-5.4878513779527553
0
LINE
8
F.Silkscreen
6
CONTINUOUS
10
3.7775655118110234
20
-5.4878513779527553
11
3.7775621653543308
21
-5.4878507086614174
0
LINE
8
F.Silkscreen
6
CONTINUOUS
10
3.7775621653543308
20
-5.4878507086614174
11
3.7775588188976377
21
-5.4878514173228341
0
LINE
8
F.Silkscreen
6
CONTINUOUS
10
3.7775588188976377
20
-5.4878514173228341
11
3.7381888188976378
21
-5.4878514173228341
0
LINE
8
F.Silkscreen
6
CONTINUOUS
10
3.7381888188976378
20
-5.4878514173228341
11
3.7381854330708659
21
-5.4878507086614174
0
LINE
8
F.Silkscreen
6
CONTINUOUS
10
3.7381854330708659
20
-5.4878507086614174
11
3.738182125984252
21
-5.4878513779527553
0
LINE
8
F.Silkscreen
6
CONTINUOUS
10
3.738182125984252
20
-5.4878513779527553
11
3.7360735826771654
21
-5.4878325590551178
0
LINE
8
F.Silkscreen
6
CONTINUOUS
10
3.7360735826771654
20
-5.4878325590551178
11
3.7360502755905509
21
-5.4878276771653542
0
LINE
8
F.Silkscreen
6
CONTINUOUS
10
3.7360502755905509
20
-5.4878276771653542
11
3.7360267716535431
21
-5.4878306692913386
0
LINE
8
F.Silkscreen
6
CONTINUOUS
10
3.7360267716535431
20
-5.4878306692913386
11
3.7318205511811025
21
-5.4875298425196846
0
LINE
8
F.Silkscreen
6
CONTINUOUS
10
3.7318205511811025
20
-5.4875298425196846
11
3.7317944094488187
21
-5.4875226771653542
0
LINE
8
F.Silkscreen
6
CONTINUOUS
10
3.7317944094488187
20
-5.4875226771653542
11
3.7317673228346457
21
-5.4875241338582672
0
LINE
8
F.Silkscreen
6
CONTINUOUS
10
3.7317673228346457
20
-5.4875241338582672
11
3.7275932677165353
21
-5.4869239763779527
0
LINE
8
F.Silkscreen
6
CONTINUOUS
10
3.7275932677165353
20
-5.4869239763779527
11
3.7275677165354328
21
-5.486914960629921
0
LINE
8
F.Silkscreen
6
CONTINUOUS
10
3.7275677165354328
20
-5.486914960629921
11
3.7275405905511811
21
-5.486914488188976
0
LINE
8
F.Silkscreen
6
CONTINUOUS
10
3.7275405905511811
20
-5.486914488188976
11
3.72342
21
-5.4860181102362207
0
LINE
8
F.Silkscreen
6
CONTINUOUS
10
3.72342
20
-5.4860181102362207
11
3.7233950393700788
21
-5.4860072440944885
0
LINE
8
F.Silkscreen
6
CONTINUOUS
10
3.7233950393700788
20
-5.4860072440944885
11
3.7233681102362204
21
-5.4860048425196846
0
LINE
8
F.Silkscreen
6
CONTINUOUS
10
3.7233681102362204
20
-5.4860048425196846
11
3.7193219685039369
21
-5.4848167716535432
0
LINE
8
F.Silkscreen
6
CONTINUOUS
10
3.7193219685039369
20
-5.4848167716535432
11
3.7192979527559054
21
-5.4848042125984247
0
LINE
8
F.Silkscreen
6
CONTINUOUS
10
3.7192979527559054
20
-5.4848042125984247
11
3.719271181102362
21
-5.4847998818897636
0
LINE
8
F.Silkscreen
6
CONTINUOUS
10
3.719271181102362
20
-5.4847998818897636
11
3.7153200787401572
21
-5.4833262204724411
0
LINE
8
F.Silkscreen
6
CONTINUOUS
10
3.7153200787401572
20
-5.4833262204724411
11
3.7152969291338582
21
-5.4833119291338583
0
LINE
8
F.Silkscreen
6
CONTINUOUS
10
3.7152969291338582
20
-5.4833119291338583
11
3.7152705905511811
21
-5.4833057086614172
0
LINE
8
F.Silkscreen
6
CONTINUOUS
10
3.7152705905511811
20
-5.4833057086614172
11
3.7114346850393698
21
-5.4815538582677164
0
LINE
8
F.Silkscreen
6
CONTINUOUS
10
3.7114346850393698
20
-5.4815538582677164
11
3.7114127165354329
21
-5.4815379921259844
0
LINE
8
F.Silkscreen
6
CONTINUOUS
10
3.7114127165354329
20
-5.4815379921259844
11
3.7113868503937009
21
-5.4815299212598427
0
LINE
8
F.Silkscreen
6
CONTINUOUS
10
3.7113868503937009
20
-5.4815299212598427
11
3.7076856692913385
21
-5.4795089763779528
0
LINE
8
F.Silkscreen
6
CONTINUOUS
10
3.7076856692913385
20
-5.4795089763779528
11
3.7076648031496062
21
-5.4794915354330707
0
LINE
8
F.Silkscreen
6
CONTINUOUS
10
3.7076648031496062
20
-5.4794915354330707
11
3.7076396456692913
21
-5.4794816535433073
0
LINE
8
F.Silkscreen
6
CONTINUOUS
10
3.7076396456692913
20
-5.4794816535433073
11
3.7040920866141733
21
-5.4772018110236216
0
LINE
8
F.Silkscreen
6
CONTINUOUS
10
3.7040920866141733
20
-5.4772018110236216
11
3.7040725196850395
21
-5.4771829133858265
0
LINE
8
F.Silkscreen
6
CONTINUOUS
10
3.7040725196850395
20
-5.4771829133858265
11
3.7040481102362204
21
-5.4771712598425193
0
LINE
8
F.Silkscreen
6
CONTINUOUS
10
3.7040481102362204
20
-5.4771712598425193
11
3.7006722834645669
21
-5.4746440944881885
0
LINE
8
F.Silkscreen
6
CONTINUOUS
10
3.7006722834645669
20
-5.4746440944881885
11
3.7006541732283464
21
-5.4746239370078742
0
LINE
8
F.Silkscreen
6
CONTINUOUS
10
3.7006541732283464
20
-5.4746239370078742
11
3.7006305905511812
21
-5.4746105118110231
0
LINE
8
F.Silkscreen
6
CONTINUOUS
10
3.7006305905511812
20
-5.4746105118110231
11
3.6974435826771654
21
-5.4718490157480311
0
LINE
8
F.Silkscreen
6
CONTINUOUS
10
3.6974435826771654
20
-5.4718490157480311
11
3.6974268897637796
21
-5.471827559055118
0
LINE
8
F.Silkscreen
6
CONTINUOUS
10
3.6974268897637796
20
-5.471827559055118
11
3.697404409448819
21
-5.4718125196850389
0
LINE
8
F.Silkscreen
6
CONTINUOUS
10
3.697404409448819
20
-5.4718125196850389
11
3.6944225590551181
21
-5.4688306692913384
0
LINE
8
F.Silkscreen
6
CONTINUOUS
10
3.6944225590551181
20
-5.4688306692913384
11
3.6944075196850394
21
-5.468808149606299
0
LINE
8
F.Silkscreen
6
CONTINUOUS
10
3.6944075196850394
20
-5.468808149606299
11
3.6943860629921259
21
-5.468791496062992
0
LINE
8
F.Silkscreen
6
CONTINUOUS
10
3.6943860629921259
20
-5.468791496062992
11
3.6916245669291339
21
-5.4656044881889763
0
LINE
8
F.Silkscreen
6
CONTINUOUS
10
3.6916245669291339
20
-5.4656044881889763
11
3.6916111417322832
21
-5.4655809448818893
0
LINE
8
F.Silkscreen
6
CONTINUOUS
10
3.6916111417322832
20
-5.4655809448818893
11
3.6915909842519685
21
-5.4655628346456693
0
LINE
8
F.Silkscreen
6
CONTINUOUS
10
3.6915909842519685
20
-5.4655628346456693
11
3.6890638188976377
21
-5.4621869685039366
0
LINE
8
F.Silkscreen
6
CONTINUOUS
10
3.6890638188976377
20
-5.4621869685039366
11
3.6890521259842517
21
-5.4621625196850392
0
LINE
8
F.Silkscreen
6
CONTINUOUS
10
3.6890521259842517
20
-5.4621625196850392
11
3.6890332677165354
21
-5.4621429921259841
0
LINE
8
F.Silkscreen
6
CONTINUOUS
10
3.6890332677165354
20
-5.4621429921259841
11
3.6867534251968501
21
-5.4585954330708661
0
LINE
8
F.Silkscreen
6
CONTINUOUS
10
3.6867534251968501
20
-5.4585954330708661
11
3.686743503937008
21
-5.4585702362204724
0
LINE
8
F.Silkscreen
6
CONTINUOUS
10
3.686743503937008
20
-5.4585702362204724
11
3.6867261023622047
21
-5.4585494094488185
0
LINE
8
F.Silkscreen
6
CONTINUOUS
10
3.6867261023622047
20
-5.4585494094488185
11
3.6847051181102359
21
-5.4548482283464566
0
LINE
8
F.Silkscreen
6
CONTINUOUS
10
3.6847051181102359
20
-5.4548482283464566
11
3.6846969685039368
21
-5.4548222834645665
0
LINE
8
F.Silkscreen
6
CONTINUOUS
10
3.6846969685039368
20
-5.4548222834645665
11
3.6846811811023623
21
-5.4548003543307084
0
LINE
8
F.Silkscreen
6
CONTINUOUS
10
3.6846811811023623
20
-5.4548003543307084
11
3.6829293700787402
21
-5.4509644881889763
0
LINE
8
F.Silkscreen
6
CONTINUOUS
10
3.6829293700787402
20
-5.4509644881889763
11
3.6829231102362203
21
-5.45093811023622
0
LINE
8
F.Silkscreen
6
CONTINUOUS
10
3.6829231102362203
20
-5.45093811023622
11
3.6829088582677163
21
-5.4509150000000002
0
LINE
8
F.Silkscreen
6
CONTINUOUS
10
3.6829088582677163
20
-5.4509150000000002
11
3.6814351968503938
21
-5.4469638976377954
0
LINE
8
F.Silkscreen
6
CONTINUOUS
10
3.6814351968503938
20
-5.4469638976377954
11
3.6814308267716536
21
-5.4469370866141729
0
LINE
8
F.Silkscreen
6
CONTINUOUS
10
3.6814308267716536
20
-5.4469370866141729
11
3.6814183070866142
21
-5.4469131102362205
0
LINE
8
F.Silkscreen
6
CONTINUOUS
10
3.6814183070866142
20
-5.4469131102362205
11
3.6802301968503937
21
-5.442866968503937
0
LINE
8
F.Silkscreen
6
CONTINUOUS
10
3.6802301968503937
20
-5.442866968503937
11
3.6802277559055119
21
-5.4428400393700782
0
LINE
8
F.Silkscreen
6
CONTINUOUS
10
3.6802277559055119
20
-5.4428400393700782
11
3.680216929133858
21
-5.4428151181102358
0
LINE
8
F.Silkscreen
6
CONTINUOUS
10
3.680216929133858
20
-5.4428151181102358
11
3.679320590551181
21
-5.4386944881889763
0
LINE
8
F.Silkscreen
6
CONTINUOUS
10
3.679320590551181
20
-5.4386944881889763
11
3.6793200787401572
21
-5.4386673228346458
0
LINE
8
F.Silkscreen
6
CONTINUOUS
10
3.6793200787401572
20
-5.4386673228346458
11
3.6793111023622047
21
-5.4386418110236221
0
LINE
8
F.Silkscreen
6
CONTINUOUS
10
3.6793111023622047
20
-5.4386418110236221
11
3.6787109448818898
21
-5.4344677559055121
0
LINE
8
F.Silkscreen
6
CONTINUOUS
10
3.6787109448818898
20
-5.4344677559055121
11
3.6787123622047244
21
-5.4344406299212595
0
LINE
8
F.Silkscreen
6
CONTINUOUS
10
3.6787123622047244
20
-5.4344406299212595
11
3.6787052362204724
21
-5.4344145275590554
0
LINE
8
F.Silkscreen
6
CONTINUOUS
10
3.6787052362204724
20
-5.4344145275590554
11
3.6784044094488189
21
-5.4302083070866143
0
LINE
8
F.Silkscreen
6
CONTINUOUS
10
3.6784044094488189
20
-5.4302083070866143
11
3.6784073622047244
21
-5.4301847637795273
0
LINE
8
F.Silkscreen
6
CONTINUOUS
10
3.6784073622047244
20
-5.4301847637795273
11
3.6784025196850392
21
-5.4301614960629916
0
LINE
8
F.Silkscreen
6
CONTINUOUS
10
3.6784025196850392
20
-5.4301614960629916
11
3.6783837007874016
21
-5.4280529921259841
0
LINE
8
F.Silkscreen
6
CONTINUOUS
10
3.6783837007874016
20
-5.4280529921259841
11
3.6783843307086612
21
-5.428049645669291
0
LINE
8
F.Silkscreen
6
CONTINUOUS
10
3.6783843307086612
20
-5.428049645669291
11
3.6783836614173229
21
-5.428046299212598
0
LINE
8
F.Silkscreen
6
CONTINUOUS
10
3.6783836614173229
20
-5.428046299212598
11
3.6783836614173229
21
-5.1524557480314961
0
LINE
8
F.Silkscreen
6
CONTINUOUS
10
3.6783836614173229
20
-5.1524557480314961
11
3.6783843307086612
21
-5.1524523622047242
0
LINE
8
F.Silkscreen
6
CONTINUOUS
10
3.6783843307086612
20
-5.1524523622047242
11
3.6783837007874016
21
-5.1524490551181099
0
LINE
8
F.Silkscreen
6
CONTINUOUS
10
3.6783837007874016
20
-5.1524490551181099
11
3.6784025196850392
21
-5.1503405511811025
0
LINE
8
F.Silkscreen
6
CONTINUOUS
10
3.6784025196850392
20
-5.1503405511811025
11
3.6784073622047244
21
-5.150317244094488
0
LINE
8
F.Silkscreen
6
CONTINUOUS
10
3.6784073622047244
20
-5.150317244094488
11
3.6784044094488189
21
-5.1502937401574798
0
LINE
8
F.Silkscreen
6
CONTINUOUS
10
3.6784044094488189
20
-5.1502937401574798
11
3.6787052362204724
21
-5.1460875196850395
0
LINE
8
F.Silkscreen
6
CONTINUOUS
10
3.6787052362204724
20
-5.1460875196850395
11
3.6787123622047244
21
-5.1460613779527558
0
LINE
8
F.Silkscreen
6
CONTINUOUS
10
3.6787123622047244
20
-5.1460613779527558
11
3.6787109448818898
21
-5.1460342913385828
0
LINE
8
F.Silkscreen
6
CONTINUOUS
10
3.6787109448818898
20
-5.1460342913385828
11
3.6793111023622047
21
-5.1418602362204719
0
LINE
8
F.Silkscreen
6
CONTINUOUS
10
3.6793111023622047
20
-5.1418602362204719
11
3.6793200787401572
21
-5.1418346850393704
0
LINE
8
F.Silkscreen
6
CONTINUOUS
10
3.6793200787401572
20
-5.1418346850393704
11
3.679320590551181
21
-5.1418075590551178
0
LINE
8
F.Silkscreen
6
CONTINUOUS
10
3.679320590551181
20
-5.1418075590551178
11
3.680216929133858
21
-5.1376869291338583
0
LINE
8
F.Silkscreen
6
CONTINUOUS
10
3.680216929133858
20
-5.1376869291338583
11
3.6802277559055119
21
-5.1376619685039371
0
LINE
8
F.Silkscreen
6
CONTINUOUS
10
3.6802277559055119
20
-5.1376619685039371
11
3.6802301968503937
21
-5.137635078740157
0
LINE
8
F.Silkscreen
6
CONTINUOUS
10
3.6802301968503937
20
-5.137635078740157
11
3.6814183070866142
21
-5.1335889370078736
0
LINE
8
F.Silkscreen
6
CONTINUOUS
10
3.6814183070866142
20
-5.1335889370078736
11
3.6814308267716536
21
-5.1335649212598424
0
LINE
8
F.Silkscreen
6
CONTINUOUS
10
3.6814308267716536
20
-5.1335649212598424
11
3.6814351968503938
21
-5.1335381496062995
0
LINE
8
F.Silkscreen
6
CONTINUOUS
10
3.6814351968503938
20
-5.1335381496062995
11
3.6829088582677163
21
-5.1295870472440948
0
LINE
8
F.Silkscreen
6
CONTINUOUS
10
3.6829088582677163
20
-5.1295870472440948
11
3.6829231102362203
21
-5.1295638976377953
0
LINE
8
F.Silkscreen
6
CONTINUOUS
10
3.6829231102362203
20
-5.1295638976377953
11
3.6829293700787402
21
-5.1295375590551178
0
LINE
8
F.Silkscreen
6
CONTINUOUS
10
3.6829293700787402
20
-5.1295375590551178
11
3.6846811811023623
21
-5.1257016929133856
0
LINE
8
F.Silkscreen
6
CONTINUOUS
10
3.6846811811023623
20
-5.1257016929133856
11
3.6846969685039368
21
-5.1256797244094487
0
LINE
8
F.Silkscreen
6
CONTINUOUS
10
3.6846969685039368
20
-5.1256797244094487
11
3.6847051181102359
21
-5.1256538188976375
0
LINE
8
F.Silkscreen
6
CONTINUOUS
10
3.6847051181102359
20
-5.1256538188976375
11
3.6867261023622047
21
-5.1219526377952755
0
LINE
8
F.Silkscreen
6
CONTINUOUS
10
3.6867261023622047
20
-5.1219526377952755
11
3.686743503937008
21
-5.1219317716535429
0
LINE
8
F.Silkscreen
6
CONTINUOUS
10
3.686743503937008
20
-5.1219317716535429
11
3.6867534251968501
21
-5.1219066141732279
0
LINE
8
F.Silkscreen
6
CONTINUOUS
10
3.6867534251968501
20
-5.1219066141732279
11
3.6890332677165354
21
-5.11835905511811
0
LINE
8
F.Silkscreen
6
CONTINUOUS
10
3.6890332677165354
20
-5.11835905511811
11
3.6890521259842517
21
-5.1183394881889761
0
LINE
8
F.Silkscreen
6
CONTINUOUS
10
3.6890521259842517
20
-5.1183394881889761
11
3.6890638188976377
21
-5.1183150787401575
0
LINE
8
F.Silkscreen
6
CONTINUOUS
10
3.6890638188976377
20
-5.1183150787401575
11
3.6915909842519685
21
-5.1149392125984248
0
LINE
8
F.Silkscreen
6
CONTINUOUS
10
3.6915909842519685
20
-5.1149392125984248
11
3.6916111417322832
21
-5.114921062992126
0
LINE
8
F.Silkscreen
6
CONTINUOUS
10
3.6916111417322832
20
-5.114921062992126
11
3.6916245669291339
21
-5.1148975590551178
0
LINE
8
F.Silkscreen
6
CONTINUOUS
10
3.6916245669291339
20
-5.1148975590551178
11
3.6943860629921259
21
-5.1117105511811021
0
LINE
8
F.Silkscreen
6
CONTINUOUS
10
3.6943860629921259
20
-5.1117105511811021
11
3.6944075196850394
21
-5.1116938582677163
0
LINE
8
F.Silkscreen
6
CONTINUOUS
10
3.6944075196850394
20
-5.1116938582677163
11
3.6944225590551181
21
-5.1116713779527556
0
LINE
8
F.Silkscreen
6
CONTINUOUS
10
3.6944225590551181
20
-5.1116713779527556
11
3.697404409448819
21
-5.1086895275590551
0
LINE
8
F.Silkscreen
6
CONTINUOUS
10
3.697404409448819
20
-5.1086895275590551
11
3.6974268897637796
21
-5.1086744488188973
0
LINE
8
F.Silkscreen
6
CONTINUOUS
10
3.6974268897637796
20
-5.1086744488188973
11
3.6974435826771654
21
-5.108653031496063
0
LINE
8
F.Silkscreen
6
CONTINUOUS
10
3.6974435826771654
20
-5.108653031496063
11
3.7006305905511812
21
-5.1058915354330709
0
LINE
8
F.Silkscreen
6
CONTINUOUS
10
3.7006305905511812
20
-5.1058915354330709
11
3.7006541732283464
21
-5.105878070866142
0
LINE
8
F.Silkscreen
6
CONTINUOUS
10
3.7006541732283464
20
-5.105878070866142
11
3.7006722834645669
21
-5.1058579527559056
0
LINE
8
F.Silkscreen
6
CONTINUOUS
10
3.7006722834645669
20
-5.1058579527559056
11
3.7040481102362204
21
-5.1033307874015748
0
LINE
8
F.Silkscreen
6
CONTINUOUS
10
3.7040481102362204
20
-5.1033307874015748
11
3.7040725196850395
21
-5.1033190944881888
0
LINE
8
F.Silkscreen
6
CONTINUOUS
10
3.7040725196850395
20
-5.1033190944881888
11
3.7040920866141733
21
-5.1033002362204725
0
LINE
8
F.Silkscreen
6
CONTINUOUS
10
3.7040920866141733
20
-5.1033002362204725
11
3.7076396456692913
21
-5.1010203937007876
0
LINE
8
F.Silkscreen
6
CONTINUOUS
10
3.7076396456692913
20
-5.1010203937007876
11
3.7076648031496062
21
-5.1010104724409446
0
LINE
8
F.Silkscreen
6
CONTINUOUS
10
3.7076648031496062
20
-5.1010104724409446
11
3.7076856692913385
21
-5.1009930708661413
0
LINE
8
F.Silkscreen
6
CONTINUOUS
10
3.7076856692913385
20
-5.1009930708661413
11
3.7113868503937009
21
-5.0989721259842522
0
LINE
8
F.Silkscreen
6
CONTINUOUS
10
3.7113868503937009
20
-5.0989721259842522
11
3.7114127165354329
21
-5.0989640157480318
0
LINE
8
F.Silkscreen
6
CONTINUOUS
10
3.7114127165354329
20
-5.0989640157480318
11
3.7114346850393698
21
-5.0989481889763777
0
LINE
8
F.Silkscreen
6
CONTINUOUS
10
3.7114346850393698
20
-5.0989481889763777
11
3.7152705905511811
21
-5.0971963385826768
0
LINE
8
F.Silkscreen
6
CONTINUOUS
10
3.7152705905511811
20
-5.0971963385826768
11
3.7152969291338582
21
-5.0971900787401569
0
LINE
8
F.Silkscreen
6
CONTINUOUS
10
3.7152969291338582
20
-5.0971900787401569
11
3.7153200787401572
21
-5.0971758267716538
0
LINE
8
F.Silkscreen
6
CONTINUOUS
10
3.7153200787401572
20
-5.0971758267716538
11
3.719271181102362
21
-5.0957021653543304
0
LINE
8
F.Silkscreen
6
CONTINUOUS
10
3.719271181102362
20
-5.0957021653543304
11
3.7192979527559054
21
-5.0956977952755906
0
LINE
8
F.Silkscreen
6
CONTINUOUS
10
3.7192979527559054
20
-5.0956977952755906
11
3.7193219685039369
21
-5.0956852755905508
0
LINE
8
F.Silkscreen
6
CONTINUOUS
10
3.7193219685039369
20
-5.0956852755905508
11
3.7233681102362204
21
-5.0944972047244095
0
LINE
8
F.Silkscreen
6
CONTINUOUS
10
3.7233681102362204
20
-5.0944972047244095
11
3.7233950393700788
21
-5.0944947637795277
0
LINE
8
F.Silkscreen
6
CONTINUOUS
10
3.7233950393700788
20
-5.0944947637795277
11
3.72342
21
-5.0944839370078743
0
LINE
8
F.Silkscreen
6
CONTINUOUS
10
3.72342
20
-5.0944839370078743
11
3.7275405905511811
21
-5.0935875590551181
0
LINE
8
F.Silkscreen
6
CONTINUOUS
10
3.7275405905511811
20
-5.0935875590551181
11
3.7275677165354328
21
-5.0935870472440943
0
LINE
8
F.Silkscreen
6
CONTINUOUS
10
3.7275677165354328
20
-5.0935870472440943
11
3.7275932677165353
21
-5.0935780708661413
0
LINE
8
F.Silkscreen
6
CONTINUOUS
10
3.7275932677165353
20
-5.0935780708661413
11
3.7317673228346457
21
-5.0929779133858268
0
LINE
8
F.Silkscreen
6
CONTINUOUS
10
3.7317673228346457
20
-5.0929779133858268
11
3.7317944094488187
21
-5.092979330708661
0
LINE
8
F.Silkscreen
6
CONTINUOUS
10
3.7317944094488187
20
-5.092979330708661
11
3.7318205511811025
21
-5.0929722047244095
0
LINE
8
F.Silkscreen
6
CONTINUOUS
10
3.7318205511811025
20
-5.0929722047244095
11
3.7360267716535431
21
-5.0926713779527555
0
LINE
8
F.Silkscreen
6
CONTINUOUS
10
3.7360267716535431
20
-5.0926713779527555
11
3.7360502755905509
21
-5.092674330708661
0
LINE
8
F.Silkscreen
6
CONTINUOUS
10
3.7360502755905509
20
-5.092674330708661
11
3.7360735826771654
21
-5.0926694881889762
0
LINE
8
F.Silkscreen
6
CONTINUOUS
10
3.7360735826771654
20
-5.0926694881889762
11
3.738182125984252
21
-5.0926506692913387
0
LINE
8
F.Silkscreen
6
CONTINUOUS
10
3.738182125984252
20
-5.0926506692913387
11
3.7381854330708659
21
-5.0926512992125987
0
LINE
8
F.Silkscreen
6
CONTINUOUS
10
3.7381854330708659
20
-5.0926512992125987
11
3.7381888188976378
21
-5.0926506299212599
0
LINE
8
F.Silkscreen
6
CONTINUOUS
10
3.7381888188976378
20
-5.0926506299212599
11
3.7775588188976377
21
-5.0926506299212599
0
LINE
8
F.Silkscreen
6
CONTINUOUS
10
3.7775588188976377
20
-5.0926506299212599
11
3.7775621653543308
21
-5.0926512992125987
0
LINE
8
F.Silkscreen
6
CONTINUOUS
10
3.7381911023622045
20
-5.09415062992126
11
3.7361102362204726
21
-5.0941691732283463
0
LINE
8
F.Silkscreen
6
CONTINUOUS
10
3.7361102362204726
20
-5.0941691732283463
11
3.7319544488188976
21
-5.0944664173228347
0
LINE
8
F.Silkscreen
6
CONTINUOUS
10
3.7319544488188976
20
-5.0944664173228347
11
3.7278335433070864
21
-5.0950588976377951
0
LINE
8
F.Silkscreen
6
CONTINUOUS
10
3.7278335433070864
20
-5.0950588976377951
11
3.7237646850393702
21
-5.0959440551181103
0
LINE
8
F.Silkscreen
6
CONTINUOUS
10
3.7237646850393702
20
-5.0959440551181103
11
3.7197704330708659
21
-5.0971168897637797
0
LINE
8
F.Silkscreen
6
CONTINUOUS
10
3.7197704330708659
20
-5.0971168897637797
11
3.7158691732283464
21
-5.0985719291338585
0
LINE
8
F.Silkscreen
6
CONTINUOUS
10
3.7158691732283464
20
-5.0985719291338585
11
3.7120824803149604
21
-5.1003012992125987
0
LINE
8
F.Silkscreen
6
CONTINUOUS
10
3.7120824803149604
20
-5.1003012992125987
11
3.7084278740157481
21
-5.1022968503937003
0
LINE
8
F.Silkscreen
6
CONTINUOUS
10
3.7084278740157481
20
-5.1022968503937003
11
3.7049256692913386
21
-5.1045475590551179
0
LINE
8
F.Silkscreen
6
CONTINUOUS
10
3.7049256692913386
20
-5.1045475590551179
11
3.7015927559055117
21
-5.1070425590551176
0
LINE
8
F.Silkscreen
6
CONTINUOUS
10
3.7015927559055117
20
-5.1070425590551176
11
3.6984459055118108
21
-5.1097692519685038
0
LINE
8
F.Silkscreen
6
CONTINUOUS
10
3.6984459055118108
20
-5.1097692519685038
11
3.6955022834645668
21
-5.1127128740157479
0
LINE
8
F.Silkscreen
6
CONTINUOUS
10
3.6955022834645668
20
-5.1127128740157479
11
3.692775590551181
21
-5.1158597244094484
0
LINE
8
F.Silkscreen
6
CONTINUOUS
10
3.692775590551181
20
-5.1158597244094484
11
3.6902807480314959
21
-5.119192362204724
0
LINE
8
F.Silkscreen
6
CONTINUOUS
10
3.6902807480314959
20
-5.119192362204724
11
3.6880298818897637
21
-5.1226948425196852
0
LINE
8
F.Silkscreen
6
CONTINUOUS
10
3.6880298818897637
20
-5.1226948425196852
11
3.6860344488188974
21
-5.1263492519685041
0
LINE
8
F.Silkscreen
6
CONTINUOUS
10
3.6860344488188974
20
-5.1263492519685041
11
3.684304960629921
21
-5.1301361417322831
0
LINE
8
F.Silkscreen
6
CONTINUOUS
10
3.684304960629921
20
-5.1301361417322831
11
3.6828499212598422
21
-5.1340374015748029
0
LINE
8
F.Silkscreen
6
CONTINUOUS
10
3.6828499212598422
20
-5.1340374015748029
11
3.6816770472440945
21
-5.1380316535433073
0
LINE
8
F.Silkscreen
6
CONTINUOUS
10
3.6816770472440945
20
-5.1380316535433073
11
3.6807919685039368
21
-5.1421003937007876
0
LINE
8
F.Silkscreen
6
CONTINUOUS
10
3.6807919685039368
20
-5.1421003937007876
11
3.6801994488188976
21
-5.1462214173228347
0
LINE
8
F.Silkscreen
6
CONTINUOUS
10
3.6801994488188976
20
-5.1462214173228347
11
3.6799022047244092
21
-5.1503772047244096
0
LINE
8
F.Silkscreen
6
CONTINUOUS
10
3.6799022047244092
20
-5.1503772047244096
11
3.6798836614173229
21
-5.1524579921259841
0
LINE
8
F.Silkscreen
6
CONTINUOUS
10
3.6798836614173229
20
-5.1524579921259841
11
3.6798836614173229
21
-5.4280440157480312
0
LINE
8
F.Silkscreen
6
CONTINUOUS
10
3.6798836614173229
20
-5.4280440157480312
11
3.6799022047244092
21
-5.4301248031496065
0
LINE
8
F.Silkscreen
6
CONTINUOUS
10
3.6799022047244092
20
-5.4301248031496065
11
3.6801994488188976
21
-5.4342805905511806
0
LINE
8
F.Silkscreen
6
CONTINUOUS
10
3.6801994488188976
20
-5.4342805905511806
11
3.6807919685039368
21
-5.4384016141732285
0
LINE
8
F.Silkscreen
6
CONTINUOUS
10
3.6807919685039368
20
-5.4384016141732285
11
3.6816770472440945
21
-5.4424703543307089
0
LINE
8
F.Silkscreen
6
CONTINUOUS
10
3.6816770472440945
20
-5.4424703543307089
11
3.6828499212598422
21
-5.4464646062992124
0
LINE
8
F.Silkscreen
6
CONTINUOUS
10
3.6828499212598422
20
-5.4464646062992124
11
3.684304960629921
21
-5.4503658661417322
0
LINE
8
F.Silkscreen
6
CONTINUOUS
10
3.684304960629921
20
-5.4503658661417322
11
3.6860344488188974
21
-5.4541527559055121
0
LINE
8
F.Silkscreen
6
CONTINUOUS
10
3.6860344488188974
20
-5.4541527559055121
11
3.6880298818897637
21
-5.457807165354331
0
LINE
8
F.Silkscreen
6
CONTINUOUS
10
3.6880298818897637
20
-5.457807165354331
11
3.6902807480314959
21
-5.4613096456692913
0
LINE
8
F.Silkscreen
6
CONTINUOUS
10
3.6902807480314959
20
-5.4613096456692913
11
3.692775590551181
21
-5.4646422834645669
0
LINE
8
F.Silkscreen
6
CONTINUOUS
10
3.692775590551181
20
-5.4646422834645669
11
3.6955022834645668
21
-5.4677891338582674
0
LINE
8
F.Silkscreen
6
CONTINUOUS
10
3.6955022834645668
20
-5.4677891338582674
11
3.6984459055118108
21
-5.4707327559055114
0
LINE
8
F.Silkscreen
6
CONTINUOUS
10
3.6984459055118108
20
-5.4707327559055114
11
3.7015927559055117
21
-5.4734594488188977
0
LINE
8
F.Silkscreen
6
CONTINUOUS
10
3.7015927559055117
20
-5.4734594488188977
11
3.7049256692913386
21
-5.4759544488188974
0
LINE
8
F.Silkscreen
6
CONTINUOUS
10
3.7049256692913386
20
-5.4759544488188974
11
3.7084278740157481
21
-5.478205157480315
0
LINE
8
F.Silkscreen
6
CONTINUOUS
10
3.7084278740157481
20
-5.478205157480315
11
3.7120824803149604
21
-5.4802007086614175
0
LINE
8
F.Silkscreen
6
CONTINUOUS
10
3.7120824803149604
20
-5.4802007086614175
11
3.7158691732283464
21
-5.4819300787401577
0
LINE
8
F.Silkscreen
6
CONTINUOUS
10
3.7158691732283464
20
-5.4819300787401577
11
3.7197704330708659
21
-5.4833851181102364
0
LINE
8
F.Silkscreen
6
CONTINUOUS
10
3.7197704330708659
20
-5.4833851181102364
11
3.7237646850393702
21
-5.484557952755905
0
LINE
8
F.Silkscreen
6
CONTINUOUS
10
3.7237646850393702
20
-5.484557952755905
11
3.7278335433070864
21
-5.4854431102362202
0
LINE
8
F.Silkscreen
6
CONTINUOUS
10
3.7278335433070864
20
-5.4854431102362202
11
3.7319544488188976
21
-5.4860355905511806
0
LINE
8
F.Silkscreen
6
CONTINUOUS
10
3.7319544488188976
20
-5.4860355905511806
11
3.7361102362204726
21
-5.486332834645669
0
LINE
8
F.Silkscreen
6
CONTINUOUS
10
3.7361102362204726
20
-5.486332834645669
11
3.7381911023622045
21
-5.4863514173228349
0
LINE
8
F.Silkscreen
6
CONTINUOUS
10
3.7381911023622045
20
-5.4863514173228349
11
3.7775565354330709
21
-5.4863514173228349
0
LINE
8
F.Silkscreen
6
CONTINUOUS
10
3.7775565354330709
20
-5.4863514173228349
11
3.7796373622047241
21
-5.486332834645669
0
LINE
8
F.Silkscreen
6
CONTINUOUS
10
3.7796373622047241
20
-5.486332834645669
11
3.7837931496062991
21
-5.4860355905511806
0
LINE
8
F.Silkscreen
6
CONTINUOUS
10
3.7837931496062991
20
-5.4860355905511806
11
3.7879141732283466
21
-5.4854430708661415
0
LINE
8
F.Silkscreen
6
CONTINUOUS
10
3.7879141732283466
20
-5.4854430708661415
11
3.7919829133858265
21
-5.484557952755905
0
LINE
8
F.Silkscreen
6
CONTINUOUS
10
3.7919829133858265
20
-5.484557952755905
11
3.7959771653543308
21
-5.4833851181102364
0
LINE
8
F.Silkscreen
6
CONTINUOUS
10
3.7959771653543308
20
-5.4833851181102364
11
3.7998784251968503
21
-5.4819300787401577
0
LINE
8
F.Silkscreen
6
CONTINUOUS
10
3.7998784251968503
20
-5.4819300787401577
11
3.8036651181102363
21
-5.4802007086614175
0
LINE
8
F.Silkscreen
6
CONTINUOUS
10
3.8036651181102363
20
-5.4802007086614175
11
3.8073194881889765
21
-5.47820531496063
0
LINE
8
F.Silkscreen
6
CONTINUOUS
10
3.8073194881889765
20
-5.47820531496063
11
3.8108222047244094
21
-5.4759542913385824
0
LINE
8
F.Silkscreen
6
CONTINUOUS
10
3.8108222047244094
20
-5.4759542913385824
11
3.814154842519685
21
-5.4734594488188977
0
LINE
8
F.Silkscreen
6
CONTINUOUS
10
3.814154842519685
20
-5.4734594488188977
11
3.8173016929133858
21
-5.4707327559055114
0
LINE
8
F.Silkscreen
6
CONTINUOUS
10
3.8173016929133858
20
-5.4707327559055114
11
3.8202453149606299
21
-5.4677891338582674
0
LINE
8
F.Silkscreen
6
CONTINUOUS
10
3.8202453149606299
20
-5.4677891338582674
11
3.8229720078740157
21
-5.4646422834645669
0
LINE
8
F.Silkscreen
6
CONTINUOUS
10
3.8229720078740157
20
-5.4646422834645669
11
3.8254670078740158
21
-5.4613093700787401
0
LINE
8
F.Silkscreen
6
CONTINUOUS
10
3.8254670078740158
20
-5.4613093700787401
11
3.827717716535433
21
-5.457807165354331
0
LINE
8
F.Silkscreen
6
CONTINUOUS
10
3.827717716535433
20
-5.457807165354331
11
3.8297133070866143
21
-5.4541525196850396
0
LINE
8
F.Silkscreen
6
CONTINUOUS
10
3.8297133070866143
20
-5.4541525196850396
11
3.8314426377952757
21
-5.4503658661417322
0
LINE
8
F.Silkscreen
6
CONTINUOUS
10
3.8314426377952757
20
-5.4503658661417322
11
3.8328976771653545
21
-5.4464646062992124
0
LINE
8
F.Silkscreen
6
CONTINUOUS
10
3.8328976771653545
20
-5.4464646062992124
11
3.8340705511811022
21
-5.4424703543307089
0
LINE
8
F.Silkscreen
6
CONTINUOUS
10
3.8340705511811022
20
-5.4424703543307089
11
3.8349556692913387
21
-5.4384014960629923
0
LINE
8
F.Silkscreen
6
CONTINUOUS
10
3.8349556692913387
20
-5.4384014960629923
11
3.8355481496062991
21
-5.4342805905511806
0
LINE
8
F.Silkscreen
6
CONTINUOUS
10
3.8355481496062991
20
-5.4342805905511806
11
3.8358453937007875
21
-5.4301248031496065
0
LINE
8
F.Silkscreen
6
CONTINUOUS
10
3.8358453937007875
20
-5.4301248031496065
11
3.8358639763779525
21
-5.4280440157480312
0
LINE
8
F.Silkscreen
6
CONTINUOUS
10
3.8358639763779525
20
-5.4280440157480312
11
3.8358639763779525
21
-5.1524579921259841
0
LINE
8
F.Silkscreen
6
CONTINUOUS
10
3.8358639763779525
20
-5.1524579921259841
11
3.8358453937007875
21
-5.1503772047244096
0
LINE
8
F.Silkscreen
6
CONTINUOUS
10
3.8358453937007875
20
-5.1503772047244096
11
3.8355481496062991
21
-5.1462214173228347
0
LINE
8
F.Silkscreen
6
CONTINUOUS
10
3.8355481496062991
20
-5.1462214173228347
11
3.8349556692913387
21
-5.1421005118110239
0
LINE
8
F.Silkscreen
6
CONTINUOUS
10
3.8349556692913387
20
-5.1421005118110239
11
3.8340705511811022
21
-5.1380316535433073
0
LINE
8
F.Silkscreen
6
CONTINUOUS
10
3.8340705511811022
20
-5.1380316535433073
11
3.8328976771653545
21
-5.1340374015748029
0
LINE
8
F.Silkscreen
6
CONTINUOUS
10
3.8328976771653545
20
-5.1340374015748029
11
3.8314426377952757
21
-5.1301361417322831
0
LINE
8
F.Silkscreen
6
CONTINUOUS
10
3.8314426377952757
20
-5.1301361417322831
11
3.8297133070866143
21
-5.1263494881889766
0
LINE
8
F.Silkscreen
6
CONTINUOUS
10
3.8297133070866143
20
-5.1263494881889766
11
3.827717716535433
21
-5.1226948425196852
0
LINE
8
F.Silkscreen
6
CONTINUOUS
10
3.827717716535433
20
-5.1226948425196852
11
3.8254670078740158
21
-5.1191926377952752
0
LINE
8
F.Silkscreen
6
CONTINUOUS
10
3.8254670078740158
20
-5.1191926377952752
11
3.8229720078740157
21
-5.1158597244094484
0
LINE
8
F.Silkscreen
6
CONTINUOUS
10
3.8229720078740157
20
-5.1158597244094484
11
3.8202453149606299
21
-5.1127128740157479
0
LINE
8
F.Silkscreen
6
CONTINUOUS
10
3.8202453149606299
20
-5.1127128740157479
11
3.8173016929133858
21
-5.1097692519685038
0
LINE
8
F.Silkscreen
6
CONTINUOUS
10
3.8173016929133858
20
-5.1097692519685038
11
3.814154842519685
21
-5.1070425590551176
0
LINE
8
F.Silkscreen
6
CONTINUOUS
10
3.814154842519685
20
-5.1070425590551176
11
3.8108222047244094
21
-5.1045477165354329
0
LINE
8
F.Silkscreen
6
CONTINUOUS
10
3.8108222047244094
20
-5.1045477165354329
11
3.8073194881889765
21
-5.1022966929133853
0
LINE
8
F.Silkscreen
6
CONTINUOUS
10
3.8073194881889765
20
-5.1022966929133853
11
3.8036651181102363
21
-5.1003012992125987
0
LINE
8
F.Silkscreen
6
CONTINUOUS
10
3.8036651181102363
20
-5.1003012992125987
11
3.7998784251968503
21
-5.0985719291338585
0
LINE
8
F.Silkscreen
6
CONTINUOUS
10
3.7998784251968503
20
-5.0985719291338585
11
3.7959771653543308
21
-5.0971168897637797
0
LINE
8
F.Silkscreen
6
CONTINUOUS
10
3.7959771653543308
20
-5.0971168897637797
11
3.7919829133858265
21
-5.0959440551181103
0
LINE
8
F.Silkscreen
6
CONTINUOUS
10
3.7919829133858265
20
-5.0959440551181103
11
3.7879141732283466
21
-5.0950589370078738
0
LINE
8
F.Silkscreen
6
CONTINUOUS
10
3.7879141732283466
20
-5.0950589370078738
11
3.7837931496062991
21
-5.0944664173228347
0
LINE
8
F.Silkscreen
6
CONTINUOUS
10
3.7837931496062991
20
-5.0944664173228347
11
3.7796373622047241
21
-5.0941691732283463
0
LINE
8
F.Silkscreen
6
CONTINUOUS
10
3.7796373622047241
20
-5.0941691732283463
11
3.7775565354330709
21
-5.09415062992126
0
LINE
8
F.Silkscreen
6
CONTINUOUS
10
3.7775565354330709
20
-5.09415062992126
11
3.7381911023622045
21
-5.09415062992126
0
LINE
8
F.Silkscreen
6
CONTINUOUS
10
4.2427741338582674
20
-4.6881301968503939
11
4.2551617322834643
21
-4.690594212598425
0
LINE
8
F.Silkscreen
6
CONTINUOUS
10
4.2551617322834643
20
-4.690594212598425
11
4.267248188976378
21
-4.6942605905511812
0
LINE
8
F.Silkscreen
6
CONTINUOUS
10
4.267248188976378
20
-4.6942605905511812
11
4.2789170472440947
21
-4.699094015748031
0
LINE
8
F.Silkscreen
6
CONTINUOUS
10
4.2789170472440947
20
-4.699094015748031
11
4.2900559842519685
21
-4.7050478740157482
0
LINE
8
F.Silkscreen
6
CONTINUOUS
10
4.2900559842519685
20
-4.7050478740157482
11
4.3005576771653544
21
-4.7120648818897637
0
LINE
8
F.Silkscreen
6
CONTINUOUS
10
4.3005576771653544
20
-4.7120648818897637
11
4.3103210236220475
21
-4.7200774803149601
0
LINE
8
F.Silkscreen
6
CONTINUOUS
10
4.3103210236220475
20
-4.7200774803149601
11
4.319251968503937
21
-4.7290084251968505
0
LINE
8
F.Silkscreen
6
CONTINUOUS
10
4.319251968503937
20
-4.7290084251968505
11
4.3272645669291334
21
-4.7387717716535436
0
LINE
8
F.Silkscreen
6
CONTINUOUS
10
4.3272645669291334
20
-4.7387717716535436
11
4.3342815748031498
21
-4.7492734645669294
0
LINE
8
F.Silkscreen
6
CONTINUOUS
10
4.3342815748031498
20
-4.7492734645669294
11
4.3402354330708661
21
-4.7604124015748033
0
LINE
8
F.Silkscreen
6
CONTINUOUS
10
4.3402354330708661
20
-4.7604124015748033
11
4.3450688582677168
21
-4.77208125984252
0
LINE
8
F.Silkscreen
6
CONTINUOUS
10
4.3450688582677168
20
-4.77208125984252
11
4.3487352362204721
21
-4.7841677165354328
0
LINE
8
F.Silkscreen
6
CONTINUOUS
10
4.3487352362204721
20
-4.7841677165354328
11
4.3511992519685041
21
-4.7965553149606297
0
LINE
8
F.Silkscreen
6
CONTINUOUS
10
4.3511992519685041
20
-4.7965553149606297
11
4.3524372440944878
21
-4.8091247637795274
0
LINE
8
F.Silkscreen
6
CONTINUOUS
10
4.3524372440944878
20
-4.8091247637795274
11
4.3524372440944878
21
-4.8217550787401571
0
LINE
8
F.Silkscreen
6
CONTINUOUS
10
4.3524372440944878
20
-4.8217550787401571
11
4.3511992519685041
21
-4.8343245275590547
0
LINE
8
F.Silkscreen
6
CONTINUOUS
10
4.3511992519685041
20
-4.8343245275590547
11
4.3487352362204721
21
-4.8467121259842516
0
LINE
8
F.Silkscreen
6
CONTINUOUS
10
4.3487352362204721
20
-4.8467121259842516
11
4.3450688582677168
21
-4.8587985826771654
0
LINE
8
F.Silkscreen
6
CONTINUOUS
10
4.3450688582677168
20
-4.8587985826771654
11
4.3402354330708661
21
-4.870467440944882
0
LINE
8
F.Silkscreen
6
CONTINUOUS
10
4.3402354330708661
20
-4.870467440944882
11
4.3342815748031498
21
-4.8816063779527559
0
LINE
8
F.Silkscreen
6
CONTINUOUS
10
4.3342815748031498
20
-4.8816063779527559
11
4.3272645669291334
21
-4.8921080708661417
0
LINE
8
F.Silkscreen
6
CONTINUOUS
10
4.3272645669291334
20
-4.8921080708661417
11
4.319251968503937
21
-4.9018714173228348
0
LINE
8
F.Silkscreen
6
CONTINUOUS
10
4.319251968503937
20
-4.9018714173228348
11
4.3103210236220475
21
-4.9108023622047243
0
LINE
8
F.Silkscreen
6
CONTINUOUS
10
4.3103210236220475
20
-4.9108023622047243
11
4.3005576771653544
21
-4.9188149606299207
0
LINE
8
F.Silkscreen
6
CONTINUOUS
10
4.3005576771653544
20
-4.9188149606299207
11
4.2900559842519685
21
-4.9258319685039371
0
LINE
8
F.Silkscreen
6
CONTINUOUS
10
4.2900559842519685
20
-4.9258319685039371
11
4.2789170472440947
21
-4.9317858267716534
0
LINE
8
F.Silkscreen
6
CONTINUOUS
10
4.2789170472440947
20
-4.9317858267716534
11
4.267248188976378
21
-4.9366192519685042
0
LINE
8
F.Silkscreen
6
CONTINUOUS
10
4.267248188976378
20
-4.9366192519685042
11
4.2551617322834643
21
-4.9402856299212594
0
LINE
8
F.Silkscreen
6
CONTINUOUS
10
4.2551617322834643
20
-4.9402856299212594
11
4.2427741338582674
21
-4.9427496456692914
0
LINE
8
F.Silkscreen
6
CONTINUOUS
10
4.2427741338582674
20
-4.9427496456692914
11
4.2302046850393697
21
-4.9439876377952752
0
LINE
8
F.Silkscreen
6
CONTINUOUS
10
4.2302046850393697
20
-4.9439876377952752
11
4.21757437007874
21
-4.9439876377952752
0
LINE
8
F.Silkscreen
6
CONTINUOUS
10
4.21757437007874
20
-4.9439876377952752
11
4.2050049212598424
21
-4.9427496456692914
0
LINE
8
F.Silkscreen
6
CONTINUOUS
10
4.2050049212598424
20
-4.9427496456692914
11
4.1926173228346455
21
-4.9402856299212594
0
LINE
8
F.Silkscreen
6
CONTINUOUS
10
4.1926173228346455
20
-4.9402856299212594
11
4.1805308661417317
21
-4.9366192519685042
0
LINE
8
F.Silkscreen
6
CONTINUOUS
10
4.1805308661417317
20
-4.9366192519685042
11
4.168862007874016
21
-4.9317858267716534
0
LINE
8
F.Silkscreen
6
CONTINUOUS
10
4.168862007874016
20
-4.9317858267716534
11
4.1577230708661412
21
-4.9258319685039371
0
LINE
8
F.Silkscreen
6
CONTINUOUS
10
4.1577230708661412
20
-4.9258319685039371
11
4.1472213779527562
21
-4.9188149606299207
0
LINE
8
F.Silkscreen
6
CONTINUOUS
10
4.1472213779527562
20
-4.9188149606299207
11
4.1374580314960632
21
-4.9108023622047243
0
LINE
8
F.Silkscreen
6
CONTINUOUS
10
4.1374580314960632
20
-4.9108023622047243
11
4.1285270866141728
21
-4.9018714173228348
0
LINE
8
F.Silkscreen
6
CONTINUOUS
10
4.1285270866141728
20
-4.9018714173228348
11
4.1205144881889764
21
-4.8921080708661417
0
LINE
8
F.Silkscreen
6
CONTINUOUS
10
4.1205144881889764
20
-4.8921080708661417
11
4.1134974803149609
21
-4.8816063779527559
0
LINE
8
F.Silkscreen
6
CONTINUOUS
10
4.1134974803149609
20
-4.8816063779527559
11
4.1075436220472437
21
-4.870467440944882
0
LINE
8
F.Silkscreen
6
CONTINUOUS
10
4.1075436220472437
20
-4.870467440944882
11
4.1027101968503938
21
-4.8587985826771654
0
LINE
8
F.Silkscreen
6
CONTINUOUS
10
4.1027101968503938
20
-4.8587985826771654
11
4.0990438188976377
21
-4.8467121259842516
0
LINE
8
F.Silkscreen
6
CONTINUOUS
10
4.0990438188976377
20
-4.8467121259842516
11
4.0965798031496066
21
-4.8343245275590547
0
LINE
8
F.Silkscreen
6
CONTINUOUS
10
4.0965798031496066
20
-4.8343245275590547
11
4.0953418110236219
21
-4.8217550787401571
0
LINE
8
F.Silkscreen
6
CONTINUOUS
10
4.0953418110236219
20
-4.8217550787401571
11
4.0953418110236219
21
-4.8091247637795274
0
LINE
8
F.Silkscreen
6
CONTINUOUS
10
4.0953418110236219
20
-4.8091247637795274
11
4.0954233858267717
21
-4.8082963779527557
0
LINE
8
F.Silkscreen
6
CONTINUOUS
10
4.0954233858267717
20
-4.8082963779527557
11
4.0965798031496066
21
-4.7965553149606297
0
LINE
8
F.Silkscreen
6
CONTINUOUS
10
4.0965798031496066
20
-4.7965553149606297
11
4.0990438188976377
21
-4.7841677165354328
0
LINE
8
F.Silkscreen
6
CONTINUOUS
10
4.0990438188976377
20
-4.7841677165354328
11
4.1027101968503938
21
-4.77208125984252
0
LINE
8
F.Silkscreen
6
CONTINUOUS
10
4.1027101968503938
20
-4.77208125984252
11
4.1075436220472437
21
-4.7604124015748033
0
LINE
8
F.Silkscreen
6
CONTINUOUS
10
4.1075436220472437
20
-4.7604124015748033
11
4.1134974803149609
21
-4.7492734645669294
0
LINE
8
F.Silkscreen
6
CONTINUOUS
10
4.1134974803149609
20
-4.7492734645669294
11
4.1205144881889764
21
-4.7387717716535436
0
LINE
8
F.Silkscreen
6
CONTINUOUS
10
4.1205144881889764
20
-4.7387717716535436
11
4.1285270866141728
21
-4.7290084251968505
0
LINE
8
F.Silkscreen
6
CONTINUOUS
10
4.1285270866141728
20
-4.7290084251968505
11
4.1374580314960632
21
-4.7200774803149601
0
LINE
8
F.Silkscreen
6
CONTINUOUS
10
4.1374580314960632
20
-4.7200774803149601
11
4.1472213779527562
21
-4.7120648818897637
0
LINE
8
F.Silkscreen
6
CONTINUOUS
10
4.1472213779527562
20
-4.7120648818897637
11
4.1577230708661412
21
-4.7050478740157482
0
LINE
8
F.Silkscreen
6
CONTINUOUS
10
4.1577230708661412
20
-4.7050478740157482
11
4.168862007874016
21
-4.699094015748031
0
LINE
8
F.Silkscreen
6
CONTINUOUS
10
4.168862007874016
20
-4.699094015748031
11
4.1805308661417317
21
-4.6942605905511812
0
LINE
8
F.Silkscreen
6
CONTINUOUS
10
4.1805308661417317
20
-4.6942605905511812
11
4.1926173228346455
21
-4.690594212598425
0
LINE
8
F.Silkscreen
6
CONTINUOUS
10
4.1926173228346455
20
-4.690594212598425
11
4.2050049212598424
21
-4.6881301968503939
0
LINE
8
F.Silkscreen
6
CONTINUOUS
10
4.2050049212598424
20
-4.6881301968503939
11
4.21757437007874
21
-4.6868922047244093
0
LINE
8
F.Silkscreen
6
CONTINUOUS
10
4.21757437007874
20
-4.6868922047244093
11
4.2302046850393697
21
-4.6868922047244093
0
LINE
8
F.Silkscreen
6
CONTINUOUS
10
4.2302046850393697
20
-4.6868922047244093
11
4.2427741338582674
21
-4.6881301968503939
0
LINE
8
F.Silkscreen
6
CONTINUOUS
10
4.0966867716535429
20
-4.8225834645669288
11
4.0982864173228348
21
-4.8367807480314964
0
LINE
8
F.Silkscreen
6
CONTINUOUS
10
4.0982864173228348
20
-4.8367807480314964
11
4.1014655905511814
21
-4.8507096456692915
0
LINE
8
F.Silkscreen
6
CONTINUOUS
10
4.1014655905511814
20
-4.8507096456692915
11
4.1061843307086612
21
-4.8641949999999996
0
LINE
8
F.Silkscreen
6
CONTINUOUS
10
4.1061843307086612
20
-4.8641949999999996
11
4.1123832677165355
21
-4.877067244094488
0
LINE
8
F.Silkscreen
6
CONTINUOUS
10
4.1123832677165355
20
-4.877067244094488
11
4.119984488188976
21
-4.8891644881889764
0
LINE
8
F.Silkscreen
6
CONTINUOUS
10
4.119984488188976
20
-4.8891644881889764
11
4.1288923228346457
21
-4.9003346062992126
0
LINE
8
F.Silkscreen
6
CONTINUOUS
10
4.1288923228346457
20
-4.9003346062992126
11
4.1389948425196845
21
-4.9104371259842514
0
LINE
8
F.Silkscreen
6
CONTINUOUS
10
4.1389948425196845
20
-4.9104371259842514
11
4.1501649606299216
21
-4.9193449606299211
0
LINE
8
F.Silkscreen
6
CONTINUOUS
10
4.1501649606299216
20
-4.9193449606299211
11
4.1622622047244091
21
-4.9269461811023625
0
LINE
8
F.Silkscreen
6
CONTINUOUS
10
4.1622622047244091
20
-4.9269461811023625
11
4.1751344488188975
21
-4.9331451181102359
0
LINE
8
F.Silkscreen
6
CONTINUOUS
10
4.1751344488188975
20
-4.9331451181102359
11
4.1886198031496065
21
-4.9378638582677166
0
LINE
8
F.Silkscreen
6
CONTINUOUS
10
4.1886198031496065
20
-4.9378638582677166
11
4.2025487007874016
21
-4.9410430314960632
0
LINE
8
F.Silkscreen
6
CONTINUOUS
10
4.2025487007874016
20
-4.9410430314960632
11
4.2167459842519683
21
-4.9426426771653542
0
LINE
8
F.Silkscreen
6
CONTINUOUS
10
4.2167459842519683
20
-4.9426426771653542
11
4.2310330708661414
21
-4.9426426771653542
0
LINE
8
F.Silkscreen
6
CONTINUOUS
10
4.2310330708661414
20
-4.9426426771653542
11
4.2452303543307082
21
-4.9410430314960632
0
LINE
8
F.Silkscreen
6
CONTINUOUS
10
4.2452303543307082
20
-4.9410430314960632
11
4.2591592519685042
21
-4.9378638582677166
0
LINE
8
F.Silkscreen
6
CONTINUOUS
10
4.2591592519685042
20
-4.9378638582677166
11
4.2726446062992123
21
-4.9331451181102359
0
LINE
8
F.Silkscreen
6
CONTINUOUS
10
4.2726446062992123
20
-4.9331451181102359
11
4.2855168503937007
21
-4.9269461811023625
0
LINE
8
F.Silkscreen
6
CONTINUOUS
10
4.2855168503937007
20
-4.9269461811023625
11
4.2976140944881891
21
-4.9193449606299211
0
LINE
8
F.Silkscreen
6
CONTINUOUS
10
4.2976140944881891
20
-4.9193449606299211
11
4.3087842125984253
21
-4.9104371259842514
0
LINE
8
F.Silkscreen
6
CONTINUOUS
10
4.3087842125984253
20
-4.9104371259842514
11
4.3188867322834641
21
-4.9003346062992126
0
LINE
8
F.Silkscreen
6
CONTINUOUS
10
4.3188867322834641
20
-4.9003346062992126
11
4.3277945669291338
21
-4.8891644881889764
0
LINE
8
F.Silkscreen
6
CONTINUOUS
10
4.3277945669291338
20
-4.8891644881889764
11
4.3353957874015743
21
-4.877067244094488
0
LINE
8
F.Silkscreen
6
CONTINUOUS
10
4.3353957874015743
20
-4.877067244094488
11
4.3415947244094486
21
-4.8641949999999996
0
LINE
8
F.Silkscreen
6
CONTINUOUS
10
4.3415947244094486
20
-4.8641949999999996
11
4.3463134645669292
21
-4.8507096456692915
0
LINE
8
F.Silkscreen
6
CONTINUOUS
10
4.3463134645669292
20
-4.8507096456692915
11
4.3494926377952758
21
-4.8367807480314964
0
LINE
8
F.Silkscreen
6
CONTINUOUS
10
4.3494926377952758
20
-4.8367807480314964
11
4.3510922834645669
21
-4.8225834645669288
0
LINE
8
F.Silkscreen
6
CONTINUOUS
10
4.3510922834645669
20
-4.8225834645669288
11
4.3510922834645669
21
-4.8082963779527557
0
LINE
8
F.Silkscreen
6
CONTINUOUS
10
4.3510922834645669
20
-4.8082963779527557
11
4.3494926377952758
21
-4.7940990944881889
0
LINE
8
F.Silkscreen
6
CONTINUOUS
10
4.3494926377952758
20
-4.7940990944881889
11
4.3463134645669292
21
-4.7801701968503938
0
LINE
8
F.Silkscreen
6
CONTINUOUS
10
4.3463134645669292
20
-4.7801701968503938
11
4.3415947244094486
21
-4.7666848425196848
0
LINE
8
F.Silkscreen
6
CONTINUOUS
10
4.3415947244094486
20
-4.7666848425196848
11
4.3353957874015743
21
-4.7538125984251964
0
LINE
8
F.Silkscreen
6
CONTINUOUS
10
4.3353957874015743
20
-4.7538125984251964
11
4.3277945669291338
21
-4.7417153543307089
0
LINE
8
F.Silkscreen
6
CONTINUOUS
10
4.3277945669291338
20
-4.7417153543307089
11
4.3188867322834641
21
-4.7305452362204727
0
LINE
8
F.Silkscreen
6
CONTINUOUS
10
4.3188867322834641
20
-4.7305452362204727
11
4.3087842125984253
21
-4.720442716535433
0
LINE
8
F.Silkscreen
6
CONTINUOUS
10
4.3087842125984253
20
-4.720442716535433
11
4.2976140944881891
21
-4.7115348818897633
0
LINE
8
F.Silkscreen
6
CONTINUOUS
10
4.2976140944881891
20
-4.7115348818897633
11
4.2855168503937007
21
-4.7039336614173228
0
LINE
8
F.Silkscreen
6
CONTINUOUS
10
4.2855168503937007
20
-4.7039336614173228
11
4.2726446062992123
21
-4.6977347244094485
0
LINE
8
F.Silkscreen
6
CONTINUOUS
10
4.2726446062992123
20
-4.6977347244094485
11
4.2591592519685042
21
-4.6930159842519688
0
LINE
8
F.Silkscreen
6
CONTINUOUS
10
4.2591592519685042
20
-4.6930159842519688
11
4.2452303543307082
21
-4.6898368110236222
0
LINE
8
F.Silkscreen
6
CONTINUOUS
10
4.2452303543307082
20
-4.6898368110236222
11
4.2310330708661414
21
-4.6882371653543302
0
LINE
8
F.Silkscreen
6
CONTINUOUS
10
4.2310330708661414
20
-4.6882371653543302
11
4.2167459842519683
21
-4.6882371653543302
0
LINE
8
F.Silkscreen
6
CONTINUOUS
10
4.2167459842519683
20
-4.6882371653543302
11
4.2025487007874016
21
-4.6898368110236222
0
LINE
8
F.Silkscreen
6
CONTINUOUS
10
4.2025487007874016
20
-4.6898368110236222
11
4.1886198031496065
21
-4.6930159842519688
0
LINE
8
F.Silkscreen
6
CONTINUOUS
10
4.1886198031496065
20
-4.6930159842519688
11
4.1751344488188975
21
-4.6977347244094485
0
LINE
8
F.Silkscreen
6
CONTINUOUS
10
4.1751344488188975
20
-4.6977347244094485
11
4.1622622047244091
21
-4.7039336614173228
0
LINE
8
F.Silkscreen
6
CONTINUOUS
10
4.1622622047244091
20
-4.7039336614173228
11
4.1501649606299216
21
-4.7115348818897633
0
LINE
8
F.Silkscreen
6
CONTINUOUS
10
4.1501649606299216
20
-4.7115348818897633
11
4.1389948425196845
21
-4.720442716535433
0
LINE
8
F.Silkscreen
6
CONTINUOUS
10
4.1389948425196845
20
-4.720442716535433
11
4.1288923228346457
21
-4.7305452362204727
0
LINE
8
F.Silkscreen
6
CONTINUOUS
10
4.1288923228346457
20
-4.7305452362204727
11
4.119984488188976
21
-4.7417153543307089
0
LINE
8
F.Silkscreen
6
CONTINUOUS
10
4.119984488188976
20
-4.7417153543307089
11
4.1123832677165355
21
-4.7538125984251964
0
LINE
8
F.Silkscreen
6
CONTINUOUS
10
4.1123832677165355
20
-4.7538125984251964
11
4.1061843307086612
21
-4.7666848425196848
0
LINE
8
F.Silkscreen
6
CONTINUOUS
10
4.1061843307086612
20
-4.7666848425196848
11
4.1014655905511814
21
-4.7801701968503938
0
LINE
8
F.Silkscreen
6
CONTINUOUS
10
4.1014655905511814
20
-4.7801701968503938
11
4.0982864173228348
21
-4.7940990944881889
0
LINE
8
F.Silkscreen
6
CONTINUOUS
10
4.0982864173228348
20
-4.7940990944881889
11
4.0966867716535429
21
-4.8082963779527557
0
LINE
8
F.Silkscreen
6
CONTINUOUS
10
4.0966867716535429
20
-4.8082963779527557
11
4.0966867716535429
21
-4.8225834645669288
0
LINE
8
F.Silkscreen
6
CONTINUOUS
10
4.8948982283464568
20
-4.3623297637795275
11
4.9061853149606298
21
-4.3653541338582675
0
LINE
8
F.Silkscreen
6
CONTINUOUS
10
4.9061853149606298
20
-4.3653541338582675
11
4.9169811023622048
21
-4.3698259055118109
0
LINE
8
F.Silkscreen
6
CONTINUOUS
10
4.9169811023622048
20
-4.3698259055118109
11
4.9271008661417319
21
-4.3756685433070865
0
LINE
8
F.Silkscreen
6
CONTINUOUS
10
4.9271008661417319
20
-4.3756685433070865
11
4.9363714173228344
21
-4.3827820866141733
0
LINE
8
F.Silkscreen
6
CONTINUOUS
10
4.9363714173228344
20
-4.3827820866141733
11
4.9446341338582673
21
-4.3910448031496063
0
LINE
8
F.Silkscreen
6
CONTINUOUS
10
4.9446341338582673
20
-4.3910448031496063
11
4.9517476771653541
21
-4.4003153543307088
0
LINE
8
F.Silkscreen
6
CONTINUOUS
10
4.9517476771653541
20
-4.4003153543307088
11
4.9575903149606297
21
-4.4104351181102359
0
LINE
8
F.Silkscreen
6
CONTINUOUS
10
4.9575903149606297
20
-4.4104351181102359
11
4.9620620866141731
21
-4.4212309055118109
0
LINE
8
F.Silkscreen
6
CONTINUOUS
10
4.9620620866141731
20
-4.4212309055118109
11
4.9650864566929132
21
-4.4325179921259839
0
LINE
8
F.Silkscreen
6
CONTINUOUS
10
4.9650864566929132
20
-4.4325179921259839
11
4.9666116929133857
21
-4.4441033070866141
0
LINE
8
F.Silkscreen
6
CONTINUOUS
10
4.9666116929133857
20
-4.4441033070866141
11
4.9666116929133857
21
-4.4557885826771653
0
LINE
8
F.Silkscreen
6
CONTINUOUS
10
4.9666116929133857
20
-4.4557885826771653
11
4.9650864566929132
21
-4.4673738976377955
0
LINE
8
F.Silkscreen
6
CONTINUOUS
10
4.9650864566929132
20
-4.4673738976377955
11
4.9620620866141731
21
-4.4786609842519685
0
LINE
8
F.Silkscreen
6
CONTINUOUS
10
4.9620620866141731
20
-4.4786609842519685
11
4.9575903149606297
21
-4.4894567716535434
0
LINE
8
F.Silkscreen
6
CONTINUOUS
10
4.9575903149606297
20
-4.4894567716535434
11
4.9517476771653541
21
-4.4995765354330706
0
LINE
8
F.Silkscreen
6
CONTINUOUS
10
4.9517476771653541
20
-4.4995765354330706
11
4.9446341338582673
21
-4.508847086614173
0
LINE
8
F.Silkscreen
6
CONTINUOUS
10
4.9446341338582673
20
-4.508847086614173
11
4.9363714173228344
21
-4.517109803149606
0
LINE
8
F.Silkscreen
6
CONTINUOUS
10
4.9363714173228344
20
-4.517109803149606
11
4.9271008661417319
21
-4.5242233464566928
0
LINE
8
F.Silkscreen
6
CONTINUOUS
10
4.9271008661417319
20
-4.5242233464566928
11
4.9169811023622048
21
-4.5300659842519684
0
LINE
8
F.Silkscreen
6
CONTINUOUS
10
4.9169811023622048
20
-4.5300659842519684
11
4.9061853149606298
21
-4.5345377559055118
0
LINE
8
F.Silkscreen
6
CONTINUOUS
10
4.9061853149606298
20
-4.5345377559055118
11
4.8948982283464568
21
-4.5375621259842518
0
LINE
8
F.Silkscreen
6
CONTINUOUS
10
4.8948982283464568
20
-4.5375621259842518
11
4.8833129133858266
21
-4.5390873622047243
0
LINE
8
F.Silkscreen
6
CONTINUOUS
10
4.8833129133858266
20
-4.5390873622047243
11
4.8716276377952754
21
-4.5390873622047243
0
LINE
8
F.Silkscreen
6
CONTINUOUS
10
4.8716276377952754
20
-4.5390873622047243
11
4.8600423228346452
21
-4.5375621259842518
0
LINE
8
F.Silkscreen
6
CONTINUOUS
10
4.8600423228346452
20
-4.5375621259842518
11
4.8487552362204722
21
-4.5345377559055118
0
LINE
8
F.Silkscreen
6
CONTINUOUS
10
4.8487552362204722
20
-4.5345377559055118
11
4.8379594488188973
21
-4.5300659842519684
0
LINE
8
F.Silkscreen
6
CONTINUOUS
10
4.8379594488188973
20
-4.5300659842519684
11
4.8278396850393701
21
-4.5242233464566928
0
LINE
8
F.Silkscreen
6
CONTINUOUS
10
4.8278396850393701
20
-4.5242233464566928
11
4.8185691338582677
21
-4.517109803149606
0
LINE
8
F.Silkscreen
6
CONTINUOUS
10
4.8185691338582677
20
-4.517109803149606
11
4.8103064173228347
21
-4.508847086614173
0
LINE
8
F.Silkscreen
6
CONTINUOUS
10
4.8103064173228347
20
-4.508847086614173
11
4.8031928740157479
21
-4.4995765354330706
0
LINE
8
F.Silkscreen
6
CONTINUOUS
10
4.8031928740157479
20
-4.4995765354330706
11
4.7973502362204723
21
-4.4894567716535434
0
LINE
8
F.Silkscreen
6
CONTINUOUS
10
4.7973502362204723
20
-4.4894567716535434
11
4.7928784645669289
21
-4.4786609842519685
0
LINE
8
F.Silkscreen
6
CONTINUOUS
10
4.7928784645669289
20
-4.4786609842519685
11
4.7898540944881889
21
-4.4673738976377955
0
LINE
8
F.Silkscreen
6
CONTINUOUS
10
4.7898540944881889
20
-4.4673738976377955
11
4.7883288582677164
21
-4.4557885826771653
0
LINE
8
F.Silkscreen
6
CONTINUOUS
10
4.7883288582677164
20
-4.4557885826771653
11
4.7883288582677164
21
-4.4441890944881886
0
LINE
8
F.Silkscreen
6
CONTINUOUS
10
4.7883288582677164
20
-4.4441890944881886
11
4.7883288582677164
21
-4.4441033070866141
0
LINE
8
F.Silkscreen
6
CONTINUOUS
10
4.7883288582677164
20
-4.4441033070866141
11
4.7898540944881889
21
-4.4325179921259839
0
LINE
8
F.Silkscreen
6
CONTINUOUS
10
4.7898540944881889
20
-4.4325179921259839
11
4.7928784645669289
21
-4.4212309055118109
0
LINE
8
F.Silkscreen
6
CONTINUOUS
10
4.7928784645669289
20
-4.4212309055118109
11
4.7973502362204723
21
-4.4104351181102359
0
LINE
8
F.Silkscreen
6
CONTINUOUS
10
4.7973502362204723
20
-4.4104351181102359
11
4.8031928740157479
21
-4.4003153543307088
0
LINE
8
F.Silkscreen
6
CONTINUOUS
10
4.8031928740157479
20
-4.4003153543307088
11
4.8103064173228347
21
-4.3910448031496063
0
LINE
8
F.Silkscreen
6
CONTINUOUS
10
4.8103064173228347
20
-4.3910448031496063
11
4.8185691338582677
21
-4.3827820866141733
0
LINE
8
F.Silkscreen
6
CONTINUOUS
10
4.8185691338582677
20
-4.3827820866141733
11
4.8278396850393701
21
-4.3756685433070865
0
LINE
8
F.Silkscreen
6
CONTINUOUS
10
4.8278396850393701
20
-4.3756685433070865
11
4.8379594488188973
21
-4.3698259055118109
0
LINE
8
F.Silkscreen
6
CONTINUOUS
10
4.8379594488188973
20
-4.3698259055118109
11
4.8487552362204722
21
-4.3653541338582675
0
LINE
8
F.Silkscreen
6
CONTINUOUS
10
4.8487552362204722
20
-4.3653541338582675
11
4.8600423228346452
21
-4.3623297637795275
0
LINE
8
F.Silkscreen
6
CONTINUOUS
10
4.8600423228346452
20
-4.3623297637795275
11
4.8716276377952754
21
-4.360804527559055
0
LINE
8
F.Silkscreen
6
CONTINUOUS
10
4.8716276377952754
20
-4.360804527559055
11
4.8833129133858266
21
-4.360804527559055
0
LINE
8
F.Silkscreen
6
CONTINUOUS
10
4.8833129133858266
20
-4.360804527559055
11
4.8948982283464568
21
-4.3623297637795275
0
LINE
8
F.Silkscreen
6
CONTINUOUS
10
4.7896375984251964
20
-4.4557027952755908
11
4.7911404330708658
21
-4.4671180314960628
0
LINE
8
F.Silkscreen
6
CONTINUOUS
10
4.7911404330708658
20
-4.4671180314960628
11
4.794120393700787
21
-4.4782394094488192
0
LINE
8
F.Silkscreen
6
CONTINUOUS
10
4.794120393700787
20
-4.4782394094488192
11
4.7985264960629923
21
-4.4888766929133856
0
LINE
8
F.Silkscreen
6
CONTINUOUS
10
4.7985264960629923
20
-4.4888766929133856
11
4.8042833858267713
21
-4.4988478740157483
0
LINE
8
F.Silkscreen
6
CONTINUOUS
10
4.8042833858267713
20
-4.4988478740157483
11
4.8112924803149602
21
-4.5079823228346454
0
LINE
8
F.Silkscreen
6
CONTINUOUS
10
4.8112924803149602
20
-4.5079823228346454
11
4.8194338976377953
21
-4.5161237401574805
0
LINE
8
F.Silkscreen
6
CONTINUOUS
10
4.8194338976377953
20
-4.5161237401574805
11
4.8285683464566924
21
-4.5231328346456694
0
LINE
8
F.Silkscreen
6
CONTINUOUS
10
4.8285683464566924
20
-4.5231328346456694
11
4.838539527559055
21
-4.5288897244094484
0
LINE
8
F.Silkscreen
6
CONTINUOUS
10
4.838539527559055
20
-4.5288897244094484
11
4.8491768110236215
21
-4.5332958267716537
0
LINE
8
F.Silkscreen
6
CONTINUOUS
10
4.8491768110236215
20
-4.5332958267716537
11
4.8602981889763779
21
-4.5362757874015749
0
LINE
8
F.Silkscreen
6
CONTINUOUS
10
4.8602981889763779
20
-4.5362757874015749
11
4.8717134251968499
21
-4.5377786220472442
0
LINE
8
F.Silkscreen
6
CONTINUOUS
10
4.8717134251968499
20
-4.5377786220472442
11
4.8832271259842521
21
-4.5377786220472442
0
LINE
8
F.Silkscreen
6
CONTINUOUS
10
4.8832271259842521
20
-4.5377786220472442
11
4.8946423622047242
21
-4.5362757874015749
0
LINE
8
F.Silkscreen
6
CONTINUOUS
10
4.8946423622047242
20
-4.5362757874015749
11
4.9057637401574805
21
-4.5332958267716537
0
LINE
8
F.Silkscreen
6
CONTINUOUS
10
4.9057637401574805
20
-4.5332958267716537
11
4.916401023622047
21
-4.5288897244094484
0
LINE
8
F.Silkscreen
6
CONTINUOUS
10
4.916401023622047
20
-4.5288897244094484
11
4.9263722047244096
21
-4.5231328346456694
0
LINE
8
F.Silkscreen
6
CONTINUOUS
10
4.9263722047244096
20
-4.5231328346456694
11
4.9355066535433068
21
-4.5161237401574805
0
LINE
8
F.Silkscreen
6
CONTINUOUS
10
4.9355066535433068
20
-4.5161237401574805
11
4.9436480708661419
21
-4.5079823228346454
0
LINE
8
F.Silkscreen
6
CONTINUOUS
10
4.9436480708661419
20
-4.5079823228346454
11
4.9506571653543308
21
-4.4988478740157483
0
LINE
8
F.Silkscreen
6
CONTINUOUS
10
4.9506571653543308
20
-4.4988478740157483
11
4.9564140551181097
21
-4.4888766929133856
0
LINE
8
F.Silkscreen
6
CONTINUOUS
10
4.9564140551181097
20
-4.4888766929133856
11
4.960820157480315
21
-4.4782394094488192
0
LINE
8
F.Silkscreen
6
CONTINUOUS
10
4.960820157480315
20
-4.4782394094488192
11
4.9638001181102362
21
-4.4671180314960628
0
LINE
8
F.Silkscreen
6
CONTINUOUS
10
4.9638001181102362
20
-4.4671180314960628
11
4.9653029527559056
21
-4.4557027952755908
0
LINE
8
F.Silkscreen
6
CONTINUOUS
10
4.9653029527559056
20
-4.4557027952755908
11
4.9653029527559056
21
-4.4441890944881886
0
LINE
8
F.Silkscreen
6
CONTINUOUS
10
4.9653029527559056
20
-4.4441890944881886
11
4.9638001181102362
21
-4.4327738582677165
0
LINE
8
F.Silkscreen
6
CONTINUOUS
10
4.9638001181102362
20
-4.4327738582677165
11
4.960820157480315
21
-4.4216524803149602
0
LINE
8
F.Silkscreen
6
CONTINUOUS
10
4.960820157480315
20
-4.4216524803149602
11
4.9564140551181097
21
-4.4110151968503937
0
LINE
8
F.Silkscreen
6
CONTINUOUS
10
4.9564140551181097
20
-4.4110151968503937
11
4.9506571653543308
21
-4.4010440157480311
0
LINE
8
F.Silkscreen
6
CONTINUOUS
10
4.9506571653543308
20
-4.4010440157480311
11
4.9436480708661419
21
-4.3919095669291339
0
LINE
8
F.Silkscreen
6
CONTINUOUS
10
4.9436480708661419
20
-4.3919095669291339
11
4.9355066535433068
21
-4.3837681496062988
0
LINE
8
F.Silkscreen
6
CONTINUOUS
10
4.9355066535433068
20
-4.3837681496062988
11
4.9263722047244096
21
-4.3767590551181099
0
LINE
8
F.Silkscreen
6
CONTINUOUS
10
4.9263722047244096
20
-4.3767590551181099
11
4.916401023622047
21
-4.3710021653543309
0
LINE
8
F.Silkscreen
6
CONTINUOUS
10
4.916401023622047
20
-4.3710021653543309
11
4.9057637401574805
21
-4.3665960629921257
0
LINE
8
F.Silkscreen
6
CONTINUOUS
10
4.9057637401574805
20
-4.3665960629921257
11
4.8946423622047242
21
-4.3636161023622044
0
LINE
8
F.Silkscreen
6
CONTINUOUS
10
4.8946423622047242
20
-4.3636161023622044
11
4.8832271259842521
21
-4.3621132677165351
0
LINE
8
F.Silkscreen
6
CONTINUOUS
10
4.8832271259842521
20
-4.3621132677165351
11
4.8717134251968499
21
-4.3621132677165351
0
LINE
8
F.Silkscreen
6
CONTINUOUS
10
4.8717134251968499
20
-4.3621132677165351
11
4.8602981889763779
21
-4.3636161023622044
0
LINE
8
F.Silkscreen
6
CONTINUOUS
10
4.8602981889763779
20
-4.3636161023622044
11
4.8491768110236215
21
-4.3665960629921257
0
LINE
8
F.Silkscreen
6
CONTINUOUS
10
4.8491768110236215
20
-4.3665960629921257
11
4.838539527559055
21
-4.3710021653543309
0
LINE
8
F.Silkscreen
6
CONTINUOUS
10
4.838539527559055
20
-4.3710021653543309
11
4.8285683464566924
21
-4.3767590551181099
0
LINE
8
F.Silkscreen
6
CONTINUOUS
10
4.8285683464566924
20
-4.3767590551181099
11
4.8194338976377953
21
-4.3837681496062988
0
LINE
8
F.Silkscreen
6
CONTINUOUS
10
4.8194338976377953
20
-4.3837681496062988
11
4.8112924803149602
21
-4.3919095669291339
0
LINE
8
F.Silkscreen
6
CONTINUOUS
10
4.8112924803149602
20
-4.3919095669291339
11
4.8042833858267713
21
-4.4010440157480311
0
LINE
8
F.Silkscreen
6
CONTINUOUS
10
4.8042833858267713
20
-4.4010440157480311
11
4.7985264960629923
21
-4.4110151968503937
0
LINE
8
F.Silkscreen
6
CONTINUOUS
10
4.7985264960629923
20
-4.4110151968503937
11
4.794120393700787
21
-4.4216524803149602
0
LINE
8
F.Silkscreen
6
CONTINUOUS
10
4.794120393700787
20
-4.4216524803149602
11
4.7911404330708658
21
-4.4327738582677165
0
LINE
8
F.Silkscreen
6
CONTINUOUS
10
4.7911404330708658
20
-4.4327738582677165
11
4.7896375984251964
21
-4.4441890944881886
0
LINE
8
F.Silkscreen
6
CONTINUOUS
10
4.7896375984251964
20
-4.4441890944881886
11
4.7896375984251964
21
-4.4557027952755908
0
LINE
8
F.Silkscreen
6
CONTINUOUS
10
4.2427741338582674
20
-4.0188388582677161
11
4.2551617322834643
21
-4.0213028740157482
0
LINE
8
F.Silkscreen
6
CONTINUOUS
10
4.2551617322834643
20
-4.0213028740157482
11
4.267248188976378
21
-4.0249692519685034
0
LINE
8
F.Silkscreen
6
CONTINUOUS
10
4.267248188976378
20
-4.0249692519685034
11
4.2789170472440947
21
-4.0298026771653541
0
LINE
8
F.Silkscreen
6
CONTINUOUS
10
4.2789170472440947
20
-4.0298026771653541
11
4.2900559842519685
21
-4.0357565354330704
0
LINE
8
F.Silkscreen
6
CONTINUOUS
10
4.2900559842519685
20
-4.0357565354330704
11
4.3005576771653544
21
-4.0427735433070868
0
LINE
8
F.Silkscreen
6
CONTINUOUS
10
4.3005576771653544
20
-4.0427735433070868
11
4.3103210236220475
21
-4.0507861417322832
0
LINE
8
F.Silkscreen
6
CONTINUOUS
10
4.3103210236220475
20
-4.0507861417322832
11
4.319251968503937
21
-4.0597170866141727
0
LINE
8
F.Silkscreen
6
CONTINUOUS
10
4.319251968503937
20
-4.0597170866141727
11
4.3272645669291334
21
-4.0694804330708658
0
LINE
8
F.Silkscreen
6
CONTINUOUS
10
4.3272645669291334
20
-4.0694804330708658
11
4.3342815748031498
21
-4.0799821259842517
0
LINE
8
F.Silkscreen
6
CONTINUOUS
10
4.3342815748031498
20
-4.0799821259842517
11
4.3402354330708661
21
-4.0911210629921255
0
LINE
8
F.Silkscreen
6
CONTINUOUS
10
4.3402354330708661
20
-4.0911210629921255
11
4.3450688582677168
21
-4.1027899212598422
0
LINE
8
F.Silkscreen
6
CONTINUOUS
10
4.3450688582677168
20
-4.1027899212598422
11
4.3487352362204721
21
-4.114876377952756
0
LINE
8
F.Silkscreen
6
CONTINUOUS
10
4.3487352362204721
20
-4.114876377952756
11
4.3511992519685041
21
-4.1272639763779528
0
LINE
8
F.Silkscreen
6
CONTINUOUS
10
4.3511992519685041
20
-4.1272639763779528
11
4.3524372440944878
21
-4.1398334251968505
0
LINE
8
F.Silkscreen
6
CONTINUOUS
10
4.3524372440944878
20
-4.1398334251968505
11
4.3524372440944878
21
-4.1524637401574802
0
LINE
8
F.Silkscreen
6
CONTINUOUS
10
4.3524372440944878
20
-4.1524637401574802
11
4.3511992519685041
21
-4.1650331889763779
0
LINE
8
F.Silkscreen
6
CONTINUOUS
10
4.3511992519685041
20
-4.1650331889763779
11
4.3487352362204721
21
-4.1774207874015747
0
LINE
8
F.Silkscreen
6
CONTINUOUS
10
4.3487352362204721
20
-4.1774207874015747
11
4.3450688582677168
21
-4.1895072440944885
0
LINE
8
F.Silkscreen
6
CONTINUOUS
10
4.3450688582677168
20
-4.1895072440944885
11
4.3402354330708661
21
-4.2011761023622043
0
LINE
8
F.Silkscreen
6
CONTINUOUS
10
4.3402354330708661
20
-4.2011761023622043
11
4.3342815748031498
21
-4.212315039370079
0
LINE
8
F.Silkscreen
6
CONTINUOUS
10
4.3342815748031498
20
-4.212315039370079
11
4.3272645669291334
21
-4.2228167322834649
0
LINE
8
F.Silkscreen
6
CONTINUOUS
10
4.3272645669291334
20
-4.2228167322834649
11
4.319251968503937
21
-4.2325800787401571
0
LINE
8
F.Silkscreen
6
CONTINUOUS
10
4.319251968503937
20
-4.2325800787401571
11
4.3103210236220475
21
-4.2415110236220475
0
LINE
8
F.Silkscreen
6
CONTINUOUS
10
4.3103210236220475
20
-4.2415110236220475
11
4.3005576771653544
21
-4.2495236220472439
0
LINE
8
F.Silkscreen
6
CONTINUOUS
10
4.3005576771653544
20
-4.2495236220472439
11
4.2900559842519685
21
-4.2565406299212594
0
LINE
8
F.Silkscreen
6
CONTINUOUS
10
4.2900559842519685
20
-4.2565406299212594
11
4.2789170472440947
21
-4.2624944881889766
0
LINE
8
F.Silkscreen
6
CONTINUOUS
10
4.2789170472440947
20
-4.2624944881889766
11
4.267248188976378
21
-4.2673279133858264
0
LINE
8
F.Silkscreen
6
CONTINUOUS
10
4.267248188976378
20
-4.2673279133858264
11
4.2551617322834643
21
-4.2709942913385825
0
LINE
8
F.Silkscreen
6
CONTINUOUS
10
4.2551617322834643
20
-4.2709942913385825
11
4.2427741338582674
21
-4.2734583070866137
0
LINE
8
F.Silkscreen
6
CONTINUOUS
10
4.2427741338582674
20
-4.2734583070866137
11
4.2302046850393697
21
-4.2746962992125983
0
LINE
8
F.Silkscreen
6
CONTINUOUS
10
4.2302046850393697
20
-4.2746962992125983
11
4.21757437007874
21
-4.2746962992125983
0
LINE
8
F.Silkscreen
6
CONTINUOUS
10
4.21757437007874
20
-4.2746962992125983
11
4.2050049212598424
21
-4.2734583070866137
0
LINE
8
F.Silkscreen
6
CONTINUOUS
10
4.2050049212598424
20
-4.2734583070866137
11
4.1926173228346455
21
-4.2709942913385825
0
LINE
8
F.Silkscreen
6
CONTINUOUS
10
4.1926173228346455
20
-4.2709942913385825
11
4.1805308661417317
21
-4.2673279133858264
0
LINE
8
F.Silkscreen
6
CONTINUOUS
10
4.1805308661417317
20
-4.2673279133858264
11
4.168862007874016
21
-4.2624944881889766
0
LINE
8
F.Silkscreen
6
CONTINUOUS
10
4.168862007874016
20
-4.2624944881889766
11
4.1577230708661412
21
-4.2565406299212594
0
LINE
8
F.Silkscreen
6
CONTINUOUS
10
4.1577230708661412
20
-4.2565406299212594
11
4.1472213779527562
21
-4.2495236220472439
0
LINE
8
F.Silkscreen
6
CONTINUOUS
10
4.1472213779527562
20
-4.2495236220472439
11
4.1374580314960632
21
-4.2415110236220475
0
LINE
8
F.Silkscreen
6
CONTINUOUS
10
4.1374580314960632
20
-4.2415110236220475
11
4.1285270866141728
21
-4.2325800787401571
0
LINE
8
F.Silkscreen
6
CONTINUOUS
10
4.1285270866141728
20
-4.2325800787401571
11
4.1205144881889764
21
-4.2228167322834649
0
LINE
8
F.Silkscreen
6
CONTINUOUS
10
4.1205144881889764
20
-4.2228167322834649
11
4.1134974803149609
21
-4.212315039370079
0
LINE
8
F.Silkscreen
6
CONTINUOUS
10
4.1134974803149609
20
-4.212315039370079
11
4.1075436220472437
21
-4.2011761023622043
0
LINE
8
F.Silkscreen
6
CONTINUOUS
10
4.1075436220472437
20
-4.2011761023622043
11
4.1027101968503938
21
-4.1895072440944885
0
LINE
8
F.Silkscreen
6
CONTINUOUS
10
4.1027101968503938
20
-4.1895072440944885
11
4.0990438188976377
21
-4.1774207874015747
0
LINE
8
F.Silkscreen
6
CONTINUOUS
10
4.0990438188976377
20
-4.1774207874015747
11
4.0965798031496066
21
-4.1650331889763779
0
LINE
8
F.Silkscreen
6
CONTINUOUS
10
4.0965798031496066
20
-4.1650331889763779
11
4.0953418110236219
21
-4.1524637401574802
0
LINE
8
F.Silkscreen
6
CONTINUOUS
10
4.0953418110236219
20
-4.1524637401574802
11
4.0953418110236219
21
-4.1398334251968505
0
LINE
8
F.Silkscreen
6
CONTINUOUS
10
4.0953418110236219
20
-4.1398334251968505
11
4.0954233858267717
21
-4.1390050393700788
0
LINE
8
F.Silkscreen
6
CONTINUOUS
10
4.0954233858267717
20
-4.1390050393700788
11
4.0965798031496066
21
-4.1272639763779528
0
LINE
8
F.Silkscreen
6
CONTINUOUS
10
4.0965798031496066
20
-4.1272639763779528
11
4.0990438188976377
21
-4.114876377952756
0
LINE
8
F.Silkscreen
6
CONTINUOUS
10
4.0990438188976377
20
-4.114876377952756
11
4.1027101968503938
21
-4.1027899212598422
0
LINE
8
F.Silkscreen
6
CONTINUOUS
10
4.1027101968503938
20
-4.1027899212598422
11
4.1075436220472437
21
-4.0911210629921255
0
LINE
8
F.Silkscreen
6
CONTINUOUS
10
4.1075436220472437
20
-4.0911210629921255
11
4.1134974803149609
21
-4.0799821259842517
0
LINE
8
F.Silkscreen
6
CONTINUOUS
10
4.1134974803149609
20
-4.0799821259842517
11
4.1205144881889764
21
-4.0694804330708658
0
LINE
8
F.Silkscreen
6
CONTINUOUS
10
4.1205144881889764
20
-4.0694804330708658
11
4.1285270866141728
21
-4.0597170866141727
0
LINE
8
F.Silkscreen
6
CONTINUOUS
10
4.1285270866141728
20
-4.0597170866141727
11
4.1374580314960632
21
-4.0507861417322832
0
LINE
8
F.Silkscreen
6
CONTINUOUS
10
4.1374580314960632
20
-4.0507861417322832
11
4.1472213779527562
21
-4.0427735433070868
0
LINE
8
F.Silkscreen
6
CONTINUOUS
10
4.1472213779527562
20
-4.0427735433070868
11
4.1577230708661412
21
-4.0357565354330704
0
LINE
8
F.Silkscreen
6
CONTINUOUS
10
4.1577230708661412
20
-4.0357565354330704
11
4.168862007874016
21
-4.0298026771653541
0
LINE
8
F.Silkscreen
6
CONTINUOUS
10
4.168862007874016
20
-4.0298026771653541
11
4.1805308661417317
21
-4.0249692519685034
0
LINE
8
F.Silkscreen
6
CONTINUOUS
10
4.1805308661417317
20
-4.0249692519685034
11
4.1926173228346455
21
-4.0213028740157482
0
LINE
8
F.Silkscreen
6
CONTINUOUS
10
4.1926173228346455
20
-4.0213028740157482
11
4.2050049212598424
21
-4.0188388582677161
0
LINE
8
F.Silkscreen
6
CONTINUOUS
10
4.2050049212598424
20
-4.0188388582677161
11
4.21757437007874
21
-4.0176008661417324
0
LINE
8
F.Silkscreen
6
CONTINUOUS
10
4.21757437007874
20
-4.0176008661417324
11
4.2302046850393697
21
-4.0176008661417324
0
LINE
8
F.Silkscreen
6
CONTINUOUS
10
4.2302046850393697
20
-4.0176008661417324
11
4.2427741338582674
21
-4.0188388582677161
0
LINE
8
F.Silkscreen
6
CONTINUOUS
10
4.0966867716535429
20
-4.1532921259842519
11
4.0982864173228348
21
-4.1674894094488186
0
LINE
8
F.Silkscreen
6
CONTINUOUS
10
4.0982864173228348
20
-4.1674894094488186
11
4.1014655905511814
21
-4.1814183070866138
0
LINE
8
F.Silkscreen
6
CONTINUOUS
10
4.1014655905511814
20
-4.1814183070866138
11
4.1061843307086612
21
-4.1949036614173227
0
LINE
8
F.Silkscreen
6
CONTINUOUS
10
4.1061843307086612
20
-4.1949036614173227
11
4.1123832677165355
21
-4.2077759055118111
0
LINE
8
F.Silkscreen
6
CONTINUOUS
10
4.1123832677165355
20
-4.2077759055118111
11
4.119984488188976
21
-4.2198731496062996
0
LINE
8
F.Silkscreen
6
CONTINUOUS
10
4.119984488188976
20
-4.2198731496062996
11
4.1288923228346457
21
-4.2310432677165357
0
LINE
8
F.Silkscreen
6
CONTINUOUS
10
4.1288923228346457
20
-4.2310432677165357
11
4.1389948425196845
21
-4.2411457874015746
0
LINE
8
F.Silkscreen
6
CONTINUOUS
10
4.1389948425196845
20
-4.2411457874015746
11
4.1501649606299216
21
-4.2500536220472442
0
LINE
8
F.Silkscreen
6
CONTINUOUS
10
4.1501649606299216
20
-4.2500536220472442
11
4.1622622047244091
21
-4.2576548425196847
0
LINE
8
F.Silkscreen
6
CONTINUOUS
10
4.1622622047244091
20
-4.2576548425196847
11
4.1751344488188975
21
-4.2638537795275591
0
LINE
8
F.Silkscreen
6
CONTINUOUS
10
4.1751344488188975
20
-4.2638537795275591
11
4.1886198031496065
21
-4.2685725196850397
0
LINE
8
F.Silkscreen
6
CONTINUOUS
10
4.1886198031496065
20
-4.2685725196850397
11
4.2025487007874016
21
-4.2717516929133854
0
LINE
8
F.Silkscreen
6
CONTINUOUS
10
4.2025487007874016
20
-4.2717516929133854
11
4.2167459842519683
21
-4.2733513385826774
0
LINE
8
F.Silkscreen
6
CONTINUOUS
10
4.2167459842519683
20
-4.2733513385826774
11
4.2310330708661414
21
-4.2733513385826774
0
LINE
8
F.Silkscreen
6
CONTINUOUS
10
4.2310330708661414
20
-4.2733513385826774
11
4.2452303543307082
21
-4.2717516929133854
0
LINE
8
F.Silkscreen
6
CONTINUOUS
10
4.2452303543307082
20
-4.2717516929133854
11
4.2591592519685042
21
-4.2685725196850397
0
LINE
8
F.Silkscreen
6
CONTINUOUS
10
4.2591592519685042
20
-4.2685725196850397
11
4.2726446062992123
21
-4.2638537795275591
0
LINE
8
F.Silkscreen
6
CONTINUOUS
10
4.2726446062992123
20
-4.2638537795275591
11
4.2855168503937007
21
-4.2576548425196847
0
LINE
8
F.Silkscreen
6
CONTINUOUS
10
4.2855168503937007
20
-4.2576548425196847
11
4.2976140944881891
21
-4.2500536220472442
0
LINE
8
F.Silkscreen
6
CONTINUOUS
10
4.2976140944881891
20
-4.2500536220472442
11
4.3087842125984253
21
-4.2411457874015746
0
LINE
8
F.Silkscreen
6
CONTINUOUS
10
4.3087842125984253
20
-4.2411457874015746
11
4.3188867322834641
21
-4.2310432677165357
0
LINE
8
F.Silkscreen
6
CONTINUOUS
10
4.3188867322834641
20
-4.2310432677165357
11
4.3277945669291338
21
-4.2198731496062996
0
LINE
8
F.Silkscreen
6
CONTINUOUS
10
4.3277945669291338
20
-4.2198731496062996
11
4.3353957874015743
21
-4.2077759055118111
0
LINE
8
F.Silkscreen
6
CONTINUOUS
10
4.3353957874015743
20
-4.2077759055118111
11
4.3415947244094486
21
-4.1949036614173227
0
LINE
8
F.Silkscreen
6
CONTINUOUS
10
4.3415947244094486
20
-4.1949036614173227
11
4.3463134645669292
21
-4.1814183070866138
0
LINE
8
F.Silkscreen
6
CONTINUOUS
10
4.3463134645669292
20
-4.1814183070866138
11
4.3494926377952758
21
-4.1674894094488186
0
LINE
8
F.Silkscreen
6
CONTINUOUS
10
4.3494926377952758
20
-4.1674894094488186
11
4.3510922834645669
21
-4.1532921259842519
0
LINE
8
F.Silkscreen
6
CONTINUOUS
10
4.3510922834645669
20
-4.1532921259842519
11
4.3510922834645669
21
-4.1390050393700788
0
LINE
8
F.Silkscreen
6
CONTINUOUS
10
4.3510922834645669
20
-4.1390050393700788
11
4.3494926377952758
21
-4.1248077559055121
0
LINE
8
F.Silkscreen
6
CONTINUOUS
10
4.3494926377952758
20
-4.1248077559055121
11
4.3463134645669292
21
-4.110878858267716
0
LINE
8
F.Silkscreen
6
CONTINUOUS
10
4.3463134645669292
20
-4.110878858267716
11
4.3415947244094486
21
-4.097393503937008
0
LINE
8
F.Silkscreen
6
CONTINUOUS
10
4.3415947244094486
20
-4.097393503937008
11
4.3353957874015743
21
-4.0845212598425196
0
LINE
8
F.Silkscreen
6
CONTINUOUS
10
4.3353957874015743
20
-4.0845212598425196
11
4.3277945669291338
21
-4.0724240157480311
0
LINE
8
F.Silkscreen
6
CONTINUOUS
10
4.3277945669291338
20
-4.0724240157480311
11
4.3188867322834641
21
-4.061253897637795
0
LINE
8
F.Silkscreen
6
CONTINUOUS
10
4.3188867322834641
20
-4.061253897637795
11
4.3087842125984253
21
-4.0511513779527561
0
LINE
8
F.Silkscreen
6
CONTINUOUS
10
4.3087842125984253
20
-4.0511513779527561
11
4.2976140944881891
21
-4.0422435433070865
0
LINE
8
F.Silkscreen
6
CONTINUOUS
10
4.2976140944881891
20
-4.0422435433070865
11
4.2855168503937007
21
-4.034642322834646
0
LINE
8
F.Silkscreen
6
CONTINUOUS
10
4.2855168503937007
20
-4.034642322834646
11
4.2726446062992123
21
-4.0284433858267716
0
LINE
8
F.Silkscreen
6
CONTINUOUS
10
4.2726446062992123
20
-4.0284433858267716
11
4.2591592519685042
21
-4.023724645669291
0
LINE
8
F.Silkscreen
6
CONTINUOUS
10
4.2591592519685042
20
-4.023724645669291
11
4.2452303543307082
21
-4.0205454724409444
0
LINE
8
F.Silkscreen
6
CONTINUOUS
10
4.2452303543307082
20
-4.0205454724409444
11
4.2310330708661414
21
-4.0189458267716534
0
LINE
8
F.Silkscreen
6
CONTINUOUS
10
4.2310330708661414
20
-4.0189458267716534
11
4.2167459842519683
21
-4.0189458267716534
0
LINE
8
F.Silkscreen
6
CONTINUOUS
10
4.2167459842519683
20
-4.0189458267716534
11
4.2025487007874016
21
-4.0205454724409444
0
LINE
8
F.Silkscreen
6
CONTINUOUS
10
4.2025487007874016
20
-4.0205454724409444
11
4.1886198031496065
21
-4.023724645669291
0
LINE
8
F.Silkscreen
6
CONTINUOUS
10
4.1886198031496065
20
-4.023724645669291
11
4.1751344488188975
21
-4.0284433858267716
0
LINE
8
F.Silkscreen
6
CONTINUOUS
10
4.1751344488188975
20
-4.0284433858267716
11
4.1622622047244091
21
-4.034642322834646
0
LINE
8
F.Silkscreen
6
CONTINUOUS
10
4.1622622047244091
20
-4.034642322834646
11
4.1501649606299216
21
-4.0422435433070865
0
LINE
8
F.Silkscreen
6
CONTINUOUS
10
4.1501649606299216
20
-4.0422435433070865
11
4.1389948425196845
21
-4.0511513779527561
0
LINE
8
F.Silkscreen
6
CONTINUOUS
10
4.1389948425196845
20
-4.0511513779527561
11
4.1288923228346457
21
-4.061253897637795
0
LINE
8
F.Silkscreen
6
CONTINUOUS
10
4.1288923228346457
20
-4.061253897637795
11
4.119984488188976
21
-4.0724240157480311
0
LINE
8
F.Silkscreen
6
CONTINUOUS
10
4.119984488188976
20
-4.0724240157480311
11
4.1123832677165355
21
-4.0845212598425196
0
LINE
8
F.Silkscreen
6
CONTINUOUS
10
4.1123832677165355
20
-4.0845212598425196
11
4.1061843307086612
21
-4.097393503937008
0
LINE
8
F.Silkscreen
6
CONTINUOUS
10
4.1061843307086612
20
-4.097393503937008
11
4.1014655905511814
21
-4.110878858267716
0
LINE
8
F.Silkscreen
6
CONTINUOUS
10
4.1014655905511814
20
-4.110878858267716
11
4.0982864173228348
21
-4.1248077559055121
0
LINE
8
F.Silkscreen
6
CONTINUOUS
10
4.0982864173228348
20
-4.1248077559055121
11
4.0966867716535429
21
-4.1390050393700788
0
LINE
8
F.Silkscreen
6
CONTINUOUS
10
4.0966867716535429
20
-4.1390050393700788
11
4.0966867716535429
21
-4.1532921259842519
0
LINE
8
F.Silkscreen
6
CONTINUOUS
10
4.8949028740157479
20
-3.7623198425196849
11
4.9061899606299209
21
-3.7653442125984253
0
LINE
8
F.Silkscreen
6
CONTINUOUS
10
4.9061899606299209
20
-3.7653442125984253
11
4.9169857480314958
21
-3.7698159842519683
0
LINE
8
F.Silkscreen
6
CONTINUOUS
10
4.9169857480314958
20
-3.7698159842519683
11
4.9271055118110239
21
-3.7756586220472439
0
LINE
8
F.Silkscreen
6
CONTINUOUS
10
4.9271055118110239
20
-3.7756586220472439
11
4.9363760629921263
21
-3.7827721653543307
0
LINE
8
F.Silkscreen
6
CONTINUOUS
10
4.9363760629921263
20
-3.7827721653543307
11
4.9446387795275593
21
-3.7910348818897637
0
LINE
8
F.Silkscreen
6
CONTINUOUS
10
4.9446387795275593
20
-3.7910348818897637
11
4.9517523228346452
21
-3.8003054330708661
0
LINE
8
F.Silkscreen
6
CONTINUOUS
10
4.9517523228346452
20
-3.8003054330708661
11
4.9575949606299208
21
-3.8104251968503937
0
LINE
8
F.Silkscreen
6
CONTINUOUS
10
4.9575949606299208
20
-3.8104251968503937
11
4.9620667322834642
21
-3.8212209842519682
0
LINE
8
F.Silkscreen
6
CONTINUOUS
10
4.9620667322834642
20
-3.8212209842519682
11
4.9650911023622042
21
-3.8325080708661416
0
LINE
8
F.Silkscreen
6
CONTINUOUS
10
4.9650911023622042
20
-3.8325080708661416
11
4.9666163385826767
21
-3.8440933858267714
0
LINE
8
F.Silkscreen
6
CONTINUOUS
10
4.9666163385826767
20
-3.8440933858267714
11
4.9666163385826767
21
-3.8557786614173226
0
LINE
8
F.Silkscreen
6
CONTINUOUS
10
4.9666163385826767
20
-3.8557786614173226
11
4.9650911023622042
21
-3.8673639763779528
0
LINE
8
F.Silkscreen
6
CONTINUOUS
10
4.9650911023622042
20
-3.8673639763779528
11
4.9620667322834642
21
-3.8786510629921258
0
LINE
8
F.Silkscreen
6
CONTINUOUS
10
4.9620667322834642
20
-3.8786510629921258
11
4.9575949606299208
21
-3.8894468503937007
0
LINE
8
F.Silkscreen
6
CONTINUOUS
10
4.9575949606299208
20
-3.8894468503937007
11
4.9517523228346452
21
-3.8995666141732284
0
LINE
8
F.Silkscreen
6
CONTINUOUS
10
4.9517523228346452
20
-3.8995666141732284
11
4.9446387795275593
21
-3.9088371653543308
0
LINE
8
F.Silkscreen
6
CONTINUOUS
10
4.9446387795275593
20
-3.9088371653543308
11
4.9363760629921263
21
-3.9170998818897638
0
LINE
8
F.Silkscreen
6
CONTINUOUS
10
4.9363760629921263
20
-3.9170998818897638
11
4.9271055118110239
21
-3.9242134251968501
0
LINE
8
F.Silkscreen
6
CONTINUOUS
10
4.9271055118110239
20
-3.9242134251968501
11
4.9169857480314958
21
-3.9300560629921257
0
LINE
8
F.Silkscreen
6
CONTINUOUS
10
4.9169857480314958
20
-3.9300560629921257
11
4.9061899606299209
21
-3.9345278346456691
0
LINE
8
F.Silkscreen
6
CONTINUOUS
10
4.9061899606299209
20
-3.9345278346456691
11
4.8949028740157479
21
-3.9375522047244091
0
LINE
8
F.Silkscreen
6
CONTINUOUS
10
4.8949028740157479
20
-3.9375522047244091
11
4.8833175590551177
21
-3.9390774409448817
0
LINE
8
F.Silkscreen
6
CONTINUOUS
10
4.8833175590551177
20
-3.9390774409448817
11
4.8716322834645664
21
-3.9390774409448817
0
LINE
8
F.Silkscreen
6
CONTINUOUS
10
4.8716322834645664
20
-3.9390774409448817
11
4.8600469685039371
21
-3.9375522047244091
0
LINE
8
F.Silkscreen
6
CONTINUOUS
10
4.8600469685039371
20
-3.9375522047244091
11
4.8487598818897633
21
-3.9345278346456691
0
LINE
8
F.Silkscreen
6
CONTINUOUS
10
4.8487598818897633
20
-3.9345278346456691
11
4.8379640944881892
21
-3.9300560629921257
0
LINE
8
F.Silkscreen
6
CONTINUOUS
10
4.8379640944881892
20
-3.9300560629921257
11
4.8278443307086611
21
-3.9242134251968501
0
LINE
8
F.Silkscreen
6
CONTINUOUS
10
4.8278443307086611
20
-3.9242134251968501
11
4.8185737795275587
21
-3.9170998818897638
0
LINE
8
F.Silkscreen
6
CONTINUOUS
10
4.8185737795275587
20
-3.9170998818897638
11
4.8103110629921257
21
-3.9088371653543308
0
LINE
8
F.Silkscreen
6
CONTINUOUS
10
4.8103110629921257
20
-3.9088371653543308
11
4.8031975196850389
21
-3.8995666141732284
0
LINE
8
F.Silkscreen
6
CONTINUOUS
10
4.8031975196850389
20
-3.8995666141732284
11
4.7973548818897633
21
-3.8894468503937007
0
LINE
8
F.Silkscreen
6
CONTINUOUS
10
4.7973548818897633
20
-3.8894468503937007
11
4.7928831102362199
21
-3.8786510629921258
0
LINE
8
F.Silkscreen
6
CONTINUOUS
10
4.7928831102362199
20
-3.8786510629921258
11
4.7898587401574799
21
-3.8673639763779528
0
LINE
8
F.Silkscreen
6
CONTINUOUS
10
4.7898587401574799
20
-3.8673639763779528
11
4.7883335039370074
21
-3.8557786614173226
0
LINE
8
F.Silkscreen
6
CONTINUOUS
10
4.7883335039370074
20
-3.8557786614173226
11
4.7883335039370074
21
-3.8441791732283463
0
LINE
8
F.Silkscreen
6
CONTINUOUS
10
4.7883335039370074
20
-3.8441791732283463
11
4.7883335039370074
21
-3.8440933858267714
0
LINE
8
F.Silkscreen
6
CONTINUOUS
10
4.7883335039370074
20
-3.8440933858267714
11
4.7898587401574799
21
-3.8325080708661416
0
LINE
8
F.Silkscreen
6
CONTINUOUS
10
4.7898587401574799
20
-3.8325080708661416
11
4.7928831102362199
21
-3.8212209842519682
0
LINE
8
F.Silkscreen
6
CONTINUOUS
10
4.7928831102362199
20
-3.8212209842519682
11
4.7973548818897633
21
-3.8104251968503937
0
LINE
8
F.Silkscreen
6
CONTINUOUS
10
4.7973548818897633
20
-3.8104251968503937
11
4.8031975196850389
21
-3.8003054330708661
0
LINE
8
F.Silkscreen
6
CONTINUOUS
10
4.8031975196850389
20
-3.8003054330708661
11
4.8103110629921257
21
-3.7910348818897637
0
LINE
8
F.Silkscreen
6
CONTINUOUS
10
4.8103110629921257
20
-3.7910348818897637
11
4.8185737795275587
21
-3.7827721653543307
0
LINE
8
F.Silkscreen
6
CONTINUOUS
10
4.8185737795275587
20
-3.7827721653543307
11
4.8278443307086611
21
-3.7756586220472439
0
LINE
8
F.Silkscreen
6
CONTINUOUS
10
4.8278443307086611
20
-3.7756586220472439
11
4.8379640944881892
21
-3.7698159842519683
0
LINE
8
F.Silkscreen
6
CONTINUOUS
10
4.8379640944881892
20
-3.7698159842519683
11
4.8487598818897633
21
-3.7653442125984253
0
LINE
8
F.Silkscreen
6
CONTINUOUS
10
4.8487598818897633
20
-3.7653442125984253
11
4.8600469685039371
21
-3.7623198425196849
0
LINE
8
F.Silkscreen
6
CONTINUOUS
10
4.8600469685039371
20
-3.7623198425196849
11
4.8716322834645664
21
-3.7607946062992124
0
LINE
8
F.Silkscreen
6
CONTINUOUS
10
4.8716322834645664
20
-3.7607946062992124
11
4.8833175590551177
21
-3.7607946062992124
0
LINE
8
F.Silkscreen
6
CONTINUOUS
10
4.8833175590551177
20
-3.7607946062992124
11
4.8949028740157479
21
-3.7623198425196849
0
LINE
8
F.Silkscreen
6
CONTINUOUS
10
4.7896422440944884
20
-3.8556928740157481
11
4.7911450787401577
21
-3.8671081102362206
0
LINE
8
F.Silkscreen
6
CONTINUOUS
10
4.7911450787401577
20
-3.8671081102362206
11
4.7941250393700789
21
-3.8782294881889765
0
LINE
8
F.Silkscreen
6
CONTINUOUS
10
4.7941250393700789
20
-3.8782294881889765
11
4.7985311417322833
21
-3.888866771653543
0
LINE
8
F.Silkscreen
6
CONTINUOUS
10
4.7985311417322833
20
-3.888866771653543
11
4.8042880314960632
21
-3.8988379527559056
0
LINE
8
F.Silkscreen
6
CONTINUOUS
10
4.8042880314960632
20
-3.8988379527559056
11
4.8112971259842521
21
-3.9079724015748032
0
LINE
8
F.Silkscreen
6
CONTINUOUS
10
4.8112971259842521
20
-3.9079724015748032
11
4.8194385433070863
21
-3.9161138188976379
0
LINE
8
F.Silkscreen
6
CONTINUOUS
10
4.8194385433070863
20
-3.9161138188976379
11
4.8285729921259843
21
-3.9231229133858267
0
LINE
8
F.Silkscreen
6
CONTINUOUS
10
4.8285729921259843
20
-3.9231229133858267
11
4.8385441732283461
21
-3.9288798031496062
0
LINE
8
F.Silkscreen
6
CONTINUOUS
10
4.8385441732283461
20
-3.9288798031496062
11
4.8491814566929135
21
-3.933285905511811
0
LINE
8
F.Silkscreen
6
CONTINUOUS
10
4.8491814566929135
20
-3.933285905511811
11
4.8603028346456689
21
-3.9362658661417322
0
LINE
8
F.Silkscreen
6
CONTINUOUS
10
4.8603028346456689
20
-3.9362658661417322
11
4.8717180708661418
21
-3.9377687007874016
0
LINE
8
F.Silkscreen
6
CONTINUOUS
10
4.8717180708661418
20
-3.9377687007874016
11
4.8832317716535432
21
-3.9377687007874016
0
LINE
8
F.Silkscreen
6
CONTINUOUS
10
4.8832317716535432
20
-3.9377687007874016
11
4.8946470078740161
21
-3.9362658661417322
0
LINE
8
F.Silkscreen
6
CONTINUOUS
10
4.8946470078740161
20
-3.9362658661417322
11
4.9057683858267715
21
-3.933285905511811
0
LINE
8
F.Silkscreen
6
CONTINUOUS
10
4.9057683858267715
20
-3.933285905511811
11
4.916405669291338
21
-3.9288798031496062
0
LINE
8
F.Silkscreen
6
CONTINUOUS
10
4.916405669291338
20
-3.9288798031496062
11
4.9263768503937007
21
-3.9231229133858267
0
LINE
8
F.Silkscreen
6
CONTINUOUS
10
4.9263768503937007
20
-3.9231229133858267
11
4.9355112992125987
21
-3.9161138188976379
0
LINE
8
F.Silkscreen
6
CONTINUOUS
10
4.9355112992125987
20
-3.9161138188976379
11
4.9436527165354329
21
-3.9079724015748032
0
LINE
8
F.Silkscreen
6
CONTINUOUS
10
4.9436527165354329
20
-3.9079724015748032
11
4.9506618110236218
21
-3.8988379527559056
0
LINE
8
F.Silkscreen
6
CONTINUOUS
10
4.9506618110236218
20
-3.8988379527559056
11
4.9564187007874017
21
-3.888866771653543
0
LINE
8
F.Silkscreen
6
CONTINUOUS
10
4.9564187007874017
20
-3.888866771653543
11
4.9608248031496061
21
-3.8782294881889765
0
LINE
8
F.Silkscreen
6
CONTINUOUS
10
4.9608248031496061
20
-3.8782294881889765
11
4.9638047637795273
21
-3.8671081102362206
0
LINE
8
F.Silkscreen
6
CONTINUOUS
10
4.9638047637795273
20
-3.8671081102362206
11
4.9653075984251966
21
-3.8556928740157481
0
LINE
8
F.Silkscreen
6
CONTINUOUS
10
4.9653075984251966
20
-3.8556928740157481
11
4.9653075984251966
21
-3.8441791732283463
0
LINE
8
F.Silkscreen
6
CONTINUOUS
10
4.9653075984251966
20
-3.8441791732283463
11
4.9638047637795273
21
-3.8327639370078739
0
LINE
8
F.Silkscreen
6
CONTINUOUS
10
4.9638047637795273
20
-3.8327639370078739
11
4.9608248031496061
21
-3.821642559055118
0
LINE
8
F.Silkscreen
6
CONTINUOUS
10
4.9608248031496061
20
-3.821642559055118
11
4.9564187007874017
21
-3.811005275590551
0
LINE
8
F.Silkscreen
6
CONTINUOUS
10
4.9564187007874017
20
-3.811005275590551
11
4.9506618110236218
21
-3.8010340944881889
0
LINE
8
F.Silkscreen
6
CONTINUOUS
10
4.9506618110236218
20
-3.8010340944881889
11
4.9436527165354329
21
-3.7918996456692913
0
LINE
8
F.Silkscreen
6
CONTINUOUS
10
4.9436527165354329
20
-3.7918996456692913
11
4.9355112992125987
21
-3.7837582283464566
0
LINE
8
F.Silkscreen
6
CONTINUOUS
10
4.9355112992125987
20
-3.7837582283464566
11
4.9263768503937007
21
-3.7767491338582677
0
LINE
8
F.Silkscreen
6
CONTINUOUS
10
4.9263768503937007
20
-3.7767491338582677
11
4.916405669291338
21
-3.7709922440944883
0
LINE
8
F.Silkscreen
6
CONTINUOUS
10
4.916405669291338
20
-3.7709922440944883
11
4.9057683858267715
21
-3.7665861417322835
0
LINE
8
F.Silkscreen
6
CONTINUOUS
10
4.9057683858267715
20
-3.7665861417322835
11
4.8946470078740161
21
-3.7636061811023622
0
LINE
8
F.Silkscreen
6
CONTINUOUS
10
4.8946470078740161
20
-3.7636061811023622
11
4.8832317716535432
21
-3.7621033464566929
0
LINE
8
F.Silkscreen
6
CONTINUOUS
10
4.8832317716535432
20
-3.7621033464566929
11
4.8717180708661418
21
-3.7621033464566929
0
LINE
8
F.Silkscreen
6
CONTINUOUS
10
4.8717180708661418
20
-3.7621033464566929
11
4.8603028346456689
21
-3.7636061811023622
0
LINE
8
F.Silkscreen
6
CONTINUOUS
10
4.8603028346456689
20
-3.7636061811023622
11
4.8491814566929135
21
-3.7665861417322835
0
LINE
8
F.Silkscreen
6
CONTINUOUS
10
4.8491814566929135
20
-3.7665861417322835
11
4.8385441732283461
21
-3.7709922440944883
0
LINE
8
F.Silkscreen
6
CONTINUOUS
10
4.8385441732283461
20
-3.7709922440944883
11
4.8285729921259843
21
-3.7767491338582677
0
LINE
8
F.Silkscreen
6
CONTINUOUS
10
4.8285729921259843
20
-3.7767491338582677
11
4.8194385433070863
21
-3.7837582283464566
0
LINE
8
F.Silkscreen
6
CONTINUOUS
10
4.8194385433070863
20
-3.7837582283464566
11
4.8112971259842521
21
-3.7918996456692913
0
LINE
8
F.Silkscreen
6
CONTINUOUS
10
4.8112971259842521
20
-3.7918996456692913
11
4.8042880314960632
21
-3.8010340944881889
0
LINE
8
F.Silkscreen
6
CONTINUOUS
10
4.8042880314960632
20
-3.8010340944881889
11
4.7985311417322833
21
-3.811005275590551
0
LINE
8
F.Silkscreen
6
CONTINUOUS
10
4.7985311417322833
20
-3.811005275590551
11
4.7941250393700789
21
-3.821642559055118
0
LINE
8
F.Silkscreen
6
CONTINUOUS
10
4.7941250393700789
20
-3.821642559055118
11
4.7911450787401577
21
-3.8327639370078739
0
LINE
8
F.Silkscreen
6
CONTINUOUS
10
4.7911450787401577
20
-3.8327639370078739
11
4.7896422440944884
21
-3.8441791732283463
0
LINE
8
F.Silkscreen
6
CONTINUOUS
10
4.7896422440944884
20
-3.8441791732283463
11
4.7896422440944884
21
-3.8556928740157481
0
LINE
8
F.Silkscreen
6
CONTINUOUS
10
4.2427741338582674
20
-3.4282876771653541
11
4.2551617322834643
21
-3.4307516929133857
0
LINE
8
F.Silkscreen
6
CONTINUOUS
10
4.2551617322834643
20
-3.4307516929133857
11
4.267248188976378
21
-3.4344180708661418
0
LINE
8
F.Silkscreen
6
CONTINUOUS
10
4.267248188976378
20
-3.4344180708661418
11
4.2789170472440947
21
-3.4392514960629921
0
LINE
8
F.Silkscreen
6
CONTINUOUS
10
4.2789170472440947
20
-3.4392514960629921
11
4.2900559842519685
21
-3.4452053543307084
0
LINE
8
F.Silkscreen
6
CONTINUOUS
10
4.2900559842519685
20
-3.4452053543307084
11
4.3005576771653544
21
-3.4522223622047243
0
LINE
8
F.Silkscreen
6
CONTINUOUS
10
4.3005576771653544
20
-3.4522223622047243
11
4.3103210236220475
21
-3.4602349606299212
0
LINE
8
F.Silkscreen
6
CONTINUOUS
10
4.3103210236220475
20
-3.4602349606299212
11
4.319251968503937
21
-3.4691659055118111
0
LINE
8
F.Silkscreen
6
CONTINUOUS
10
4.319251968503937
20
-3.4691659055118111
11
4.3272645669291334
21
-3.4789292519685038
0
LINE
8
F.Silkscreen
6
CONTINUOUS
10
4.3272645669291334
20
-3.4789292519685038
11
4.3342815748031498
21
-3.4894309448818897
0
LINE
8
F.Silkscreen
6
CONTINUOUS
10
4.3342815748031498
20
-3.4894309448818897
11
4.3402354330708661
21
-3.5005698818897635
0
LINE
8
F.Silkscreen
6
CONTINUOUS
10
4.3402354330708661
20
-3.5005698818897635
11
4.3450688582677168
21
-3.5122387401574802
0
LINE
8
F.Silkscreen
6
CONTINUOUS
10
4.3450688582677168
20
-3.5122387401574802
11
4.3487352362204721
21
-3.5243251968503935
0
LINE
8
F.Silkscreen
6
CONTINUOUS
10
4.3487352362204721
20
-3.5243251968503935
11
4.3511992519685041
21
-3.5367127952755903
0
LINE
8
F.Silkscreen
6
CONTINUOUS
10
4.3511992519685041
20
-3.5367127952755903
11
4.3524372440944878
21
-3.549282244094488
0
LINE
8
F.Silkscreen
6
CONTINUOUS
10
4.3524372440944878
20
-3.549282244094488
11
4.3524372440944878
21
-3.5619125590551182
0
LINE
8
F.Silkscreen
6
CONTINUOUS
10
4.3524372440944878
20
-3.5619125590551182
11
4.3511992519685041
21
-3.5744820078740158
0
LINE
8
F.Silkscreen
6
CONTINUOUS
10
4.3511992519685041
20
-3.5744820078740158
11
4.3487352362204721
21
-3.5868696062992127
0
LINE
8
F.Silkscreen
6
CONTINUOUS
10
4.3487352362204721
20
-3.5868696062992127
11
4.3450688582677168
21
-3.598956062992126
0
LINE
8
F.Silkscreen
6
CONTINUOUS
10
4.3450688582677168
20
-3.598956062992126
11
4.3402354330708661
21
-3.6106249212598422
0
LINE
8
F.Silkscreen
6
CONTINUOUS
10
4.3402354330708661
20
-3.6106249212598422
11
4.3342815748031498
21
-3.6217638582677165
0
LINE
8
F.Silkscreen
6
CONTINUOUS
10
4.3342815748031498
20
-3.6217638582677165
11
4.3272645669291334
21
-3.6322655511811024
0
LINE
8
F.Silkscreen
6
CONTINUOUS
10
4.3272645669291334
20
-3.6322655511811024
11
4.319251968503937
21
-3.642028897637795
0
LINE
8
F.Silkscreen
6
CONTINUOUS
10
4.319251968503937
20
-3.642028897637795
11
4.3103210236220475
21
-3.650959842519685
0
LINE
8
F.Silkscreen
6
CONTINUOUS
10
4.3103210236220475
20
-3.650959842519685
11
4.3005576771653544
21
-3.6589724409448818
0
LINE
8
F.Silkscreen
6
CONTINUOUS
10
4.3005576771653544
20
-3.6589724409448818
11
4.2900559842519685
21
-3.6659894488188978
0
LINE
8
F.Silkscreen
6
CONTINUOUS
10
4.2900559842519685
20
-3.6659894488188978
11
4.2789170472440947
21
-3.6719433070866141
0
LINE
8
F.Silkscreen
6
CONTINUOUS
10
4.2789170472440947
20
-3.6719433070866141
11
4.267248188976378
21
-3.6767767322834644
0
LINE
8
F.Silkscreen
6
CONTINUOUS
10
4.267248188976378
20
-3.6767767322834644
11
4.2551617322834643
21
-3.6804431102362205
0
LINE
8
F.Silkscreen
6
CONTINUOUS
10
4.2551617322834643
20
-3.6804431102362205
11
4.2427741338582674
21
-3.6829071259842521
0
LINE
8
F.Silkscreen
6
CONTINUOUS
10
4.2427741338582674
20
-3.6829071259842521
11
4.2302046850393697
21
-3.6841451181102363
0
LINE
8
F.Silkscreen
6
CONTINUOUS
10
4.2302046850393697
20
-3.6841451181102363
11
4.21757437007874
21
-3.6841451181102363
0
LINE
8
F.Silkscreen
6
CONTINUOUS
10
4.21757437007874
20
-3.6841451181102363
11
4.2050049212598424
21
-3.6829071259842521
0
LINE
8
F.Silkscreen
6
CONTINUOUS
10
4.2050049212598424
20
-3.6829071259842521
11
4.1926173228346455
21
-3.6804431102362205
0
LINE
8
F.Silkscreen
6
CONTINUOUS
10
4.1926173228346455
20
-3.6804431102362205
11
4.1805308661417317
21
-3.6767767322834644
0
LINE
8
F.Silkscreen
6
CONTINUOUS
10
4.1805308661417317
20
-3.6767767322834644
11
4.168862007874016
21
-3.6719433070866141
0
LINE
8
F.Silkscreen
6
CONTINUOUS
10
4.168862007874016
20
-3.6719433070866141
11
4.1577230708661412
21
-3.6659894488188978
0
LINE
8
F.Silkscreen
6
CONTINUOUS
10
4.1577230708661412
20
-3.6659894488188978
11
4.1472213779527562
21
-3.6589724409448818
0
LINE
8
F.Silkscreen
6
CONTINUOUS
10
4.1472213779527562
20
-3.6589724409448818
11
4.1374580314960632
21
-3.650959842519685
0
LINE
8
F.Silkscreen
6
CONTINUOUS
10
4.1374580314960632
20
-3.650959842519685
11
4.1285270866141728
21
-3.642028897637795
0
LINE
8
F.Silkscreen
6
CONTINUOUS
10
4.1285270866141728
20
-3.642028897637795
11
4.1205144881889764
21
-3.6322655511811024
0
LINE
8
F.Silkscreen
6
CONTINUOUS
10
4.1205144881889764
20
-3.6322655511811024
11
4.1134974803149609
21
-3.6217638582677165
0
LINE
8
F.Silkscreen
6
CONTINUOUS
10
4.1134974803149609
20
-3.6217638582677165
11
4.1075436220472437
21
-3.6106249212598422
0
LINE
8
F.Silkscreen
6
CONTINUOUS
10
4.1075436220472437
20
-3.6106249212598422
11
4.1027101968503938
21
-3.598956062992126
0
LINE
8
F.Silkscreen
6
CONTINUOUS
10
4.1027101968503938
20
-3.598956062992126
11
4.0990438188976377
21
-3.5868696062992127
0
LINE
8
F.Silkscreen
6
CONTINUOUS
10
4.0990438188976377
20
-3.5868696062992127
11
4.0965798031496066
21
-3.5744820078740158
0
LINE
8
F.Silkscreen
6
CONTINUOUS
10
4.0965798031496066
20
-3.5744820078740158
11
4.0953418110236219
21
-3.5619125590551182
0
LINE
8
F.Silkscreen
6
CONTINUOUS
10
4.0953418110236219
20
-3.5619125590551182
11
4.0953418110236219
21
-3.549282244094488
0
LINE
8
F.Silkscreen
6
CONTINUOUS
10
4.0953418110236219
20
-3.549282244094488
11
4.0954233858267717
21
-3.5484538582677163
0
LINE
8
F.Silkscreen
6
CONTINUOUS
10
4.0954233858267717
20
-3.5484538582677163
11
4.0965798031496066
21
-3.5367127952755903
0
LINE
8
F.Silkscreen
6
CONTINUOUS
10
4.0965798031496066
20
-3.5367127952755903
11
4.0990438188976377
21
-3.5243251968503935
0
LINE
8
F.Silkscreen
6
CONTINUOUS
10
4.0990438188976377
20
-3.5243251968503935
11
4.1027101968503938
21
-3.5122387401574802
0
LINE
8
F.Silkscreen
6
CONTINUOUS
10
4.1027101968503938
20
-3.5122387401574802
11
4.1075436220472437
21
-3.5005698818897635
0
LINE
8
F.Silkscreen
6
CONTINUOUS
10
4.1075436220472437
20
-3.5005698818897635
11
4.1134974803149609
21
-3.4894309448818897
0
LINE
8
F.Silkscreen
6
CONTINUOUS
10
4.1134974803149609
20
-3.4894309448818897
11
4.1205144881889764
21
-3.4789292519685038
0
LINE
8
F.Silkscreen
6
CONTINUOUS
10
4.1205144881889764
20
-3.4789292519685038
11
4.1285270866141728
21
-3.4691659055118111
0
LINE
8
F.Silkscreen
6
CONTINUOUS
10
4.1285270866141728
20
-3.4691659055118111
11
4.1374580314960632
21
-3.4602349606299212
0
LINE
8
F.Silkscreen
6
CONTINUOUS
10
4.1374580314960632
20
-3.4602349606299212
11
4.1472213779527562
21
-3.4522223622047243
0
LINE
8
F.Silkscreen
6
CONTINUOUS
10
4.1472213779527562
20
-3.4522223622047243
11
4.1577230708661412
21
-3.4452053543307084
0
LINE
8
F.Silkscreen
6
CONTINUOUS
10
4.1577230708661412
20
-3.4452053543307084
11
4.168862007874016
21
-3.4392514960629921
0
LINE
8
F.Silkscreen
6
CONTINUOUS
10
4.168862007874016
20
-3.4392514960629921
11
4.1805308661417317
21
-3.4344180708661418
0
LINE
8
F.Silkscreen
6
CONTINUOUS
10
4.1805308661417317
20
-3.4344180708661418
11
4.1926173228346455
21
-3.4307516929133857
0
LINE
8
F.Silkscreen
6
CONTINUOUS
10
4.1926173228346455
20
-3.4307516929133857
11
4.2050049212598424
21
-3.4282876771653541
0
LINE
8
F.Silkscreen
6
CONTINUOUS
10
4.2050049212598424
20
-3.4282876771653541
11
4.21757437007874
21
-3.4270496850393699
0
LINE
8
F.Silkscreen
6
CONTINUOUS
10
4.21757437007874
20
-3.4270496850393699
11
4.2302046850393697
21
-3.4270496850393699
0
LINE
8
F.Silkscreen
6
CONTINUOUS
10
4.2302046850393697
20
-3.4270496850393699
11
4.2427741338582674
21
-3.4282876771653541
0
LINE
8
F.Silkscreen
6
CONTINUOUS
10
4.0966867716535429
20
-3.5627409448818899
11
4.0982864173228348
21
-3.5769382283464566
0
LINE
8
F.Silkscreen
6
CONTINUOUS
10
4.0982864173228348
20
-3.5769382283464566
11
4.1014655905511814
21
-3.5908671259842517
0
LINE
8
F.Silkscreen
6
CONTINUOUS
10
4.1014655905511814
20
-3.5908671259842517
11
4.1061843307086612
21
-3.6043524803149607
0
LINE
8
F.Silkscreen
6
CONTINUOUS
10
4.1061843307086612
20
-3.6043524803149607
11
4.1123832677165355
21
-3.6172247244094486
0
LINE
8
F.Silkscreen
6
CONTINUOUS
10
4.1123832677165355
20
-3.6172247244094486
11
4.119984488188976
21
-3.6293219685039371
0
LINE
8
F.Silkscreen
6
CONTINUOUS
10
4.119984488188976
20
-3.6293219685039371
11
4.1288923228346457
21
-3.6404920866141732
0
LINE
8
F.Silkscreen
6
CONTINUOUS
10
4.1288923228346457
20
-3.6404920866141732
11
4.1389948425196845
21
-3.6505946062992125
0
LINE
8
F.Silkscreen
6
CONTINUOUS
10
4.1389948425196845
20
-3.6505946062992125
11
4.1501649606299216
21
-3.6595024409448818
0
LINE
8
F.Silkscreen
6
CONTINUOUS
10
4.1501649606299216
20
-3.6595024409448818
11
4.1622622047244091
21
-3.6671036614173227
0
LINE
8
F.Silkscreen
6
CONTINUOUS
10
4.1622622047244091
20
-3.6671036614173227
11
4.1751344488188975
21
-3.6733025984251966
0
LINE
8
F.Silkscreen
6
CONTINUOUS
10
4.1751344488188975
20
-3.6733025984251966
11
4.1886198031496065
21
-3.6780213385826772
0
LINE
8
F.Silkscreen
6
CONTINUOUS
10
4.1886198031496065
20
-3.6780213385826772
11
4.2025487007874016
21
-3.6812005118110234
0
LINE
8
F.Silkscreen
6
CONTINUOUS
10
4.2025487007874016
20
-3.6812005118110234
11
4.2167459842519683
21
-3.6828001574803149
0
LINE
8
F.Silkscreen
6
CONTINUOUS
10
4.2167459842519683
20
-3.6828001574803149
11
4.2310330708661414
21
-3.6828001574803149
0
LINE
8
F.Silkscreen
6
CONTINUOUS
10
4.2310330708661414
20
-3.6828001574803149
11
4.2452303543307082
21
-3.6812005118110234
0
LINE
8
F.Silkscreen
6
CONTINUOUS
10
4.2452303543307082
20
-3.6812005118110234
11
4.2591592519685042
21
-3.6780213385826772
0
LINE
8
F.Silkscreen
6
CONTINUOUS
10
4.2591592519685042
20
-3.6780213385826772
11
4.2726446062992123
21
-3.6733025984251966
0
LINE
8
F.Silkscreen
6
CONTINUOUS
10
4.2726446062992123
20
-3.6733025984251966
11
4.2855168503937007
21
-3.6671036614173227
0
LINE
8
F.Silkscreen
6
CONTINUOUS
10
4.2855168503937007
20
-3.6671036614173227
11
4.2976140944881891
21
-3.6595024409448818
0
LINE
8
F.Silkscreen
6
CONTINUOUS
10
4.2976140944881891
20
-3.6595024409448818
11
4.3087842125984253
21
-3.6505946062992125
0
LINE
8
F.Silkscreen
6
CONTINUOUS
10
4.3087842125984253
20
-3.6505946062992125
11
4.3188867322834641
21
-3.6404920866141732
0
LINE
8
F.Silkscreen
6
CONTINUOUS
10
4.3188867322834641
20
-3.6404920866141732
11
4.3277945669291338
21
-3.6293219685039371
0
LINE
8
F.Silkscreen
6
CONTINUOUS
10
4.3277945669291338
20
-3.6293219685039371
11
4.3353957874015743
21
-3.6172247244094486
0
LINE
8
F.Silkscreen
6
CONTINUOUS
10
4.3353957874015743
20
-3.6172247244094486
11
4.3415947244094486
21
-3.6043524803149607
0
LINE
8
F.Silkscreen
6
CONTINUOUS
10
4.3415947244094486
20
-3.6043524803149607
11
4.3463134645669292
21
-3.5908671259842517
0
LINE
8
F.Silkscreen
6
CONTINUOUS
10
4.3463134645669292
20
-3.5908671259842517
11
4.3494926377952758
21
-3.5769382283464566
0
LINE
8
F.Silkscreen
6
CONTINUOUS
10
4.3494926377952758
20
-3.5769382283464566
11
4.3510922834645669
21
-3.5627409448818899
0
LINE
8
F.Silkscreen
6
CONTINUOUS
10
4.3510922834645669
20
-3.5627409448818899
11
4.3510922834645669
21
-3.5484538582677163
0
LINE
8
F.Silkscreen
6
CONTINUOUS
10
4.3510922834645669
20
-3.5484538582677163
11
4.3494926377952758
21
-3.5342565748031496
0
LINE
8
F.Silkscreen
6
CONTINUOUS
10
4.3494926377952758
20
-3.5342565748031496
11
4.3463134645669292
21
-3.5203276771653544
0
LINE
8
F.Silkscreen
6
CONTINUOUS
10
4.3463134645669292
20
-3.5203276771653544
11
4.3415947244094486
21
-3.5068423228346455
0
LINE
8
F.Silkscreen
6
CONTINUOUS
10
4.3415947244094486
20
-3.5068423228346455
11
4.3353957874015743
21
-3.4939700787401575
0
LINE
8
F.Silkscreen
6
CONTINUOUS
10
4.3353957874015743
20
-3.4939700787401575
11
4.3277945669291338
21
-3.4818728346456691
0
LINE
8
F.Silkscreen
6
CONTINUOUS
10
4.3277945669291338
20
-3.4818728346456691
11
4.3188867322834641
21
-3.4707027165354329
0
LINE
8
F.Silkscreen
6
CONTINUOUS
10
4.3188867322834641
20
-3.4707027165354329
11
4.3087842125984253
21
-3.4606001968503937
0
LINE
8
F.Silkscreen
6
CONTINUOUS
10
4.3087842125984253
20
-3.4606001968503937
11
4.2976140944881891
21
-3.4516923622047244
0
LINE
8
F.Silkscreen
6
CONTINUOUS
10
4.2976140944881891
20
-3.4516923622047244
11
4.2855168503937007
21
-3.4440911417322835
0
LINE
8
F.Silkscreen
6
CONTINUOUS
10
4.2855168503937007
20
-3.4440911417322835
11
4.2726446062992123
21
-3.4378922047244092
0
LINE
8
F.Silkscreen
6
CONTINUOUS
10
4.2726446062992123
20
-3.4378922047244092
11
4.2591592519685042
21
-3.433173464566929
0
LINE
8
F.Silkscreen
6
CONTINUOUS
10
4.2591592519685042
20
-3.433173464566929
11
4.2452303543307082
21
-3.4299942913385828
0
LINE
8
F.Silkscreen
6
CONTINUOUS
10
4.2452303543307082
20
-3.4299942913385828
11
4.2310330708661414
21
-3.4283946456692913
0
LINE
8
F.Silkscreen
6
CONTINUOUS
10
4.2310330708661414
20
-3.4283946456692913
11
4.2167459842519683
21
-3.4283946456692913
0
LINE
8
F.Silkscreen
6
CONTINUOUS
10
4.2167459842519683
20
-3.4283946456692913
11
4.2025487007874016
21
-3.4299942913385828
0
LINE
8
F.Silkscreen
6
CONTINUOUS
10
4.2025487007874016
20
-3.4299942913385828
11
4.1886198031496065
21
-3.433173464566929
0
LINE
8
F.Silkscreen
6
CONTINUOUS
10
4.1886198031496065
20
-3.433173464566929
11
4.1751344488188975
21
-3.4378922047244092
0
LINE
8
F.Silkscreen
6
CONTINUOUS
10
4.1751344488188975
20
-3.4378922047244092
11
4.1622622047244091
21
-3.4440911417322835
0
LINE
8
F.Silkscreen
6
CONTINUOUS
10
4.1622622047244091
20
-3.4440911417322835
11
4.1501649606299216
21
-3.4516923622047244
0
LINE
8
F.Silkscreen
6
CONTINUOUS
10
4.1501649606299216
20
-3.4516923622047244
11
4.1389948425196845
21
-3.4606001968503937
0
LINE
8
F.Silkscreen
6
CONTINUOUS
10
4.1389948425196845
20
-3.4606001968503937
11
4.1288923228346457
21
-3.4707027165354329
0
LINE
8
F.Silkscreen
6
CONTINUOUS
10
4.1288923228346457
20
-3.4707027165354329
11
4.119984488188976
21
-3.4818728346456691
0
LINE
8
F.Silkscreen
6
CONTINUOUS
10
4.119984488188976
20
-3.4818728346456691
11
4.1123832677165355
21
-3.4939700787401575
0
LINE
8
F.Silkscreen
6
CONTINUOUS
10
4.1123832677165355
20
-3.4939700787401575
11
4.1061843307086612
21
-3.5068423228346455
0
LINE
8
F.Silkscreen
6
CONTINUOUS
10
4.1061843307086612
20
-3.5068423228346455
11
4.1014655905511814
21
-3.5203276771653544
0
LINE
8
F.Silkscreen
6
CONTINUOUS
10
4.1014655905511814
20
-3.5203276771653544
11
4.0982864173228348
21
-3.5342565748031496
0
LINE
8
F.Silkscreen
6
CONTINUOUS
10
4.0982864173228348
20
-3.5342565748031496
11
4.0966867716535429
21
-3.5484538582677163
0
LINE
8
F.Silkscreen
6
CONTINUOUS
10
4.0966867716535429
20
-3.5484538582677163
11
4.0966867716535429
21
-3.5627409448818899
0
LINE
8
F.Silkscreen
6
CONTINUOUS
10
3.7975309448818897
20
-1.9234163779527558
11
3.7979368503937008
21
-1.9238222834645669
0
LINE
8
F.Silkscreen
6
CONTINUOUS
10
3.7979368503937008
20
-1.9238222834645669
11
3.7979939370078739
21
-1.9241092913385827
0
LINE
8
F.Silkscreen
6
CONTINUOUS
10
3.7979939370078739
20
-1.9241092913385827
11
3.7979939370078739
21
-2.7508809448818896
0
LINE
8
F.Silkscreen
6
CONTINUOUS
10
3.7979939370078739
20
-2.7508809448818896
11
3.7979368503937008
21
-2.7511679527559054
0
LINE
8
F.Silkscreen
6
CONTINUOUS
10
3.7979368503937008
20
-2.7511679527559054
11
3.7975309448818897
21
-2.7515738582677165
0
LINE
8
F.Silkscreen
6
CONTINUOUS
10
3.7975309448818897
20
-2.7515738582677165
11
3.7972439370078739
21
-2.7516309448818896
0
LINE
8
F.Silkscreen
6
CONTINUOUS
10
3.7972439370078739
20
-2.7516309448818896
11
3.6791337007874017
21
-2.7516309448818896
0
LINE
8
F.Silkscreen
6
CONTINUOUS
10
3.6791337007874017
20
-2.7516309448818896
11
3.6788466929133858
21
-2.7515738582677165
0
LINE
8
F.Silkscreen
6
CONTINUOUS
10
3.6788466929133858
20
-2.7515738582677165
11
3.6784407874015748
21
-2.7511679527559054
0
LINE
8
F.Silkscreen
6
CONTINUOUS
10
3.6784407874015748
20
-2.7511679527559054
11
3.6783837007874016
21
-2.7508809448818896
0
LINE
8
F.Silkscreen
6
CONTINUOUS
10
3.6783837007874016
20
-2.7508809448818896
11
3.6783837007874016
21
-1.9241092913385827
0
LINE
8
F.Silkscreen
6
CONTINUOUS
10
3.6783837007874016
20
-1.9241092913385827
11
3.6784407874015748
21
-1.9238222834645669
0
LINE
8
F.Silkscreen
6
CONTINUOUS
10
3.6784407874015748
20
-1.9238222834645669
11
3.6788466929133858
21
-1.9234163779527558
0
LINE
8
F.Silkscreen
6
CONTINUOUS
10
3.6788466929133858
20
-1.9234163779527558
11
3.6791337007874017
21
-1.9233592913385826
0
LINE
8
F.Silkscreen
6
CONTINUOUS
10
3.6791337007874017
20
-1.9233592913385826
11
3.7972439370078739
21
-1.9233592913385826
0
LINE
8
F.Silkscreen
6
CONTINUOUS
10
3.7972439370078739
20
-1.9233592913385826
11
3.7975309448818897
21
-1.9234163779527558
0
LINE
8
F.Silkscreen
6
CONTINUOUS
10
3.6798837007874017
20
-1.9248592913385827
11
3.6798837007874017
21
-2.7501309448818896
0
LINE
8
F.Silkscreen
6
CONTINUOUS
10
3.6798837007874017
20
-2.7501309448818896
11
3.7964939370078739
21
-2.7501309448818896
0
LINE
8
F.Silkscreen
6
CONTINUOUS
10
3.7964939370078739
20
-2.7501309448818896
11
3.7964939370078739
21
-1.9248592913385827
0
LINE
8
F.Silkscreen
6
CONTINUOUS
10
3.7964939370078739
20
-1.9248592913385827
11
3.6798837007874017
21
-1.9248592913385827
0
LINE
8
F.Silkscreen
6
CONTINUOUS
10
5.4225114173228341
20
-1.9234163779527558
11
5.4229173228346452
21
-1.9238222834645669
0
LINE
8
F.Silkscreen
6
CONTINUOUS
10
5.4229173228346452
20
-1.9238222834645669
11
5.4229744094488188
21
-1.9241092913385827
0
LINE
8
F.Silkscreen
6
CONTINUOUS
10
5.4229744094488188
20
-1.9241092913385827
11
5.4229744094488188
21
-2.7508809448818896
0
LINE
8
F.Silkscreen
6
CONTINUOUS
10
5.4229744094488188
20
-2.7508809448818896
11
5.4229173228346452
21
-2.7511679527559054
0
LINE
8
F.Silkscreen
6
CONTINUOUS
10
5.4229173228346452
20
-2.7511679527559054
11
5.4225114173228341
21
-2.7515738582677165
0
LINE
8
F.Silkscreen
6
CONTINUOUS
10
5.4225114173228341
20
-2.7515738582677165
11
5.4222244094488188
21
-2.7516309448818896
0
LINE
8
F.Silkscreen
6
CONTINUOUS
10
5.4222244094488188
20
-2.7516309448818896
11
5.3041141732283466
21
-2.7516309448818896
0
LINE
8
F.Silkscreen
6
CONTINUOUS
10
5.3041141732283466
20
-2.7516309448818896
11
5.3038271653543303
21
-2.7515738582677165
0
LINE
8
F.Silkscreen
6
CONTINUOUS
10
5.3038271653543303
20
-2.7515738582677165
11
5.3034212598425192
21
-2.7511679527559054
0
LINE
8
F.Silkscreen
6
CONTINUOUS
10
5.3034212598425192
20
-2.7511679527559054
11
5.3033641732283465
21
-2.7508809448818896
0
LINE
8
F.Silkscreen
6
CONTINUOUS
10
5.3033641732283465
20
-2.7508809448818896
11
5.3033641732283465
21
-1.9241092913385827
0
LINE
8
F.Silkscreen
6
CONTINUOUS
10
5.3033641732283465
20
-1.9241092913385827
11
5.3034212598425192
21
-1.9238222834645669
0
LINE
8
F.Silkscreen
6
CONTINUOUS
10
5.3034212598425192
20
-1.9238222834645669
11
5.3038271653543303
21
-1.9234163779527558
0
LINE
8
F.Silkscreen
6
CONTINUOUS
10
5.3038271653543303
20
-1.9234163779527558
11
5.3041141732283466
21
-1.9233592913385826
0
LINE
8
F.Silkscreen
6
CONTINUOUS
10
5.3041141732283466
20
-1.9233592913385826
11
5.4222244094488188
21
-1.9233592913385826
0
LINE
8
F.Silkscreen
6
CONTINUOUS
10
5.4222244094488188
20
-1.9233592913385826
11
5.4225114173228341
21
-1.9234163779527558
0
LINE
8
F.Silkscreen
6
CONTINUOUS
10
5.3048641732283466
20
-1.9248592913385827
11
5.3048641732283466
21
-2.7501309448818896
0
LINE
8
F.Silkscreen
6
CONTINUOUS
10
5.3048641732283466
20
-2.7501309448818896
11
5.4214744094488188
21
-2.7501309448818896
0
LINE
8
F.Silkscreen
6
CONTINUOUS
10
5.4214744094488188
20
-2.7501309448818896
11
5.4214744094488188
21
-1.9248592913385827
0
LINE
8
F.Silkscreen
6
CONTINUOUS
10
5.4214744094488188
20
-1.9248592913385827
11
5.3048641732283466
21
-1.9248592913385827
0
LINE
8
F.Silkscreen
6
CONTINUOUS
10
4.069650196850394
20
-1.8793472834645668
11
4.0785753937007874
21
-1.8822472834645669
0
LINE
8
F.Silkscreen
6
CONTINUOUS
10
4.0785753937007874
20
-1.8822472834645669
11
4.0869370472440947
21
-1.8865077559055117
0
LINE
8
F.Silkscreen
6
CONTINUOUS
10
4.0869370472440947
20
-1.8865077559055117
11
4.0945292913385822
21
-1.8920238188976377
0
LINE
8
F.Silkscreen
6
CONTINUOUS
10
4.0945292913385822
20
-1.8920238188976377
11
4.101165157480315
21
-1.89865968503937
0
LINE
8
F.Silkscreen
6
CONTINUOUS
10
4.101165157480315
20
-1.89865968503937
11
4.1066812204724412
21
-1.9062519291338582
0
LINE
8
F.Silkscreen
6
CONTINUOUS
10
4.1066812204724412
20
-1.9062519291338582
11
4.1109416929133857
21
-1.9146135826771653
0
LINE
8
F.Silkscreen
6
CONTINUOUS
10
4.1109416929133857
20
-1.9146135826771653
11
4.1138416929133861
21
-1.9235387795275589
0
LINE
8
F.Silkscreen
6
CONTINUOUS
10
4.1138416929133861
20
-1.9235387795275589
11
4.1153097244094488
21
-1.9328077559055117
0
LINE
8
F.Silkscreen
6
CONTINUOUS
10
4.1153097244094488
20
-1.9328077559055117
11
4.1153097244094488
21
-1.9421922440944881
0
LINE
8
F.Silkscreen
6
CONTINUOUS
10
4.1153097244094488
20
-1.9421922440944881
11
4.1138416929133861
21
-1.9514612204724409
0
LINE
8
F.Silkscreen
6
CONTINUOUS
10
4.1138416929133861
20
-1.9514612204724409
11
4.1109416929133857
21
-1.9603864173228347
0
LINE
8
F.Silkscreen
6
CONTINUOUS
10
4.1109416929133857
20
-1.9603864173228347
11
4.1066812204724412
21
-1.9687480708661418
0
LINE
8
F.Silkscreen
6
CONTINUOUS
10
4.1066812204724412
20
-1.9687480708661418
11
4.101165157480315
21
-1.9763403149606298
0
LINE
8
F.Silkscreen
6
CONTINUOUS
10
4.101165157480315
20
-1.9763403149606298
11
4.0945292913385822
21
-1.9829761811023621
0
LINE
8
F.Silkscreen
6
CONTINUOUS
10
4.0945292913385822
20
-1.9829761811023621
11
4.0869370472440947
21
-1.9884922440944881
0
LINE
8
F.Silkscreen
6
CONTINUOUS
10
4.0869370472440947
20
-1.9884922440944881
11
4.0785753937007874
21
-1.9927527165354331
0
LINE
8
F.Silkscreen
6
CONTINUOUS
10
4.0785753937007874
20
-1.9927527165354331
11
4.069650196850394
21
-1.995652716535433
0
LINE
8
F.Silkscreen
6
CONTINUOUS
10
4.069650196850394
20
-1.995652716535433
11
4.0603812204724408
21
-1.9971207480314961
0
LINE
8
F.Silkscreen
6
CONTINUOUS
10
4.0603812204724408
20
-1.9971207480314961
11
4.0509967322834646
21
-1.9971207480314961
0
LINE
8
F.Silkscreen
6
CONTINUOUS
10
4.0509967322834646
20
-1.9971207480314961
11
4.0417277559055114
21
-1.995652716535433
0
LINE
8
F.Silkscreen
6
CONTINUOUS
10
4.0417277559055114
20
-1.995652716535433
11
4.032802559055118
21
-1.9927527165354331
0
LINE
8
F.Silkscreen
6
CONTINUOUS
10
4.032802559055118
20
-1.9927527165354331
11
4.0244409055118107
21
-1.9884922440944881
0
LINE
8
F.Silkscreen
6
CONTINUOUS
10
4.0244409055118107
20
-1.9884922440944881
11
4.0168486614173231
21
-1.9829761811023621
0
LINE
8
F.Silkscreen
6
CONTINUOUS
10
4.0168486614173231
20
-1.9829761811023621
11
4.0102127952755904
21
-1.9763403149606298
0
LINE
8
F.Silkscreen
6
CONTINUOUS
10
4.0102127952755904
20
-1.9763403149606298
11
4.0046967322834641
21
-1.9687480708661418
0
LINE
8
F.Silkscreen
6
CONTINUOUS
10
4.0046967322834641
20
-1.9687480708661418
11
4.0004362598425196
21
-1.9603864173228347
0
LINE
8
F.Silkscreen
6
CONTINUOUS
10
4.0004362598425196
20
-1.9603864173228347
11
3.9975362598425197
21
-1.9514612204724409
0
LINE
8
F.Silkscreen
6
CONTINUOUS
10
3.9975362598425197
20
-1.9514612204724409
11
3.9960682283464566
21
-1.9421922440944881
0
LINE
8
F.Silkscreen
6
CONTINUOUS
10
3.9960682283464566
20
-1.9421922440944881
11
3.9960682283464566
21
-1.9329112992125983
0
LINE
8
F.Silkscreen
6
CONTINUOUS
10
3.9960682283464566
20
-1.9329112992125983
11
3.9960682283464566
21
-1.9328077559055117
0
LINE
8
F.Silkscreen
6
CONTINUOUS
10
3.9960682283464566
20
-1.9328077559055117
11
3.9975362598425197
21
-1.9235387795275589
0
LINE
8
F.Silkscreen
6
CONTINUOUS
10
3.9975362598425197
20
-1.9235387795275589
11
4.0004362598425196
21
-1.9146135826771653
0
LINE
8
F.Silkscreen
6
CONTINUOUS
10
4.0004362598425196
20
-1.9146135826771653
11
4.0046967322834641
21
-1.9062519291338582
0
LINE
8
F.Silkscreen
6
CONTINUOUS
10
4.0046967322834641
20
-1.9062519291338582
11
4.0102127952755904
21
-1.89865968503937
0
LINE
8
F.Silkscreen
6
CONTINUOUS
10
4.0102127952755904
20
-1.89865968503937
11
4.0168486614173231
21
-1.8920238188976377
0
LINE
8
F.Silkscreen
6
CONTINUOUS
10
4.0168486614173231
20
-1.8920238188976377
11
4.0244409055118107
21
-1.8865077559055117
0
LINE
8
F.Silkscreen
6
CONTINUOUS
10
4.0244409055118107
20
-1.8865077559055117
11
4.032802559055118
21
-1.8822472834645669
0
LINE
8
F.Silkscreen
6
CONTINUOUS
10
4.032802559055118
20
-1.8822472834645669
11
4.0417277559055114
21
-1.8793472834645668
0
LINE
8
F.Silkscreen
6
CONTINUOUS
10
4.0417277559055114
20
-1.8793472834645668
11
4.0509967322834646
21
-1.8778792519685039
0
LINE
8
F.Silkscreen
6
CONTINUOUS
10
4.0509967322834646
20
-1.8778792519685039
11
4.0603812204724408
21
-1.8778792519685039
0
LINE
8
F.Silkscreen
6
CONTINUOUS
10
4.0603812204724408
20
-1.8778792519685039
11
4.069650196850394
21
-1.8793472834645668
0
LINE
8
F.Silkscreen
6
CONTINUOUS
10
3.9973838582677166
20
-1.9420887007874015
11
3.9988195275590552
21
-1.9511531496062993
0
LINE
8
F.Silkscreen
6
CONTINUOUS
10
3.9988195275590552
20
-1.9511531496062993
11
4.0016555118110233
21
-1.959881377952756
0
LINE
8
F.Silkscreen
6
CONTINUOUS
10
4.0016555118110233
20
-1.959881377952756
11
4.0058219685039367
21
-1.9680585433070865
0
LINE
8
F.Silkscreen
6
CONTINUOUS
10
4.0058219685039367
20
-1.9680585433070865
11
4.0112163385826767
21
-1.9754832283464567
0
LINE
8
F.Silkscreen
6
CONTINUOUS
10
4.0112163385826767
20
-1.9754832283464567
11
4.0177057480314957
21
-1.9819726377952755
0
LINE
8
F.Silkscreen
6
CONTINUOUS
10
4.0177057480314957
20
-1.9819726377952755
11
4.0251304330708662
21
-1.9873670078740158
0
LINE
8
F.Silkscreen
6
CONTINUOUS
10
4.0251304330708662
20
-1.9873670078740158
11
4.0333075984251971
21
-1.9915334645669291
0
LINE
8
F.Silkscreen
6
CONTINUOUS
10
4.0333075984251971
20
-1.9915334645669291
11
4.0420358267716532
21
-1.9943694488188977
0
LINE
8
F.Silkscreen
6
CONTINUOUS
10
4.0420358267716532
20
-1.9943694488188977
11
4.0511002755905512
21
-1.9958051181102361
0
LINE
8
F.Silkscreen
6
CONTINUOUS
10
4.0511002755905512
20
-1.9958051181102361
11
4.0602776771653541
21
-1.9958051181102361
0
LINE
8
F.Silkscreen
6
CONTINUOUS
10
4.0602776771653541
20
-1.9958051181102361
11
4.0693421259842522
21
-1.9943694488188977
0
LINE
8
F.Silkscreen
6
CONTINUOUS
10
4.0693421259842522
20
-1.9943694488188977
11
4.0780703543307082
21
-1.9915334645669291
0
LINE
8
F.Silkscreen
6
CONTINUOUS
10
4.0780703543307082
20
-1.9915334645669291
11
4.0862475196850392
21
-1.9873670078740158
0
LINE
8
F.Silkscreen
6
CONTINUOUS
10
4.0862475196850392
20
-1.9873670078740158
11
4.0936722047244096
21
-1.9819726377952755
0
LINE
8
F.Silkscreen
6
CONTINUOUS
10
4.0936722047244096
20
-1.9819726377952755
11
4.1001616141732287
21
-1.9754832283464567
0
LINE
8
F.Silkscreen
6
CONTINUOUS
10
4.1001616141732287
20
-1.9754832283464567
11
4.1055559842519687
21
-1.9680585433070865
0
LINE
8
F.Silkscreen
6
CONTINUOUS
10
4.1055559842519687
20
-1.9680585433070865
11
4.109722440944882
21
-1.959881377952756
0
LINE
8
F.Silkscreen
6
CONTINUOUS
10
4.109722440944882
20
-1.959881377952756
11
4.1125584251968501
21
-1.9511531496062993
0
LINE
8
F.Silkscreen
6
CONTINUOUS
10
4.1125584251968501
20
-1.9511531496062993
11
4.1139940944881888
21
-1.9420887007874015
0
LINE
8
F.Silkscreen
6
CONTINUOUS
10
4.1139940944881888
20
-1.9420887007874015
11
4.1139940944881888
21
-1.9329112992125983
0
LINE
8
F.Silkscreen
6
CONTINUOUS
10
4.1139940944881888
20
-1.9329112992125983
11
4.1125584251968501
21
-1.9238468503937007
0
LINE
8
F.Silkscreen
6
CONTINUOUS
10
4.1125584251968501
20
-1.9238468503937007
11
4.109722440944882
21
-1.915118622047244
0
LINE
8
F.Silkscreen
6
CONTINUOUS
10
4.109722440944882
20
-1.915118622047244
11
4.1055559842519687
21
-1.9069414566929133
0
LINE
8
F.Silkscreen
6
CONTINUOUS
10
4.1055559842519687
20
-1.9069414566929133
11
4.1001616141732287
21
-1.8995167716535433
0
LINE
8
F.Silkscreen
6
CONTINUOUS
10
4.1001616141732287
20
-1.8995167716535433
11
4.0936722047244096
21
-1.8930273622047245
0
LINE
8
F.Silkscreen
6
CONTINUOUS
10
4.0936722047244096
20
-1.8930273622047245
11
4.0862475196850392
21
-1.8876329921259842
0
LINE
8
F.Silkscreen
6
CONTINUOUS
10
4.0862475196850392
20
-1.8876329921259842
11
4.0780703543307082
21
-1.8834665354330709
0
LINE
8
F.Silkscreen
6
CONTINUOUS
10
4.0780703543307082
20
-1.8834665354330709
11
4.0693421259842522
21
-1.8806305511811023
0
LINE
8
F.Silkscreen
6
CONTINUOUS
10
4.0693421259842522
20
-1.8806305511811023
11
4.0602776771653541
21
-1.8791948818897637
0
LINE
8
F.Silkscreen
6
CONTINUOUS
10
4.0602776771653541
20
-1.8791948818897637
11
4.0511002755905512
21
-1.8791948818897637
0
LINE
8
F.Silkscreen
6
CONTINUOUS
10
4.0511002755905512
20
-1.8791948818897637
11
4.0420358267716532
21
-1.8806305511811023
0
LINE
8
F.Silkscreen
6
CONTINUOUS
10
4.0420358267716532
20
-1.8806305511811023
11
4.0333075984251971
21
-1.8834665354330709
0
LINE
8
F.Silkscreen
6
CONTINUOUS
10
4.0333075984251971
20
-1.8834665354330709
11
4.0251304330708662
21
-1.8876329921259842
0
LINE
8
F.Silkscreen
6
CONTINUOUS
10
4.0251304330708662
20
-1.8876329921259842
11
4.0177057480314957
21
-1.8930273622047245
0
LINE
8
F.Silkscreen
6
CONTINUOUS
10
4.0177057480314957
20
-1.8930273622047245
11
4.0112163385826767
21
-1.8995167716535433
0
LINE
8
F.Silkscreen
6
CONTINUOUS
10
4.0112163385826767
20
-1.8995167716535433
11
4.0058219685039367
21
-1.9069414566929133
0
LINE
8
F.Silkscreen
6
CONTINUOUS
10
4.0058219685039367
20
-1.9069414566929133
11
4.0016555118110233
21
-1.915118622047244
0
LINE
8
F.Silkscreen
6
CONTINUOUS
10
4.0016555118110233
20
-1.915118622047244
11
3.9988195275590552
21
-1.9238468503937007
0
LINE
8
F.Silkscreen
6
CONTINUOUS
10
3.9988195275590552
20
-1.9238468503937007
11
3.9973838582677166
21
-1.9329112992125983
0
LINE
8
F.Silkscreen
6
CONTINUOUS
10
3.9973838582677166
20
-1.9329112992125983
11
3.9973838582677166
21
-1.9420887007874015
0
LINE
8
F.Silkscreen
6
CONTINUOUS
10
5.0646501968503932
20
-1.8793472834645668
11
5.0735753937007875
21
-1.8822472834645669
0
LINE
8
F.Silkscreen
6
CONTINUOUS
10
5.0735753937007875
20
-1.8822472834645669
11
5.0819370472440948
21
-1.8865077559055117
0
LINE
8
F.Silkscreen
6
CONTINUOUS
10
5.0819370472440948
20
-1.8865077559055117
11
5.0895292913385823
21
-1.8920238188976377
0
LINE
8
F.Silkscreen
6
CONTINUOUS
10
5.0895292913385823
20
-1.8920238188976377
11
5.0961651574803151
21
-1.89865968503937
0
LINE
8
F.Silkscreen
6
CONTINUOUS
10
5.0961651574803151
20
-1.89865968503937
11
5.1016812204724404
21
-1.9062519291338582
0
LINE
8
F.Silkscreen
6
CONTINUOUS
10
5.1016812204724404
20
-1.9062519291338582
11
5.1059416929133858
21
-1.9146135826771653
0
LINE
8
F.Silkscreen
6
CONTINUOUS
10
5.1059416929133858
20
-1.9146135826771653
11
5.1088416929133853
21
-1.9235387795275589
0
LINE
8
F.Silkscreen
6
CONTINUOUS
10
5.1088416929133853
20
-1.9235387795275589
11
5.1103097244094489
21
-1.9328077559055117
0
LINE
8
F.Silkscreen
6
CONTINUOUS
10
5.1103097244094489
20
-1.9328077559055117
11
5.1103097244094489
21
-1.9421922440944881
0
LINE
8
F.Silkscreen
6
CONTINUOUS
10
5.1103097244094489
20
-1.9421922440944881
11
5.1088416929133853
21
-1.9514612204724409
0
LINE
8
F.Silkscreen
6
CONTINUOUS
10
5.1088416929133853
20
-1.9514612204724409
11
5.1059416929133858
21
-1.9603864173228347
0
LINE
8
F.Silkscreen
6
CONTINUOUS
10
5.1059416929133858
20
-1.9603864173228347
11
5.1016812204724404
21
-1.9687480708661418
0
LINE
8
F.Silkscreen
6
CONTINUOUS
10
5.1016812204724404
20
-1.9687480708661418
11
5.0961651574803151
21
-1.9763403149606298
0
LINE
8
F.Silkscreen
6
CONTINUOUS
10
5.0961651574803151
20
-1.9763403149606298
11
5.0895292913385823
21
-1.9829761811023621
0
LINE
8
F.Silkscreen
6
CONTINUOUS
10
5.0895292913385823
20
-1.9829761811023621
11
5.0819370472440948
21
-1.9884922440944881
0
LINE
8
F.Silkscreen
6
CONTINUOUS
10
5.0819370472440948
20
-1.9884922440944881
11
5.0735753937007875
21
-1.9927527165354331
0
LINE
8
F.Silkscreen
6
CONTINUOUS
10
5.0735753937007875
20
-1.9927527165354331
11
5.0646501968503932
21
-1.995652716535433
0
LINE
8
F.Silkscreen
6
CONTINUOUS
10
5.0646501968503932
20
-1.995652716535433
11
5.0553812204724409
21
-1.9971207480314961
0
LINE
8
F.Silkscreen
6
CONTINUOUS
10
5.0553812204724409
20
-1.9971207480314961
11
5.0459967322834647
21
-1.9971207480314961
0
LINE
8
F.Silkscreen
6
CONTINUOUS
10
5.0459967322834647
20
-1.9971207480314961
11
5.0367277559055115
21
-1.995652716535433
0
LINE
8
F.Silkscreen
6
CONTINUOUS
10
5.0367277559055115
20
-1.995652716535433
11
5.0278025590551181
21
-1.9927527165354331
0
LINE
8
F.Silkscreen
6
CONTINUOUS
10
5.0278025590551181
20
-1.9927527165354331
11
5.0194409055118108
21
-1.9884922440944881
0
LINE
8
F.Silkscreen
6
CONTINUOUS
10
5.0194409055118108
20
-1.9884922440944881
11
5.0118486614173223
21
-1.9829761811023621
0
LINE
8
F.Silkscreen
6
CONTINUOUS
10
5.0118486614173223
20
-1.9829761811023621
11
5.0052127952755905
21
-1.9763403149606298
0
LINE
8
F.Silkscreen
6
CONTINUOUS
10
5.0052127952755905
20
-1.9763403149606298
11
4.9996967322834642
21
-1.9687480708661418
0
LINE
8
F.Silkscreen
6
CONTINUOUS
10
4.9996967322834642
20
-1.9687480708661418
11
4.9954362598425197
21
-1.9603864173228347
0
LINE
8
F.Silkscreen
6
CONTINUOUS
10
4.9954362598425197
20
-1.9603864173228347
11
4.9925362598425194
21
-1.9514612204724409
0
LINE
8
F.Silkscreen
6
CONTINUOUS
10
4.9925362598425194
20
-1.9514612204724409
11
4.9910682283464567
21
-1.9421922440944881
0
LINE
8
F.Silkscreen
6
CONTINUOUS
10
4.9910682283464567
20
-1.9421922440944881
11
4.9910682283464567
21
-1.9329112992125983
0
LINE
8
F.Silkscreen
6
CONTINUOUS
10
4.9910682283464567
20
-1.9329112992125983
11
4.9910682283464567
21
-1.9328077559055117
0
LINE
8
F.Silkscreen
6
CONTINUOUS
10
4.9910682283464567
20
-1.9328077559055117
11
4.9925362598425194
21
-1.9235387795275589
0
LINE
8
F.Silkscreen
6
CONTINUOUS
10
4.9925362598425194
20
-1.9235387795275589
11
4.9954362598425197
21
-1.9146135826771653
0
LINE
8
F.Silkscreen
6
CONTINUOUS
10
4.9954362598425197
20
-1.9146135826771653
11
4.9996967322834642
21
-1.9062519291338582
0
LINE
8
F.Silkscreen
6
CONTINUOUS
10
4.9996967322834642
20
-1.9062519291338582
11
5.0052127952755905
21
-1.89865968503937
0
LINE
8
F.Silkscreen
6
CONTINUOUS
10
5.0052127952755905
20
-1.89865968503937
11
5.0118486614173223
21
-1.8920238188976377
0
LINE
8
F.Silkscreen
6
CONTINUOUS
10
5.0118486614173223
20
-1.8920238188976377
11
5.0194409055118108
21
-1.8865077559055117
0
LINE
8
F.Silkscreen
6
CONTINUOUS
10
5.0194409055118108
20
-1.8865077559055117
11
5.0278025590551181
21
-1.8822472834645669
0
LINE
8
F.Silkscreen
6
CONTINUOUS
10
5.0278025590551181
20
-1.8822472834645669
11
5.0367277559055115
21
-1.8793472834645668
0
LINE
8
F.Silkscreen
6
CONTINUOUS
10
5.0367277559055115
20
-1.8793472834645668
11
5.0459967322834647
21
-1.8778792519685039
0
LINE
8
F.Silkscreen
6
CONTINUOUS
10
5.0459967322834647
20
-1.8778792519685039
11
5.0553812204724409
21
-1.8778792519685039
0
LINE
8
F.Silkscreen
6
CONTINUOUS
10
5.0553812204724409
20
-1.8778792519685039
11
5.0646501968503932
21
-1.8793472834645668
0
LINE
8
F.Silkscreen
6
CONTINUOUS
10
4.9923838582677167
20
-1.9420887007874015
11
4.9938195275590553
21
-1.9511531496062993
0
LINE
8
F.Silkscreen
6
CONTINUOUS
10
4.9938195275590553
20
-1.9511531496062993
11
4.9966555118110234
21
-1.959881377952756
0
LINE
8
F.Silkscreen
6
CONTINUOUS
10
4.9966555118110234
20
-1.959881377952756
11
5.0008219685039368
21
-1.9680585433070865
0
LINE
8
F.Silkscreen
6
CONTINUOUS
10
5.0008219685039368
20
-1.9680585433070865
11
5.0062163385826768
21
-1.9754832283464567
0
LINE
8
F.Silkscreen
6
CONTINUOUS
10
5.0062163385826768
20
-1.9754832283464567
11
5.0127057480314958
21
-1.9819726377952755
0
LINE
8
F.Silkscreen
6
CONTINUOUS
10
5.0127057480314958
20
-1.9819726377952755
11
5.0201304330708663
21
-1.9873670078740158
0
LINE
8
F.Silkscreen
6
CONTINUOUS
10
5.0201304330708663
20
-1.9873670078740158
11
5.0283075984251964
21
-1.9915334645669291
0
LINE
8
F.Silkscreen
6
CONTINUOUS
10
5.0283075984251964
20
-1.9915334645669291
11
5.0370358267716533
21
-1.9943694488188977
0
LINE
8
F.Silkscreen
6
CONTINUOUS
10
5.0370358267716533
20
-1.9943694488188977
11
5.0461002755905513
21
-1.9958051181102361
0
LINE
8
F.Silkscreen
6
CONTINUOUS
10
5.0461002755905513
20
-1.9958051181102361
11
5.0552776771653543
21
-1.9958051181102361
0
LINE
8
F.Silkscreen
6
CONTINUOUS
10
5.0552776771653543
20
-1.9958051181102361
11
5.0643421259842523
21
-1.9943694488188977
0
LINE
8
F.Silkscreen
6
CONTINUOUS
10
5.0643421259842523
20
-1.9943694488188977
11
5.0730703543307083
21
-1.9915334645669291
0
LINE
8
F.Silkscreen
6
CONTINUOUS
10
5.0730703543307083
20
-1.9915334645669291
11
5.0812475196850393
21
-1.9873670078740158
0
LINE
8
F.Silkscreen
6
CONTINUOUS
10
5.0812475196850393
20
-1.9873670078740158
11
5.0886722047244097
21
-1.9819726377952755
0
LINE
8
F.Silkscreen
6
CONTINUOUS
10
5.0886722047244097
20
-1.9819726377952755
11
5.0951616141732279
21
-1.9754832283464567
0
LINE
8
F.Silkscreen
6
CONTINUOUS
10
5.0951616141732279
20
-1.9754832283464567
11
5.1005559842519688
21
-1.9680585433070865
0
LINE
8
F.Silkscreen
6
CONTINUOUS
10
5.1005559842519688
20
-1.9680585433070865
11
5.1047224409448821
21
-1.959881377952756
0
LINE
8
F.Silkscreen
6
CONTINUOUS
10
5.1047224409448821
20
-1.959881377952756
11
5.1075584251968502
21
-1.9511531496062993
0
LINE
8
F.Silkscreen
6
CONTINUOUS
10
5.1075584251968502
20
-1.9511531496062993
11
5.1089940944881889
21
-1.9420887007874015
0
LINE
8
F.Silkscreen
6
CONTINUOUS
10
5.1089940944881889
20
-1.9420887007874015
11
5.1089940944881889
21
-1.9329112992125983
0
LINE
8
F.Silkscreen
6
CONTINUOUS
10
5.1089940944881889
20
-1.9329112992125983
11
5.1075584251968502
21
-1.9238468503937007
0
LINE
8
F.Silkscreen
6
CONTINUOUS
10
5.1075584251968502
20
-1.9238468503937007
11
5.1047224409448821
21
-1.915118622047244
0
LINE
8
F.Silkscreen
6
CONTINUOUS
10
5.1047224409448821
20
-1.915118622047244
11
5.1005559842519688
21
-1.9069414566929133
0
LINE
8
F.Silkscreen
6
CONTINUOUS
10
5.1005559842519688
20
-1.9069414566929133
11
5.0951616141732279
21
-1.8995167716535433
0
LINE
8
F.Silkscreen
6
CONTINUOUS
10
5.0951616141732279
20
-1.8995167716535433
11
5.0886722047244097
21
-1.8930273622047245
0
LINE
8
F.Silkscreen
6
CONTINUOUS
10
5.0886722047244097
20
-1.8930273622047245
11
5.0812475196850393
21
-1.8876329921259842
0
LINE
8
F.Silkscreen
6
CONTINUOUS
10
5.0812475196850393
20
-1.8876329921259842
11
5.0730703543307083
21
-1.8834665354330709
0
LINE
8
F.Silkscreen
6
CONTINUOUS
10
5.0730703543307083
20
-1.8834665354330709
11
5.0643421259842523
21
-1.8806305511811023
0
LINE
8
F.Silkscreen
6
CONTINUOUS
10
5.0643421259842523
20
-1.8806305511811023
11
5.0552776771653543
21
-1.8791948818897637
0
LINE
8
F.Silkscreen
6
CONTINUOUS
10
5.0552776771653543
20
-1.8791948818897637
11
5.0461002755905513
21
-1.8791948818897637
0
LINE
8
F.Silkscreen
6
CONTINUOUS
10
5.0461002755905513
20
-1.8791948818897637
11
5.0370358267716533
21
-1.8806305511811023
0
LINE
8
F.Silkscreen
6
CONTINUOUS
10
5.0370358267716533
20
-1.8806305511811023
11
5.0283075984251964
21
-1.8834665354330709
0
LINE
8
F.Silkscreen
6
CONTINUOUS
10
5.0283075984251964
20
-1.8834665354330709
11
5.0201304330708663
21
-1.8876329921259842
0
LINE
8
F.Silkscreen
6
CONTINUOUS
10
5.0201304330708663
20
-1.8876329921259842
11
5.0127057480314958
21
-1.8930273622047245
0
LINE
8
F.Silkscreen
6
CONTINUOUS
10
5.0127057480314958
20
-1.8930273622047245
11
5.0062163385826768
21
-1.8995167716535433
0
LINE
8
F.Silkscreen
6
CONTINUOUS
10
5.0062163385826768
20
-1.8995167716535433
11
5.0008219685039368
21
-1.9069414566929133
0
LINE
8
F.Silkscreen
6
CONTINUOUS
10
5.0008219685039368
20
-1.9069414566929133
11
4.9966555118110234
21
-1.915118622047244
0
LINE
8
F.Silkscreen
6
CONTINUOUS
10
4.9966555118110234
20
-1.915118622047244
11
4.9938195275590553
21
-1.9238468503937007
0
LINE
8
F.Silkscreen
6
CONTINUOUS
10
4.9938195275590553
20
-1.9238468503937007
11
4.9923838582677167
21
-1.9329112992125983
0
LINE
8
F.Silkscreen
6
CONTINUOUS
10
4.9923838582677167
20
-1.9329112992125983
11
4.9923838582677167
21
-1.9420887007874015
0
LINE
8
F.Silkscreen
6
CONTINUOUS
10
5.5352279527559052
20
-1.8029488188976377
11
5.5356338582677163
21
-1.8033547244094488
0
LINE
8
F.Silkscreen
6
CONTINUOUS
10
5.5356338582677163
20
-1.8033547244094488
11
5.5356909448818898
21
-1.8036417322834646
0
LINE
8
F.Silkscreen
6
CONTINUOUS
10
5.5356909448818898
20
-1.8036417322834646
11
5.5356909448818898
21
-5.7800196850393704
0
LINE
8
F.Silkscreen
6
CONTINUOUS
10
5.5356909448818898
20
-5.7800196850393704
11
5.5356338582677163
21
-5.7803066929133857
0
LINE
8
F.Silkscreen
6
CONTINUOUS
10
5.5356338582677163
20
-5.7803066929133857
11
5.5352279527559052
21
-5.7807125984251968
0
LINE
8
F.Silkscreen
6
CONTINUOUS
10
5.5352279527559052
20
-5.7807125984251968
11
5.5349409448818898
21
-5.7807696850393704
0
LINE
8
F.Silkscreen
6
CONTINUOUS
10
5.5349409448818898
20
-5.7807696850393704
11
3.5664370078740157
21
-5.7807696850393704
0
LINE
8
F.Silkscreen
6
CONTINUOUS
10
3.5664370078740157
20
-5.7807696850393704
11
3.5661499999999999
21
-5.7807125984251968
0
LINE
8
F.Silkscreen
6
CONTINUOUS
10
3.5661499999999999
20
-5.7807125984251968
11
3.5657440944881889
21
-5.7803066929133857
0
LINE
8
F.Silkscreen
6
CONTINUOUS
10
3.5657440944881889
20
-5.7803066929133857
11
3.5656870078740157
21
-5.7800196850393704
0
LINE
8
F.Silkscreen
6
CONTINUOUS
10
3.5656870078740157
20
-5.7800196850393704
11
3.5656870078740157
21
-1.8036417322834646
0
LINE
8
F.Silkscreen
6
CONTINUOUS
10
3.5656870078740157
20
-1.8036417322834646
11
3.5657440944881889
21
-1.8033547244094488
0
LINE
8
F.Silkscreen
6
CONTINUOUS
10
3.5657440944881889
20
-1.8033547244094488
11
3.5661499999999999
21
-1.8029488188976377
0
LINE
8
F.Silkscreen
6
CONTINUOUS
10
3.5661499999999999
20
-1.8029488188976377
11
3.5664370078740157
21
-1.8028917322834646
0
LINE
8
F.Silkscreen
6
CONTINUOUS
10
3.5664370078740157
20
-1.8028917322834646
11
5.5349409448818898
21
-1.8028917322834646
0
LINE
8
F.Silkscreen
6
CONTINUOUS
10
5.5349409448818898
20
-1.8028917322834646
11
5.5352279527559052
21
-1.8029488188976377
0
LINE
8
F.Silkscreen
6
CONTINUOUS
10
3.5671870078740158
20
-1.8043917322834646
11
3.5671870078740158
21
-5.7792696850393703
0
LINE
8
F.Silkscreen
6
CONTINUOUS
10
3.5671870078740158
20
-5.7792696850393703
11
5.5341909448818898
21
-5.7792696850393703
0
LINE
8
F.Silkscreen
6
CONTINUOUS
10
5.5341909448818898
20
-5.7792696850393703
11
5.5341909448818898
21
-1.8043917322834646
0
LINE
8
F.Silkscreen
6
CONTINUOUS
10
5.5341909448818898
20
-1.8043917322834646
11
3.5671870078740158
21
-1.8043917322834646
  0
ENDSEC
  0
EOF
